日付,開催,天気,R,レース名,映像,頭数,枠番,馬番,オッズ,人気,着順,騎手,斤量,距離,馬場,馬場指数,タイム,着差,ﾀｲﾑ指数,通過,ペース,上り,馬体重,厩舎ｺﾒﾝﾄ,備考,勝ち馬(2着馬),賞金
2018/02/11,高知,晴,9,Aー3, ,10,7,8,10.2,3,2,西川敏弘,54,ダ1400,不, ,1:31.5,0.5, ,1-1-1-1, ,40.4,473(-2), , ,キシュウマイウェイ,15.0
2018/02/04,高知,晴,9,Aー3, ,8,2,2,2.7,1,4,永森大智,54,ダ1300,重,**,1:27.3,1.0,**,1-1-1-2, ,42.2,475(-3), , ,グレイスフルデイズ,6.0
2018/01/28,高知,曇,11,ベラトリックス特別, ,11,6,6,10.5,6,8,松木大地,55,ダ1400,重,**,1:33.7,2.0,**,4-4-5-9, ,42.5,478(+3), , ,ハルノフェスタ, 
2018/01/16,高知,晴,11,新荘川特別, ,10,2,2,1.7,1,2,永森大智,54,ダ1400,重,**,1:32.5,0.1,**,1-1-1-1, ,40.8,475(0), , ,グレイスフルデイズ,15.0
2018/01/01,高知,晴,8,初夢特別, ,11,6,6,2.2,1,3,永森大智,54,ダ1400,重,**,1:32.8,1.3,**,1-1-1-3, ,41.4,475(+1), , ,ギンパリ,12.0
2017/12/19,高知,晴,11,五台山特別, ,9,7,9,1.8,1,1,永森大智,54,ダ1400,稍,**,1:33.3,-0.2,**,1-1-1-1, ,41.4,474(0), , ,(サトノキングリー),60.0
2017/12/12,高知,曇,11,安芸川特別, ,9,5,5,9.7,3,2,永森大智,54,ダ1600,重,**,1:47.8,0.6,**,1-1-1-2, ,41.5,474(-7), , ,ティアップリバティ,15.0
2017/12/02,高知,晴,10,Bー3, ,10,8,10,2.4,1,2,永森大智,54,ダ1600,重,**,1:46.2,0.1,**,1-1-1-1, ,41.5,481(+5), , ,サピド,12.5
2017/11/12,高知,晴,10,谷やん誕生前夜祭特別, ,11,4,4,1.2,1,1,永森大智,54,ダ1300,稍,**,1:25.1,-0.1,**,2-2-2-2, ,40.4,476(-6), , ,(バーントシェンナ),40.0
2017/10/29,高知,晴,11,池公園特別, ,10,6,6,2.2,1,6,永森大智,54,ダ1600,不,**,1:45.3,1.3,**,2-2-3-4, ,41.3,482(+5), , ,ギンパリ, 
2017/10/15,高知,雨,6,岡村一真誕生特別, ,10,8,9,1.2,1,1,永森大智,54,ダ1400,不,**,1:30.1,-0.4,**,1-1-1-1, ,39.1,477(0), , ,(エイシンドルチェ),40.0
2017/09/30,高知,晴,9,C2ー2, ,12,7,10,1.3,1,1,永森大智,54,ダ1400,重,**,1:31.3,-0.7,**,1-1-1-1, ,40.2,477(+4), , ,(エイダイサンデー),30.0
2017/09/17,高知,雨,4,いちじく特別, ,0,6,7, , ,,永森大智,54,ダ1400,不,**, , ,**, , , ,474(+1), , , , 
2017/09/02,高知,晴,11,残暑特別, ,10,8,11,1.1,1,1,永森大智,54,ダ1300,良,**,1:24.6,-0.7,**,1-1-1-1, ,40.2,473(+1), , ,(アンリエット),40.0
2017/08/20,高知,晴,4,夢の高知競馬特別, ,11,6,7,1.1,1,1,永森大智,54,ダ1400,稍,**,1:31.0,-1.8,**,1-1-1-1, ,39.3,472(-4), , ,(メイショウインロウ),30.0
2017/08/06,高知,雨,3,C3ー2, ,12,2,2,1.3,1,1,永森大智,54,ダ1400,不,**,1:31.4,-0.5,**,2-2-2-1, ,40.8,476(+14), , ,(リュウノショコラ),20.0
2017/07/08,2福島3,晴,8,3歳上500万下,,16,6,12,223.8,15,16,菊沢一樹,52,ダ1150,良,**,1:11.9,3.0,**,11-12,31.4-37.5,39.6,462(+4),, ,リンガスウーノ, 
2017/01/29,1東京2,晴,6,4歳上500万下,,16,5,10,62.0,11,13,山本聡哉,54,ダ1400,良,**,1:29.2,3.8,**,11-14,35.4-37.3,40.3,458(-9),, ,スレッジハンマー, 
2016/11/22,高知,晴,10,ひいらぎ特別, ,9,6,6,1.3,1,1,永森大智,54,ダ1400,不,**,1:30.4,-0.2,**,1-1-1-1, ,39.6,467(-1), , ,(カフジホーク),16.0
2016/11/06,高知,曇,7,ポインセチア特別, ,10,1,1,1.3,1,1,永森大智,54,ダ1300,重,**,1:24.6,-1.4,**,1-1-1-1, ,40.5,468(+7), , ,(マイネルシュタット),16.0
2016/10/15,高知,晴,6,C3ー9, ,12,2,2,1.0,1,1,永森大智,54,ダ1300,稍,**,1:26.2,-1.6,**,1-1-1-1, ,40.2,461(+2), , ,(レイシ),14.0
2016/10/02,高知,晴,5,3歳ー3, ,9,8,8,1.0,1,1,永森大智,54,ダ1300,不,**,1:24.2,-1.1,**,1-1-1-1, ,39.9,459(-4), , ,(クインズネプチュン),14.0
2016/09/11,高知,晴,3,3歳ー5, ,12,2,2,1.7,1,1,永森大智,54,ダ1300,良,**,1:25.4,-2.4,**,1-1-1-1, ,40.4,463(+1), , ,(ループドライブ),14.0
2016/08/21,2新潟8,晴,2,3歳未勝利,,15,2,3,269.4,15,11,嘉藤貴行,54,ダ1200,良,**,1:13.8,3.2,**,5-5,34.0-36.6,39.2,462(-2),, ,ゴールドフォレスト, 
2016/06/11,3東京3,晴,3,3歳未勝利,,16,3,6,114.9,10,16,嘉藤貴行,54,ダ1400,良,**,1:29.2,3.2,**,7-8,35.8-37.4,39.7,464(0),, ,サノノカガヤキ, 
2016/05/07,2東京5,晴,1,3歳未勝利,,16,8,16,319.5,16,9,嘉藤貴行,54,ダ1400,良,**,1:27.8,1.9,**,3-4,36.3-37.4,38.9,464(+4),,,ジョリガーニャント, 
2016/02/21,1小倉4,晴,1,3歳未勝利,,16,6,12,98.8,13,14,黛弘人,54,ダ1700,不,**,1:49.6,3.1,**,2-2-5-9,29.5-38.4,40.9,460(-2),, ,エテルナミノル, 
2015/12/06,5中山2,晴,4,2歳未勝利,,16,7,14,158.5,14,14,丸山元気,54,芝1800,良,**,1:52.1,3.0,**,7-6-6-7,37.0-36.3,38.7,462(0),, ,フロンテアクイーン, 
2015/08/09,2新潟4,晴,5,2歳新馬,,12,7,10,70.4,11,7,蛯名正義,54,芝1800,良,**,1:51.3,1.5,**,1-1,37.5-33.0,34.5,462(0),, ,イモータル, 
日付,開催,天気,R,レース名,映像,頭数,枠番,馬番,オッズ,人気,着順,騎手,斤量,距離,馬場,馬場指数,タイム,着差,ﾀｲﾑ指数,通過,ペース,上り,馬体重,厩舎ｺﾒﾝﾄ,備考,勝ち馬(2着馬),賞金
2017/10/10,川崎,晴,8,C1五　六, ,12,7,9,26.6,9,10,山崎誠士,56,ダ1500,稍,**,1:39.3,1.6,**,3-4-1-5,30.5-40.3,41.7,482(-2), , ,コスモフリーザー, 
2017/09/07,川崎,曇,7,C1五　六, ,10,1,1,7.1,3,6,張田昂,56,ダ1500,重,**,1:40.9,2.4,**,7-6-9-7,31.0-40.4,42.0,484(+3), , ,サンローズ, 
2017/08/22,川崎,曇,7,C1六　七, ,12,6,7,52.0,10,4,張田昂,56,ダ1500,稍,**,1:37.3,0.9,**,3-3-3-3,30.5-40.2,40.7,481(+2), , ,サンドバレエ,16.8
2017/08/02,川崎,曇,6,C1七　八, ,11,8,10,9.7,5,8,桜井光輔,54,ダ1400,不,**,1:35.5,1.7,**,6-6-6-7,38.5-42.8,43.7,479(0), , ,シナノクリス, 
2017/07/04,川崎,曇,7,高橋正嘉ウーロン杯, ,11,7,9,50.5,8,5,桜井光輔,53,ダ1400,良,**,1:31.7,1.5,**,7-7-7-5,38.1-40.2,40.5,479(+3), , ,アリゲイター,14.4
2017/06/15,川崎,晴,6,C1五　六, ,11,8,12,27.5,7,9,桜井光輔,53,ダ1400,稍,**,1:34.9,2.6,**,4-4-4-4,38.2-41.4,43.3,476(+2), , ,ティフォージ, 
2017/05/30,浦和,晴,9,足袋蔵のまち行田賞, ,12,6,8,129.9,11,10,田中涼,56,ダ1500,良,**,1:39.3,2.2,**,8-8-7-9,31.1-39.6,41.0,474(0), , ,プリサイスサンデー, 
2017/01/01,川崎,晴,10,初日の出特別, ,13,5,7,74.6,11,9,中野省吾,56,ダ1500,良,**,1:37.9,2.1,**,8-8-7-7,30.1-40.5,40.6,474(-9), , ,ピットブル, 
2016/12/16,川崎,晴,7,マッシュルーム記念, ,10,3,3,186.2,10,10,中野省吾,56,ダ1400,重,**,1:34.4,2.3,**,6-5-6-5,39.0-40.9,42.3,483(+9), , ,シゲルオニカマス, 
2016/11/03,川崎,晴,8,よみうりランドジュエ, ,10,6,6,28.6,7,7,中野省吾,56,ダ1400,重,**,1:34.8,2.7,**,9-9-9-7,38.6-41.0,42.0,474(-11), , ,ティアップサンダー, 
2016/10/21,浦和,晴,10,川越藩のお蔵米記念, ,10,6,6,29.4,6,10,中野省吾,56,ダ1600,良,**,1:45.9,2.9,**,5-6-6-6,39.1-38.3,40.6,485(+1), , ,ダークダイナミック, 
2016/10/03,川崎,雨,8,稲村ヶ崎特別, ,9,1,1,24.9,7,7,中野省吾,56,ダ1600,稍,**,1:47.1,1.3,**,5-5-6-4,39.1-39.9,40.6,484(+10), , ,ゴールデンパピオン, 
2016/09/13,川崎,雨,12,いわし雲特別, ,11,8,11,18.2,7,10,中野省吾,56,ダ1500,不,**,1:41.1,3.6,**,5-4-5-5,31.6-39.0,42.3,474(-4), , ,ペプチドアポロ, 
2016/06/17,川崎,晴,7,司法書士法人静岡!新, ,9,1,1,10.4,5,1,中野省吾,56,ダ1600,稍,**,1:45.4,-0.1,**,6-6-6-5,36.8-42.7,41.2,478(0), , ,(ディアヴォーグ),120.0
2016/05/23,川崎,晴,8,矢車特別, ,8,1,1,11.7,5,6,中野省吾,56,ダ2000,良,**,2:13.5,2.2,**,5-5-5-3,38.7-38.7,40.4,478(-1), , ,ダテオトコ, 
2016/05/13,川崎,晴,9,クラシックジュニアカ, ,9,2,2,23.1,6,5,中野省吾,57,ダ1600,良,**,1:46.0,0.7,**,6-6-6-4,38.5-40.7,40.4,479(+7), , ,スカイルピナス,21.6
2016/04/29,浦和,晴,9,2016さいたまトリ, ,12,8,12,215.2,12,5,本田正重,56,ダ1400,稍,**,1:32.7,1.5,**,11-11-11-8,36.1-41.4,40.4,472(-8), , ,エドノキミツ,11.0
2016/03/30,川崎,曇,9,C1四, ,12,6,7,25.4,7,12,吉原寛人,56,ダ1400,良,**,1:34.1,1.9,**,10-10-11-11,39.6-40.3,40.6,480(-1), , ,ハイオンザリスト, 
2016/03/03,川崎,晴,7,C1三　四, ,12,5,6,49.8,10,11,Ｆ．ボッ,56,ダ1400,良,**,1:33.7,2.9,**,6-5-6-7,38.6-40.2,42.6,481(-2), , ,ジュリアン, 
2016/02/05,浦和,晴,10,越生野梅賞, ,12,3,3,8.1,5,12,本田正重,56,ダ1500,稍,**,1:41.4,3.9,**,4-5-8-12,30.0-40.2,43.3,483(+9), , ,ヒラボクボーノ, 
2015/07/24,川崎,曇,8,湘南江の島海の王子杯, ,8,6,6,5.1,3,1,瀧川寿希,56,ダ1600,良,**,1:45.4,-0.1,**,2-2-1-2,38.2-40.6,40.5,474(+6), , ,(サチノマリアージュ),180.0
2014/12/22,浦和,晴,7,新星特別, ,11,8,12,3.0,1,7,御神本訓,55,ダ1500,重,**,1:40.8,2.5,**,4-4-5-6,31.3-40.7,42.8,468(-4), , ,フラットライナーズ, 
2014/11/06,川崎,雨,6,秋桜特別, ,12,5,5,5.7,2,1,御神本訓,55,ダ1500,稍,**,1:36.9,-0.1,**,4-4-2-2,29.6-41.2,40.8,472(+1), , ,(ピンプルパンプル),230.0
2014/10/24,大井,晴,1,2歳　180万, ,14,3,4,8.8,2,4,御神本訓,55,ダ1200,不,**,1:13.7,0.9,**,5-4,34.9-37.9,38.1,471(+6), , ,フカクサコマチ,24.0
2014/10/15,川崎,雨,6,秋風特別, ,9,8,9,23.7,5,4,今野忠成,55,ダ1600,重,**,1:45.8,0.9,**,8-7-5-4,36.5-41.3,41.4,465(-3), , ,ジャジャウマナラシ,30.0
2014/09/05,川崎,晴,1,2歳3, ,9,3,3,1.4,1,2,御神本訓,54,ダ1400,良,**,1:33.9,0.4,**,4-4-4-3,38.9-42.3,42.0,468(+2), , ,オーラゼウス,45.0
2014/08/22,川崎,晴,2,スパーキングデビュー, ,9,8,9,18.7,5,3,今野忠成,54,ダ900,良,**,0:56.7,1.5,**,5-6,29.1-37.8,38.2,466(0), , ,ハーモニーウィル,45.0
日付,開催,天気,R,レース名,映像,頭数,枠番,馬番,オッズ,人気,着順,騎手,斤量,距離,馬場,馬場指数,タイム,着差,ﾀｲﾑ指数,通過,ペース,上り,馬体重,厩舎ｺﾒﾝﾄ,備考,勝ち馬(2着馬),賞金
2018/02/06,園田,晴,7,C2一, ,10,6,6,7.5,4,4,永島太郎,54,ダ1400,良,**,1:33.8,0.3,**,8-8-9-8, ,39.5,447(+8), , ,マヴィア,3.5
2018/01/11,園田,晴,8,C2一, ,10,3,3,4.9,2,5,永島太郎,54,ダ1400,重,**,1:32.7,0.6,**,7-8-6-7, ,40.4,439(+3), , ,マサタケゴールド,2.1
2017/12/21,園田,晴,6,C2一, ,10,6,6,6.6,3,8,吉村智洋,54,ダ1400,良,**,1:33.1,1.6,**,6-6-9-7, ,39.6,436(-2), , ,プンメリン, 
2017/12/05,園田,晴,9,C2一, ,10,6,6,6.2,3,2,永島太郎,54,ダ1400,良,**,1:33.0,0.2,**,6-6-3-3, ,40.8,438(-1), , ,ミラクルプリンス,8.4
2017/11/16,園田,晴,8,C2一, ,10,5,5,24.9,6,3,永島太郎,54,ダ1400,稍,**,1:31.8,0.3,**,8-8-2-2, ,38.9,439(-9), , ,クリデュクール,4.2
2017/10/31,園田,晴,12,C2一, ,9,8,8,6.2,5,2,永島太郎,54,ダ1400,稍,**,1:31.2,0.4,**,7-7-4-4, ,40.0,448(0), , ,レッドラーザム,8.4
2017/10/13,園田,曇,7,C2一, ,8,1,1,5.9,2,2,永島太郎,54,ダ1400,稍,**,1:32.5,0.5,**,5-4-4-2, ,39.3,448(0), , ,ナムラハンベエ,8.4
2017/08/31,園田,晴,6,C1二, ,12,6,8,22.6,4,5,永島太郎,54,ダ1230,良,**,1:20.9,0.5,**,10-10-9-8, ,38.6,448(+3), , ,ビッグディッパー,2.7
2017/08/16,園田,晴,11,C1, ,12,2,2,13.9,5,10,永島太郎,54,ダ1700,重,**,1:55.9,3.3,**,7-7-8-10, ,42.3,445(-4), , ,レーヌミラクル, 
2017/07/27,園田,曇,7,C1, ,12,7,9,25.4,8,8,永島太郎,54,ダ1400,良,**,1:31.6,1.0,**,12-12-12-11, ,39.5,449(+1), , ,エイシンイヒラニ, 
2017/06/23,園田,晴,8,3歳C1一, ,10,7,8,2.6,2,2,永島太郎,54,ダ1400,稍,**,1:31.8,0.1,**,8-8-4-2, ,40.4,448(0), , ,キモンズラブ,12.0
2017/06/01,園田,晴,9,3歳C1, ,12,3,3,1.3,1,3,永島太郎,54,ダ1400,良,**,1:32.5,1.0,**,8-9-5-2, ,40.7,448(-3), , ,トウキョウコール,6.0
2017/05/12,園田,曇,12,すいれん賞3歳C1, ,12,7,9,2.0,1,3,永島太郎,55,ダ1400,良,**,1:32.0,0.1,**,6-6-4-4, ,40.4,451(+2), , ,ミスミーチャン,6.0
2017/04/28,園田,晴,7,3歳C1, ,12,8,11,1.7,1,1,永島太郎,54,ダ1400,良,**,1:31.5,-1.3,**,8-8-3-1, ,39.8,449(+1), , ,(ヴィップディライト),50.0
2017/03/26,2中京6,小雨,1,3歳未勝利,,15,7,13,98.6,10,7,杉原誠人,54,ダ1800,稍,**,1:57.0,0.7,**,8-8-7-6,38.0-38.2,38.3,448(+4),, ,アルゴロオジエ, 
2017/03/11,2中京1,晴,4,3歳未勝利,,12,7,9,14.7,5,8,田辺裕信,54,ダ1800,良,**,1:58.7,1.7,**,12-12-10-10,38.8-38.3,38.9,444(-8),, ,テイエムアンムート, 
2017/02/05,1東京4,曇,3,3歳未勝利,,16,7,13,22.1,9,10,蛯名正義,54,ダ1600,良,**,1:41.4,1.5,**,14-14,36.9-36.7,37.2,452(+2),, ,ダイワエトワール, 
2016/12/10,4中京3,晴,1,2歳未勝利,,16,4,7,6.9,4,5,杉原誠人,54,ダ1800,良,**,1:57.9,2.8,**,11-11-11-10,37.7-38.8,39.8,450(-6),, ,サルサディオーネ,50.0
2016/11/12,5東京3,晴,1,2歳未勝利,,16,2,3,50.4,9,3,柴田善臣,54,ダ1600,重,**,1:38.5,0.7,**,9-7,35.5-37.1,37.2,456(0),, ,カーネリアン,130.0
2016/10/23,3新潟4,小雨,1,2歳未勝利,,15,6,10,57.4,10,5,杉原誠人,54,ダ1200,良,**,1:15.3,1.4,**,13-12,35.5-38.4,37.8,456(0),, ,イナズママンボ,50.0
2016/09/25,4中山6,晴,4,2歳新馬,,16,7,14,37.8,10,8,丸田恭介,54,ダ1200,重,**,1:13.6,1.5,**,8-8,34.1-38.0,38.5,456(0),,,ファンヴィー, 
日付,開催,天気,R,レース名,映像,頭数,枠番,馬番,オッズ,人気,着順,騎手,斤量,距離,馬場,馬場指数,タイム,着差,ﾀｲﾑ指数,通過,ペース,上り,馬体重,厩舎ｺﾒﾝﾄ,備考,勝ち馬(2着馬),賞金
2017/10/25,園田,晴,8,C1, ,12,8,11,3.7,2,8,下原理,54,ダ1230,不,**,1:19.4,1.4,**,2-2-4-5, ,39.5,418(-5), , ,ハーフハーフスター, 
2017/10/12,園田,曇,8,C1, ,12,4,4,2.1,1,6,大山真吾,55,ダ1230,稍,**,1:22.0,1.5,**,2-2-2-2, ,41.5,423(+5), , ,ロングハード, 
2017/09/21,園田,晴,8,C1, ,9,7,7,21.4,6,1,大山真吾,54,ダ1230,稍,**,1:19.9,-0.9,**,1-1-1-1, ,38.9,418(-5), , ,(ファイヤーシスト),50.0
2017/09/07,園田,雨,11,C1一, ,12,4,4,25.7,9,8,永島太郎,54,ダ1400,重,**,1:31.6,1.9,**,5-6-8-9, ,41.1,423(+26), , ,ファインキャプテン, 
2017/08/16,佐賀,曇,9,JRA交流霧島賞, ,12,8,12,87.6,7,11,倉富隆一,54,ダ1400,不,**,1:33.5,5.4,**,2-2-5-12, ,42.7,397(-5), , ,キヨマサ, 
2017/07/17,佐賀,晴,8,JRA交流大隅特別, ,10,2,2,9.8,2,4,大山真吾,54,ダ1400,良,**,1:32.3,2.8,**,1-1-1-3, ,40.7,402(-18), , ,テイエムチューハイ,30.0
2017/06/30,園田,晴,5,なかいー杯C2一, ,10,5,5,7.9,4,1,大山真吾,54,ダ1400,不,**,1:28.5,-1.3,**,1-1-1-1, ,38.7,420(-18), , ,(アニマルスピリッツ),35.0
2016/12/28,園田,晴,7,C1二, ,10,8,9,5.4,3,9,寺地誠一,54,ダ1400,不,**,1:31.5,2.3,**,3-4-5-7, ,40.2,438(+5), , ,ノートルスウェ, 
2016/12/13,園田,雨,6,C2一, ,10,1,1,12.7,4,1,寺地誠一,54,ダ1400,重,**,1:30.9,-0.5,**,2-2-2-1, ,39.5,433(-4), , ,(ヌーヴェルモード),30.0
2016/11/22,園田,晴,7,C2一, ,10,5,5,40.1,6,3,寺地誠一,54,ダ1400,稍,**,1:32.0,0.4,**,3-3-2-2, ,40.1,437(-1), , ,ゴールデンティアラ,3.6
2016/11/08,園田,雨,6,C2二, ,10,7,8,5.5,2,3,寺地誠一,54,ダ1400,重,**,1:32.1,0.7,**,5-5-3-2, ,40.2,438(-6), , ,トキメキユキチャン,3.6
2016/10/14,園田,晴,5,C2三, ,9,4,4,75.2,9,2,寺地誠一,54,ダ1400,良,**,1:31.6,0.4,**,2-2-3-3, ,40.1,444(+7), , ,スワンナプーム,7.2
2016/09/23,園田,晴,5,C2二, ,10,5,5,7.7,3,6,寺地誠一,54,ダ1400,重,**,1:31.3,2.2,**,4-4-5-6, ,40.0,437(+3), , ,ミュートロギア, 
2016/08/18,佐賀,晴,11,JRA交流霧島賞, ,11,5,5,90.2,8,9,畑端省吾,54,ダ1400,良,**,1:30.6,2.4,**,2-3-3-6, ,40.5,434(+11), , ,キヨマサ, 
2016/07/18,佐賀,晴,10,JRA交流えびの特別, ,9,6,6,2.0,1,3,幸英明,54,ダ1400,重,**,1:29.2,0.4,**,5-4-4-3, ,39.1,423(-5), , ,テイエムトッピモン,50.0
2016/05/22,3京都10,晴,4,3歳未勝利,,18,3,6,155.3,15,11,畑端省吾,54,芝1600,良,**,1:35.7,1.6,**,8-7,35.0-35.3,35.9,428(+7),, ,ラグナグ, 
2016/02/11,佐賀,晴,9,JRA交流たんぽぽ賞, ,12,5,5,3.2,2,2,畑端省吾,54,ダ1400,良,**,1:30.9,0.1,**,1-1-1-1, ,39.9,421(-2), , ,ナンゴクロックオン,210.0
2015/12/23,佐賀,雨,9,JRA交流ノカイドウ, ,8,7,7,3.0,2,2,畑端省吾,54,ダ1400,不,**,1:30.6,0.1,**,1-1-1-1, ,39.5,423(-5), , ,ストームメイ,90.0
2015/11/22,5京都6,晴,3,2歳未勝利,,15,2,3,134.5,13,12,畑端省吾,54,芝1200,良,**,1:10.7,1.6,**,10-10,34.9-34.2,34.9,428(+12),,,タイセイエクレール, 
2015/08/29,2小倉9,雨,9,ひまわり賞(OP),,18,7,14,214.0,13,4,畑端省吾,53,芝1200,良,**,1:10.8,1.0,**,5-5,34.1-35.7,36.1,416(-8),, ,キリシマオジョウ,210.0
2015/08/15,2小倉5,晴,1,2歳未勝利,,13,8,13,36.4,7,9,畑端省吾,54,芝1200,良,**,1:12.4,1.6,**,7-9,34.5-36.3,36.8,424(0),, ,チェストケホーク, 
日付,開催,天気,R,レース名,映像,頭数,枠番,馬番,オッズ,人気,着順,騎手,斤量,距離,馬場,馬場指数,タイム,着差,ﾀｲﾑ指数,通過,ペース,上り,馬体重,厩舎ｺﾒﾝﾄ,備考,勝ち馬(2着馬),賞金
2018/01/23,園田,晴,9,B1, ,9,8,8,1.6,1,1,川原正一,57,ダ1400,重,**,1:30.9,-0.5,**,8-8-6-4, ,38.5,488(+1), , ,(スクワール),90.0
2017/12/29,園田,曇,9,第9回ちっちゃいおっ, ,12,7,9,5.9,2,1,川原正一,56,ダ1400,良,**,1:31.1,-0.1,**,10-11-8-4, ,38.9,487(+25), , ,(カリテスグレース),90.0
2016/05/29,3京都12,曇,5,3歳500万下,,15,7,12,66.7,12,15,坂井瑠星,53,ダ1200,良,**,1:13.7,2.5,**,5-6,34.6-36.6,38.6,462(0),, ,ゼンノサーベイヤー, 
2016/05/07,3京都5,曇,6,3歳500万下,,16,6,11,59.8,9,9,小牧太,56,ダ1200,良,**,1:13.2,1.6,**,14-15,35.0-36.6,36.2,462(-4),,,スミレ, 
2016/01/24,1京都8,晴,4,3歳500万下,,9,5,5,55.5,7,9,小崎綾也,55,ダ1400,良,**,1:29.6,2.7,**,2-2,36.2-38.0,40.4,466(+6),, ,トッコディルーチェ, 
2016/01/17,1中京2,曇,10,はこべら賞(500万下),,16,2,4,30.9,10,11,ヴェロン,56,ダ1400,良,**,1:27.7,2.2,**,8-9,35.4-37.8,39.2,460(0),,,ドライヴナイト, 
2015/11/28,5京都8,晴,6,2歳新馬,,16,2,3,13.9,5,1,小牧太,55,ダ1400,良,**,1:27.7,-0.2,**,1-1,36.1-38.7,38.7,460(0),, ,(スーセントマリー),700.0
日付,開催,天気,R,レース名,映像,頭数,枠番,馬番,オッズ,人気,着順,騎手,斤量,距離,馬場,馬場指数,タイム,着差,ﾀｲﾑ指数,通過,ペース,上り,馬体重,厩舎ｺﾒﾝﾄ,備考,勝ち馬(2着馬),賞金
2017/12/24,5中山8,曇,10,フェアウェルS(1600万下),,16,6,12,159.4,15,13,吉田隼人,57,ダ1200,良,**,1:12.3,0.9,**,2-3,34.0-37.4,38.2,504(+4),, ,ヒカリブランデー, 
2017/12/09,5中山3,晴,10,アクアラインS(1600万下),,16,4,7,93.0,16,13,勝浦正樹,57,ダ1200,良,**,1:12.4,1.2,**,10-12,33.8-37.4,37.8,500(0),, ,ベック, 
2017/10/22,3新潟4,雨,11,北陸S(1600万下),,15,5,8,37.7,11,10,北村友一,57,ダ1200,不,**,1:11.0,0.7,**,11-11,34.2-36.1,35.6,500(0),, ,ドリームドルチェ, 
2017/09/10,4中山2,晴,10,ながつきS(1600万下),,16,2,3,24.9,9,15,吉田隼人,57,ダ1200,良,**,1:12.3,1.3,**,3-3,33.7-37.3,38.0,500(0),, ,ウインオスカー, 
2017/05/20,3京都9,晴,10,シドニーT(1600万下),,16,1,1,53.2,10,10,北村友一,57,ダ1200,良,**,1:12.1,0.9,**,5-4,34.2-37.0,37.0,500(0),, ,ゴーインググレート, 
2017/04/15,3中山7,曇,12,鹿島特別(1000万下),,16,8,15,5.6,3,1,大野拓弥,57,ダ1200,良,**,1:11.7,-0.2,**,1-1,35.0-36.7,36.7,500(0),,,(プリサイスエース),"1,546.2"
2017/04/02,3中山4,晴,12,4歳上1000万下,,16,3,6,5.3,2,3,大野拓弥,57,ダ1200,重,**,1:11.3,0.1,**,2-2,35.0-36.2,36.1,500(-8),, ,タイセイラナキラ,260.0
2017/02/12,2京都6,晴,12,4歳上1000万下,,16,1,1,11.8,6,10,フォーリ,57,ダ1200,重,**,1:12.4,1.2,**,2-3,34.3-36.9,37.7,508(0),, ,クリノリーソクツモ, 
2017/01/22,1京都7,晴,12,4歳上1000万下,,14,6,10,7.5,5,3,フォーリ,57,ダ1200,稍,**,1:11.7,0.5,**,8-7,34.8-36.4,36.1,508(-2),, ,エイシンラナウェー,260.0
2017/01/07,1京都2,晴,8,4歳上1000万下,,16,4,7,20.0,8,3,フォーリ,57,ダ1200,良,**,1:11.6,0.4,**,2-2,34.9-36.3,36.6,510(+6),, ,ゼンノサーベイヤー,260.0
2016/10/23,4東京7,晴,8,3歳上1000万下,,16,3,6,65.0,13,16,松田大作,57,ダ1600,良,**,1:39.4,3.1,**,1-1,35.4-36.3,39.4,504(+2),, ,イーグルフェザー, 
2016/10/10,4京都3,晴,9,LトレーナーC(1000万下),,16,1,2,27.9,8,10,北村友一,57,ダ1200,稍,**,1:12.0,1.0,**,6-8,34.3-36.7,37.1,502(+6),, ,ショコラブラン, 
2016/08/20,2新潟7,晴,10,苗場特別(1000万下),,15,8,14,11.8,5,11,大野拓弥,57,ダ1200,良,**,1:12.4,1.3,**,2-2,34.4-36.7,37.9,496(-6),, ,リバーソウル, 
2016/05/21,3京都9,晴,10,シドニーT(1600万下),,16,7,14,68.1,13,14,幸英明,57,ダ1200,良,**,1:12.0,1.1,**,12-12,34.8-36.1,36.1,502(+8),,,ワディ, 
2016/02/28,2中山2,晴,10,ブラッドストーンS(1600万下),,13,7,10,17.4,7,9,大野拓弥,57,ダ1200,良,**,1:12.3,0.7,**,1-1,35.0-36.6,37.3,494(-12),, ,ワイドエクセレント, 
2016/02/20,2京都7,雨,10,橿原S(1600万下),,16,6,11,35.9,12,13,菱田裕二,54,ダ1200,重,**,1:11.9,1.3,**,6-8,34.2-36.4,36.9,506(+6),, ,カリスマサンスカイ, 
2016/01/16,1中山5,晴,10,初春S(1600万下),,16,3,5,27.9,9,11,田中博康,53,ダ1200,良,**,1:11.8,0.7,**,1-1,33.8-37.3,38.0,500(0),, ,キタサンミカヅキ, 
2015/12/19,5中山5,晴,8,3歳上1000万下,,16,7,13,34.8,9,1,大野拓弥,56,ダ1200,良,**,1:11.4,-0.4,**,1-1,33.3-38.1,38.1,500(+2),, ,(マレーナ),"1,050.0"
2015/11/14,5京都3,曇,9,枚方特別(1000万下),,16,6,11,67.3,11,16,北村友一,56,ダ1400,稍,**,1:25.4,2.4,**,3-6,34.2-36.7,38.7,498(+8),, ,ポメグラネイト, 
2015/10/17,3新潟1,晴,7,3歳上500万下,,13,2,2,6.8,4,1,北村友一,55,ダ1200,稍,**,1:11.6,-0.5,**,1-1,34.9-36.7,36.7,490(+4),, ,(レガリテート),700.0
2015/07/26,3中京8,晴,12,3歳上500万下,,15,3,4,21.6,6,13,川田将雅,54,ダ1400,良,**,1:26.5,2.3,**,6-7,34.2-38.1,39.9,486(0),, ,フォンタネットポー, 
2015/07/11,3中京3,晴,8,3歳上500万下,,16,2,4,189.2,15,3,北村友一,54,ダ1400,良,**,1:24.8,0.4,**,1-1,34.6-37.9,38.3,486(0),, ,トータルヒート,190.0
2015/04/11,2阪神5,曇,5,3歳500万下,,16,1,2,70.6,12,13,幸英明,56,ダ1200,重,**,1:11.8,1.5,**,13-12,34.6-35.7,36.0,486(-4),, ,スマートアヴァロン, 
2015/03/29,2阪神2,雨,6,3歳500万下,,11,8,11,8.9,3,11,シュタル,56,ダ1200,稍,**,1:14.5,2.7,**,10-9,35.2-36.6,38.2,490(+6),,,キタサンサジン, 
2015/01/11,1京都4,曇,1,3歳未勝利,,16,1,1,2.7,1,1,幸英明,56,ダ1200,稍,**,1:12.9,0.0,**,2-2,35.1-37.8,37.8,484(-6),, ,(ハクサンフレンチ),500.0
2014/12/20,5阪神5,雨,6,2歳新馬,,12,7,10,11.5,4,2,幸英明,55,ダ1200,稍,**,1:12.7,0.2,**,3-3,36.2-36.3,36.1,490(0),, ,アンクルダイチ,280.0
日付,開催,天気,R,レース名,映像,頭数,枠番,馬番,オッズ,人気,着順,騎手,斤量,距離,馬場,馬場指数,タイム,着差,ﾀｲﾑ指数,通過,ペース,上り,馬体重,厩舎ｺﾒﾝﾄ,備考,勝ち馬(2着馬),賞金
2018/02/09,園田,晴,3,C3二, ,10,6,6,58.7,7,8,永井孝典,56,ダ1400,良,**,1:35.9,2.3,**,6-6-6-7, ,42.9,465(-2), , ,トウケイフェアリー, 
2018/01/23,園田,曇,4,C3一, ,10,7,7,88.6,8,6,大柿一真,56,ダ1400,重,**,1:36.0,2.9,**,9-9-9-8, ,42.0,467(-9), , ,スナークエンジェル, 
2018/01/11,園田,晴,4,C3一, ,10,4,4,122.9,8,7,大柿一真,56,ダ1400,重,**,1:33.8,2.1,**,6-6-6-6, ,41.8,476(+1), , ,キングジャスパー, 
2017/12/21,園田,晴,11,C2, ,11,8,11,95.3,9,11,宮下康一,56,ダ1700,良,**,2:01.4,7.5,**,11-11-11-11, ,44.5,475(-17), , ,マズルカ, 
2017/11/30,園田,曇,6,C2二, ,10,6,6,314.7,10,10,宮下康一,56,ダ1400,稍,**,1:35.8,4.7,**,4-5-10-10, ,43.5,492(+4), , ,アレラーモ, 
2017/11/02,園田,晴,8,C2一, ,10,7,7,31.9,5,9,宮下康一,56,ダ1400,良,**,1:34.1,3.8,**,7-7-8-9, ,41.0,488(+18), , ,スマートサクソン, 
2017/05/07,3京都6,晴,2,3歳未勝利,,11,2,2,112.5,11,6,佐藤友則,56,ダ1800,良,**,1:56.7,0.7,**,8-8-11-10,37.9-39.2,38.8,470(+6),, ,オースミイーグル, 
2017/04/22,3京都1,晴,2,3歳未勝利,,16,6,11,272.0,16,14,藤岡佑介,56,ダ1400,稍,**,1:29.3,3.9,**,16-16,34.8-38.6,39.1,464(0),,,パンサーバローズ, 
日付,開催,天気,R,レース名,映像,頭数,枠番,馬番,オッズ,人気,着順,騎手,斤量,距離,馬場,馬場指数,タイム,着差,ﾀｲﾑ指数,通過,ペース,上り,馬体重,厩舎ｺﾒﾝﾄ,備考,勝ち馬(2着馬),賞金
2017/12/09,4中京3,曇,4,障害3歳上未勝利,,14,5,8,5.0,2,8,林満明,60,障3000,良, ,3:19.6,1.7, ,11-11-11-12,105.0-38.5,13.3,488(-4),, ,ショウナンアリスト, 
2017/09/24,4阪神7,晴,4,障害3歳上未勝利,,13,6,9,6.2,3,中,林満明,60,障2970,良, , , , ,9-9,105.0-37.7, ,492(+16),, ,ダンツキャンサー, 
2017/08/27,2小倉10,晴,4,障害3歳上未勝利,,8,5,5,1.6,1,3,林満明,60,障2860,良, ,3:12.6,0.5, ,2-2-2-2,105.0-38.6,13.5,476(+4),, ,シゲルクーガー,200.0
2017/07/30,2新潟2,晴,4,障害3歳上未勝利,,14,7,12,3.3,1,2,林満明,60,障2850,良, ,3:07.1,0.2, ,3-2-3-4,108.0-37.6,13.1,472(-2),, ,プレジールシチー,310.0
2017/07/09,3中京4,曇,4,障害3歳上未勝利,,14,7,11,4.7,2,4,林満明,60,障3000,良, ,3:16.3,0.1, ,6-6-6-5,104.0-39.3,13.1,474(+4),, ,プランスペスカ,120.0
2017/06/17,3東京5,晴,4,障害3歳上未勝利,,13,4,4,14.2,6,4,林満明,60,障3000,良, ,3:24.1,1.2, ,8-6-7-5,104.0-38.0,13.6,470(0),, ,リアルキング,120.0
2017/05/21,1新潟8,晴,10,高田城特別(500万下),,16,6,11,76.5,16,14,古川吉洋,57,芝1800,良,**,1:47.3,1.4,**,9-8,35.1-34.9,35.2,470(-2),, ,ローズクランス, 
2017/05/06,1新潟3,雨,12,三条特別(500万下),,16,2,4,31.8,11,11,藤岡康太,57,芝1600,重,**,1:37.6,0.9,**,11-11,36.0-36.0,36.1,472(-6),,,ホーリーシュラウド, 
2017/01/22,1京都7,曇,8,4歳上500万下,,12,3,3,5.5,2,7,池添謙一,56,芝2000,良,**,2:03.2,1.5,**,11-12-9-11,36.3-36.0,35.9,478(+2),,,ダブルイーグル, 
2017/01/16,1中京2,晴,12,熱田特別(500万下),,18,4,7,8.6,3,10,岩田康誠,56,芝2000,稍,**,2:03.0,0.8,**,13-13-13-11,37.5-36.3,36.0,476(-6),, ,マイネルツィール, 
2016/11/13,5京都4,晴,7,3歳上500万下,,15,3,4,88.0,13,9,池添謙一,55,芝2400,良,**,2:26.2,0.5,**,9-9-1-1,35.6-34.8,35.3,482(+2),, ,ショパン, 
2016/08/14,1札幌6,晴,9,3歳上500万下,,14,5,7,10.6,6,5,池添謙一,54,芝1800,良,**,1:49.2,1.0,**,14-14-13-12,36.2-35.4,35.1,480(0),, ,ハナズレジェンド,75.0
2016/07/17,2函館4,曇,6,3歳未勝利,,16,7,14,3.0,1,1,池添謙一,56,芝2000,稍,**,2:01.1,-0.2,**,12-12-8-5,35.1-36.7,36.0,480(+2),, ,(アグネスザルーツ),480.0
2016/07/02,1函館5,曇,4,3歳未勝利,,16,1,1,5.4,2,2,北村友一,56,芝2000,良,**,2:02.3,0.3,**,11-11-4-4,35.6-35.5,35.6,478(-4),,,ドルフィンマーク,190.0
2016/06/18,1函館1,晴,6,3歳未勝利,,16,1,1,6.2,3,5,池添謙一,56,芝2000,良,**,2:01.6,0.7,**,11-11-10-11,34.3-35.2,34.9,482(0),, ,カラビナ,48.0
2016/04/24,3京都2,晴,4,3歳未勝利,,17,7,14,12.2,5,9,池添謙一,56,芝2000,良,**,2:01.8,0.8,**,9-9-4-4,36.5-35.3,35.8,482(+2),, ,エクセレントミスズ, 
2016/03/20,1阪神8,晴,4,3歳未勝利,,16,3,5,8.0,3,8,小牧太,56,芝1600,稍,**,1:37.0,1.1,**,13-15,36.0-34.3,34.1,480(-10),, ,オブリゲーション, 
2016/01/31,1中京6,晴,7,3歳未勝利,,18,5,9,4.3,2,4,勝浦正樹,56,芝2000,重,**,2:04.9,0.4,**,14-13-11-11,36.9-37.7,36.7,490(+8),, ,ミヤビエンブレム,75.0
2016/01/17,1中京2,晴,5,3歳未勝利,,18,8,16,12.6,7,4,川島信二,56,芝2200,良,**,2:16.3,0.4,**,7-6-6-5,35.8-34.8,34.8,482(-2),, ,ナムラヘイハチロー,75.0
2015/12/26,5阪神7,晴,4,2歳未勝利,,16,3,6,14.0,4,4,武豊,55,芝2000,稍,**,2:04.1,0.3,**,12-12-11-11,36.6-36.7,36.0,484(+4),, ,ギモーヴ,75.0
2015/12/06,4中京2,曇,4,2歳未勝利,,14,3,3,14.5,4,4,武豊,55,芝2000,良,**,2:04.8,0.7,**,5-5-4-3,37.6-34.8,35.2,480(+6),, ,アドマイヤダイオウ,75.0
2015/11/15,5東京4,曇,4,2歳未勝利,,12,4,4,4.8,2,4,池添謙一,55,芝2000,重,**,2:05.5,1.0,**,6-6-8,37.3-35.2,35.7,474(-2),, ,ナムラシングン,75.0
2015/10/24,3新潟3,曇,5,2歳未勝利,,12,6,8,5.4,3,2,北村友一,55,芝1800,良,**,1:50.2,0.2,**,5-5,36.8-35.1,34.5,476(+2),, ,コスモヴェッキオ,200.0
2015/10/04,4阪神9,晴,2,2歳未勝利,,11,3,3,5.5,2,5,池添謙一,55,芝2000,良,**,2:04.2,0.8,**,8-8-8-6,38.2-36.4,36.5,474(+10),,,カープストリーマー,50.0
2015/08/16,1札幌6,雨,5,2歳新馬,,11,4,4,10.3,5,3,池添謙一,54,芝1800,良,**,1:52.9,0.2,**,8-7-7-4,38.0-36.7,36.4,464(0),, ,アラバスター,180.0
日付,開催,天気,R,レース名,映像,頭数,枠番,馬番,オッズ,人気,着順,騎手,斤量,距離,馬場,馬場指数,タイム,着差,ﾀｲﾑ指数,通過,ペース,上り,馬体重,厩舎ｺﾒﾝﾄ,備考,勝ち馬(2着馬),賞金
2018/02/03,2京都3,晴,6,3歳新馬,,16,8,15,259.5,14,12,田中健,56,芝2000,良,**,2:08.0,2.6,**,10-9-10-11,37.9-35.1,36.7,502(0),, ,スズカテイオー, 
日付,開催,天気,R,レース名,映像,頭数,枠番,馬番,オッズ,人気,着順,騎手,斤量,距離,馬場,馬場指数,タイム,着差,ﾀｲﾑ指数,通過,ペース,上り,馬体重,厩舎ｺﾒﾝﾄ,備考,勝ち馬(2着馬),賞金
2017/12/10,4中京4,晴,9,3歳上500万下,,16,5,9,13.3,6,9,西田雄一,57,ダ1800,良,**,1:54.9,1.5,**,9-11-12-13,36.2-39.1,37.9,454(-2),, ,マンハッタンロック, 
2017/11/26,5東京8,晴,6,3歳上500万下,,16,7,14,22.8,7,6,内田博幸,57,ダ1600,稍,**,1:38.2,1.0,**,14-14,34.8-37.4,37.1,456(-6),, ,ジュンスターホース, 
2017/11/12,5東京4,晴,7,3歳上500万下,,16,1,2,46.0,12,5,村田一誠,57,ダ2100,良,**,2:12.8,1.0,**,11-13-16-16,30.8-37.3,36.6,462(+2),, ,ラテールプロミーズ,75.0
2017/10/28,4東京8,曇,12,3歳上500万下,,15,5,8,29.2,7,10,内田博幸,57,ダ1600,稍,**,1:39.0,2.6,**,9-9,35.3-35.9,37.5,460(+2),, ,イーグルバローズ, 
2017/10/08,4東京2,晴,7,3歳上500万下,,16,7,13,15.9,3,5,内田博幸,57,ダ1600,稍,**,1:37.6,1.8,**,15-15,34.9-36.4,36.8,458(+8),,,アルーアキャロル,75.0
2017/05/14,2東京8,曇,7,4歳上500万下,,16,1,1,4.6,2,12,蛯名正義,57,ダ1600,重,**,1:37.5,2.1,**,14-14,34.7-36.9,37.3,450(-2),,,ジェイケイライアン, 
2017/04/22,2東京1,曇,8,4歳上500万下,,15,1,1,4.5,2,5,蛯名正義,57,ダ1600,良,**,1:38.6,0.9,**,12-12,34.8-38.3,37.9,452(0),,,ボールドアテンプト,75.0
2016/12/03,5中山1,晴,7,3歳上500万下,,16,6,11,2.7,1,7,ムーア,56,ダ1800,重,**,1:54.9,1.2,**,8-10-12-11,37.8-38.4,38.1,452(+4),, ,ネイビーブルー, 
2016/11/19,5東京5,小雨,7,3歳上500万下,,16,4,8,5.0,2,2,蛯名正義,56,ダ1600,重,**,1:35.2,0.0,**,13-13,34.1-36.9,35.8,448(+8),, ,アポロナイスジャブ,300.0
2016/10/30,4東京9,曇,7,3歳上500万下,,14,7,12,13.9,6,3,蛯名正義,55,ダ1600,良,**,1:37.3,0.5,**,13-12,35.2-36.6,36.0,440(-4),,,クラシコ,190.0
2016/10/15,4東京4,晴,6,3歳上500万下,,12,1,1,4.0,2,8,内田博幸,55,ダ1600,良,**,1:39.4,1.0,**,7-8,37.0-35.4,35.7,444(+2),, ,フジゴウカイ, 
2016/06/12,3東京4,曇,12,3歳上500万下,,16,3,5,4.0,1,4,内田博幸,54,ダ1600,良,**,1:38.1,0.4,**,15-15,36.3-36.6,35.7,442(-4),,,イダクァイマ,110.0
2016/05/14,2東京7,晴,6,3歳500万下,,16,2,3,6.6,3,4,内田博幸,56,ダ1400,良,**,1:25.9,0.4,**,16-15,36.5-36.5,35.3,446(-4),,,デピュティプライム,110.0
2016/04/24,2東京2,小雨,2,3歳未勝利,,16,7,14,37.9,9,1,内田博幸,56,ダ1400,良,**,1:27.0,0.0,**,16-16,36.4-38.1,35.6,450(0),,,(ラーリオ),500.0
日付,開催,天気,R,レース名,映像,頭数,枠番,馬番,オッズ,人気,着順,騎手,斤量,距離,馬場,馬場指数,タイム,着差,ﾀｲﾑ指数,通過,ペース,上り,馬体重,厩舎ｺﾒﾝﾄ,備考,勝ち馬(2着馬),賞金
2018/01/30,園田,晴,6,C2一, ,10,7,8,33.9,7,8,竹村達也,54,ダ1400,良,**,1:34.6,2.3,**,9-7-10-9, ,40.6,456(0), , ,ウイントリニティー, 
2018/01/17,園田,雨,7,C2, ,10,5,5,22.7,6,5,大山真吾,54,ダ1400,不,**,1:29.9,1.0,**,10-9-9-7, ,38.7,456(+3), , ,ベリンダジーク,3.2
2017/12/30,園田,晴,6,C2一, ,10,2,2,21.7,3,7,杉浦健太,54,ダ1400,良,**,1:33.3,1.7,**,10-10-7-6, ,40.6,453(-1), , ,プリンセスヨウク, 
2017/12/19,園田,晴,8,C2一, ,10,2,2,11.1,5,2,下原理,54,ダ1400,良,**,1:33.1,0.8,**,9-9-8-7, ,39.2,454(+1), , ,メイショウカンキ,8.4
2017/12/05,園田,晴,6,C2三, ,10,4,4,1.8,1,2,杉浦健太,54,ダ1400,稍,**,1:33.5,0.3,**,4-4-4-3, ,40.7,453(-2), , ,デンコウハシャ,8.4
2017/11/23,園田,晴,6,C2三, ,10,7,7,2.5,1,3,杉浦健太,54,ダ1400,重,**,1:31.2,0.4,**,5-5-4-3, ,38.8,455(+1), , ,マサタケゴールド,4.2
2017/11/02,園田,晴,4,C3一, ,10,1,1,8.5,3,1,杉浦健太,54,ダ1400,良,**,1:31.7,-0.4,**,8-8-7-6, ,39.0,454(+2), , ,(バックナンバー),25.0
2017/10/20,園田,曇,11,C2一, ,9,8,8,22.0,6,6,杉浦健太,54,ダ1400,不,**,1:30.4,1.0,**,9-9-8-8, ,39.4,452(-3), , ,イチネンイチクミ, 
2017/10/06,園田,雨,6,C2二, ,9,2,2,8.6,4,4,杉浦健太,54,ダ1400,重,**,1:31.3,0.9,**,5-6-4-4, ,39.6,455(+2), , ,ヴァントネール,2.8
2017/09/22,園田,雨,6,C2二, ,10,6,6,16.3,3,3,竹村達也,54,ダ1400,重,**,1:31.5,0.9,**,8-8-4-4, ,39.8,453(-2), , ,エイシンルックス,4.2
2017/09/08,園田,晴,5,C2二, ,9,2,2,18.4,5,4,杉浦健太,54,ダ1400,重,**,1:32.6,1.4,**,4-4-7-8, ,40.7,455(+1), , ,レイブラッド,2.8
2017/08/25,園田,晴,6,C2二, ,10,1,1,6.0,2,5,杉浦健太,54,ダ1400,良,**,1:33.9,2.8,**,4-4-4-6, ,42.1,454(0), , ,マックール,2.1
2017/08/11,園田,晴,6,C2二, ,10,6,6,5.3,2,3,杉浦健太,54,ダ1400,良,**,1:32.7,0.5,**,6-6-5-5, ,39.4,454(+1), , ,ユノスパーダ,4.2
2017/07/28,園田,曇,6,C2二, ,10,4,4,20.5,5,3,大山真吾,54,ダ1400,良,**,1:32.4,1.3,**,6-6-6-4, ,40.4,453(+5), , ,アグネスハンサム,4.2
2017/07/14,園田,晴,1,C3, ,5,3,3,1.4,1,1,杉浦健太,54,ダ1400,良,**,1:33.2,-0.2,**,3-4-2-2, ,40.3,448(-7), , ,(マイネアバンガルド),25.0
2017/06/29,園田,曇,7,C2一, ,10,2,2,72.5,9,5,杉浦健太,54,ダ1400,稍,**,1:31.9,1.0,**,10-10-9-8, ,39.6,455(+6), , ,ハルカカナタ,2.1
2017/06/15,園田,晴,6,C2一, ,10,6,6,26.0,5,8,杉浦健太,54,ダ1400,良,**,1:33.1,1.9,**,7-7-8-8, ,40.1,449(+3), , ,メイショウオルソ, 
2017/05/24,園田,曇,6,C2一, ,10,8,10,24.9,6,6,杉浦健太,54,ダ1400,良,**,1:33.7,0.6,**,6-6-9-9, ,40.3,446(-3), , ,サトノオマージュ, 
2017/05/11,園田,晴,9,C2一, ,10,1,1,26.6,5,3,杉浦健太,54,ダ1400,良,**,1:32.7,0.9,**,6-6-8-8, ,40.2,449(-2), , ,トイミサキ,4.2
2017/04/26,園田,雨,6,C2一, ,10,6,6,14.5,7,4,杉浦健太,55,ダ1400,重,**,1:33.2,0.9,**,7-7-6-5, ,40.2,451(+7), , ,エイシンタルトゥ,2.8
2017/04/11,園田,雨,5,C2二, ,10,7,8,5.1,3,1,杉浦健太,54,ダ1400,不,**,1:30.3,-0.5,**,6-6-3-1, ,39.4,444(-3), , ,(ハウトア),35.0
2017/03/29,園田,晴,2,C3一, ,10,3,3,7.6,4,2,杉浦健太,54,ダ1400,良,**,1:33.7,0.0,**,4-4-2-1, ,40.5,447(+1), , ,メイショウマツシマ,4.8
2017/03/16,園田,晴,3,C3一, ,10,6,6,4.9,2,4,杉浦健太,54,ダ1400,良,**,1:34.8,0.9,**,5-5-4-4, ,39.6,446(-1), , ,メイショウドスコイ,1.6
2017/03/01,園田,晴,5,C2, ,7,5,5,28.5,6,6,大山真吾,54,ダ1400,良,**,1:34.2,1.4,**,3-3-3-7, ,40.9,447(-1), , ,ワンダーラスト, 
2017/02/15,園田,晴,7,C2, ,9,4,4,47.7,7,4,杉浦健太,54,ダ1400,良,**,1:32.8,1.1,**,9-9-6-5, ,40.8,448(+2), , ,トーコーディオーネ,2.8
2017/02/02,園田,晴,8,C2一, ,10,7,7,17.9,5,10,杉浦健太,54,ダ1400,良,**,1:34.4,1.9,**,9-8-8-10, ,40.4,446(0), , ,フッカツノノロシ, 
2017/01/17,園田,晴,9,C2, ,12,2,2,25.0,6,5,杉浦健太,54,ダ1400,稍,**,1:33.2,0.3,**,6-6-5-5, ,40.5,446(-4), , ,クィーンビー,2.1
2016/12/28,園田,晴,8,C1一, ,10,6,6,81.5,7,5,杉浦健太,54,ダ1400,不,**,1:30.2,1.4,**,4-4-4-3, ,39.3,450(+3), , ,モズジャカランダ,2.4
2016/12/13,園田,雨,7,C1, ,9,8,9,93.1,8,4,杉浦健太,54,ダ1400,重,**,1:31.8,1.0,**,6-7-5-5, ,38.8,447(-3), , ,ゴールデンティアラ,3.2
2016/11/29,園田,晴,9,C1一, ,12,2,2,38.7,8,10,杉浦健太,54,ダ1400,稍,**,1:31.5,1.2,**,5-4-6-7, ,40.2,450(+3), , ,ローラティオ, 
2016/11/15,園田,曇,8,C1, ,12,1,1,97.7,7,6,杉浦健太,54,ダ1400,重,**,1:32.8,2.8,**,8-8-7-9, ,41.3,447(+3), , ,シルヴィーボーテ, 
2016/11/01,園田,晴,9,C1一, ,11,5,5,11.8,5,7,杉浦健太,54,ダ1400,良,**,1:32.6,1.3,**,9-9-11-10, ,40.8,444(-2), , ,ナムラタイショウ, 
2016/10/19,園田,曇,8,C1, ,11,3,3,116.2,10,2,杉浦健太,54,ダ1400,良,**,1:31.7,0.2,**,7-6-7-7, ,39.8,446(0), , ,フェローニア,9.6
2016/10/05,園田,曇,8,C1一, ,12,6,7,43.4,12,7,杉浦健太,54,ダ1400,重,**,1:30.9,1.5,**,11-11-12-11, ,38.9,446(-3), , ,マイネルゴール, 
2016/09/22,園田,雨,12,C1, ,10,8,9,8.9,4,8,杉浦健太,54,ダ1700,不,**,1:51.9,2.3,**,7-7-8-8, ,40.6,449(+6), , ,ペンタプリズム, 
2016/08/31,園田,晴,9,B2, ,12,3,3,125.8,10,11,杉浦健太,54,ダ1400,稍,**,1:34.7,2.0,**,7-7-9-9, ,42.3,443(+2), , ,ハナズシャウト, 
2016/08/17,園田,曇,9,B2, ,10,4,4,11.6,5,7,杉浦健太,54,ダ1230,良,**,1:22.1,1.6,**,8-8-9-9, ,40.0,441(-1), , ,シャインメソッド, 
2016/08/03,園田,晴,8,B2, ,8,3,3,10.1,5,3,杉浦健太,54,ダ1700,良,**,1:54.1,1.5,**,1-1-2-2, ,41.8,442(0), , ,スタートレイル,8.4
2016/07/14,園田,晴,8,C1一, ,11,3,3,17.7,8,1,杉浦健太,54,ダ1400,不,**,1:29.1,-0.7,**,1-1-1-1, ,38.5,442(-4), , ,(ナムラアース),40.0
2016/07/01,園田,晴,11,つゆくさ賞C1, ,10,1,1,12.6,3,3,杉浦健太,54,ダ1400,稍,**,1:32.3,0.6,**,4-3-4-4, ,41.2,446(+8), , ,ミラージュナイト,4.8
2016/06/16,園田,雨,9,C1一, ,12,8,11,33.7,7,4,川原正一,54,ダ1400,重,**,1:30.3,0.9,**,6-6-9-10, ,39.9,438(+2), , ,ルファンタスク,3.2
2016/06/10,園田,晴,8,C1一, ,7,5,5, , ,除,杉浦健太,54,ダ1400,良,**, , ,**, , , ,440(+4), , ,メイショウデコイ, 
2016/05/25,園田,曇,8,C1, ,9,4,4,19.0,6,4,杉浦健太,54,ダ1400,良,**,1:31.5,0.6,**,4-4-4-5, ,39.8,436(0), , ,ジュメーリイ,3.2
2016/05/11,園田,曇,8,C1, ,10,3,3,18.2,7,2,川原正一,54,ダ1400,不,**,1:29.3,0.1,**,9-10-6-6, ,38.6,436(+3), , ,ダノンクィーン,9.6
2016/04/27,園田,雨,10,C1, ,12,3,3,30.7,7,10,杉浦健太,54,ダ1400,重,**,1:33.4,1.3,**,7-7-9-8, ,41.1,433(0), , ,トウケイファイター, 
2016/04/13,園田,雨,9,C1二, ,12,6,7,16.5,7,3,永島太郎,54,ダ1400,稍,**,1:32.0,0.5,**,7-7-3-1, ,40.7,433(+1), , ,ヒデノクィーン,4.8
2016/03/30,園田,曇,8,C1二, ,12,5,5,14.7,4,5,杉浦健太,54,ダ1400,良,**,1:32.9,1.9,**,3-3-2-5, ,40.7,432(+2), , ,サンライズシーズン,1.8
2016/03/16,園田,晴,8,C1二, ,12,6,7,66.8,7,4,杉浦健太,54,ダ1400,重,**,1:30.0,0.8,**,4-4-5-7, ,39.0,430(-19), , ,サクラプリズム,2.8
2016/02/01,浦和,曇,11,フェブラリー特別, ,10,5,5,134.3,9,7,早田功駿,54,ダ1600,重,**,1:47.1,1.3,**,6-7-6-6,38.4-39.1,40.0,449(+10), , ,スパーキードリーム, 
2016/01/19,船橋,晴,7,C2二, ,12,6,7,120.1,10,8,矢野貴之,54,ダ1600,不,**,1:47.2,2.5,**,9-9-11-12,37.8-40.5,41.0,439(-6), , ,グレートソード, 
2016/01/06,浦和,曇,10,ガーネット特別, ,11,7,9,68.3,7,8,早田功駿,53,ダ1400,良,**,1:31.2,2.3,**,3-4-5-5,37.6-38.5,39.0,445(+4), , ,タマモベルモット, 
2015/12/28,大井,晴,6,C1九　十, ,14,5,7,63.4,12,4,早田功駿,54,ダ1200,良,**,1:14.9,0.4,**,13-13,36.2-38.3,37.8,441(0), , ,トウショウブランド,15.6
2015/12/21,浦和,曇,10,寒椿賞, ,12,1,1,26.7,8,6,秋元耕成,54,ダ1400,良,**,1:30.9,0.7,**,12-12-11-7,36.8-39.9,39.0,441(+8), , ,ゴールドアモーレ, 
2015/11/30,浦和,晴,9,彩の国黒豚賞, ,12,7,10,5.5,4,9,矢野貴之,54,ダ1400,良,**,1:31.4,1.3,**,8-11-11-12,38.2-38.6,38.4,433(-8), , ,サクラベリー, 
2015/10/26,浦和,晴,11,なでしこ賞, ,11,5,6,13.2,6,2,矢野貴之,54,ダ1400,良,**,1:29.1,0.0,**,9-9-9-9,36.3-39.8,38.4,441(+1), , ,ペプチドビンゴ,33.0
2015/10/05,船橋,曇,9,下弦の月賞, ,14,8,14,86.4,12,10,矢野貴之,54,ダ1600,良,**,1:45.6,2.4,**,4-4-4-5,37.9-39.8,41.8,440(-17), , ,リバーフルパワー, 
2015/09/22,浦和,晴,8,アンゲロニア賞, ,12,6,7,14.6,6,8,矢野貴之,53,ダ1400,良,**,1:30.8,1.5,**,6-9-12-12,37.5-38.7,38.9,457(+13), , ,エドノマツカゼ, 
2015/09/01,浦和,曇,6,ツインマッチ特別, ,12,6,8,115.6,11,3,矢野貴之,54,ダ1400,不,**,1:31.2,2.3,**,9-10-7-5,37.2-38.8,39.7,444(0), , ,ミタイナ,34.0
2015/08/06,浦和,晴,6,ツインサドル特別, ,12,5,6,48.6,9,8,酒井忍,54,ダ1400,良,**,1:32.3,3.0,**,11-12-12-11,35.9-40.6,39.4,444(+1), , ,ケイティーシップ, 
2015/05/25,浦和,曇,7,若駒特別, ,10,5,5,53.6,9,9,酒井忍,54,ダ1500,良,**,1:39.0,1.8,**,9-9-10-10,32.6-38.9,38.5,443(+7), , ,ハーモニーウィル, 
2015/05/11,川崎,晴,8,カーネーション特別, ,14,2,2,42.0,10,6,酒井忍,54,ダ1600,良,**,1:46.7,1.7,**,13-13-14-14,38.4-39.6,39.5,436(-5), , ,エンドオブジアース, 
2015/04/27,浦和,晴,6,若葉特別, ,8,7,7,15.5,7,5,酒井忍,54,ダ1500,良,**,1:38.6,0.7,**,7-7-7-6,30.8-40.9,40.3,441(+6), , ,ドリームファイア,20.0
2015/04/13,船橋,雨,4,3歳二, ,8,5,5,6.0,4,5,酒井忍,54,ダ1600,不,**,1:44.0,1.1,**,6-6-7-6,36.8-41.1,41.1,435(+2), , ,ドリームファイア,12.0
2015/03/23,浦和,晴,2,3歳二, ,10,6,6,12.2,5,4,酒井忍,54,ダ1500,良,**,1:39.7,1.0,**,9-9-9-7,31.8-40.4,40.2,433(+2), , ,イナズマアリオーン,16.9
2015/03/03,川崎,曇,8,チューリップ特別, ,12,6,7,8.8,5,2,酒井忍,54,ダ1400,稍,**,1:33.7,0.3,**,12-12-11-10,37.8-43.2,41.1,431(-4), , ,サプライズソング,55.0
2015/02/16,浦和,晴,1,3歳二　三, ,8,5,5,4.9,2,2,酒井忍,54,ダ1400,良,**,1:32.6,0.1,**,8-8-7-5,37.3-42.0,40.3,435(+2), , ,デュエリスト,39.0
2015/01/08,浦和,晴,2,3歳三　四, ,12,4,4,16.8,5,1,酒井忍,54,ダ1400,良,**,1:34.1,-0.3,**,7-7-6-1,37.1-42.8,41.3,433(+5), , ,(リュウノスピード),130.0
2014/12/23,浦和,晴,2,2歳三　四, ,12,8,11,3.9,2,4,酒井忍,54,ダ1400,重,**,1:34.4,0.5,**,10-10-6-5,37.6-42.6,41.5,428(-4), , ,ダイナミックアイ,16.9
2014/12/10,浦和,晴,1,2歳四　五, ,12,6,8,131.0,10,4,酒井忍,54,ダ1400,稍,**,1:34.3,1.9,**,9-9-9-8,38.8-39.6,40.4,432(0), , ,ヴァンキッシャー,16.9
2014/11/21,浦和,晴,2,ドリームチャレンジ, ,7,2,2,27.1,6,2,半沢慶実,54,ダ800,重,**,0:50.5,0.3,**,4-4,37.4-37.7,37.5,432(0), , ,デュエリスト,60.0
日付,開催,天気,R,レース名,映像,頭数,枠番,馬番,オッズ,人気,着順,騎手,斤量,距離,馬場,馬場指数,タイム,着差,ﾀｲﾑ指数,通過,ペース,上り,馬体重,厩舎ｺﾒﾝﾄ,備考,勝ち馬(2着馬),賞金
2017/12/10,5阪神4,晴,10,堺S(1600万下),,11,8,11,68.3,9,11,松岡正海,57,ダ1800,良,**,1:54.4,1.4,**,9-10-11-11,37.7-36.8,36.9,478(+4),, ,アドマイヤランディ, 
2017/12/02,5阪神1,晴,10,御影S(1600万下),,15,1,1,81.4,11,12,山口勲,57,ダ1400,良,**,1:25.0,0.9,**,9-11,35.0-37.0,37.0,474(0),, ,プレスティージオ, 
2017/11/19,5東京6,晴,10,錦秋S(1600万下),,16,2,3,88.0,12,9,松岡正海,57,ダ1600,良,**,1:37.6,1.3,**,4-5,34.6-38.0,38.0,474(-4),, ,オールマンリバー, 
2017/11/03,5京都1,晴,10,貴船S(1600万下),,16,5,9,38.2,8,13,荻野極,54,ダ1400,良,**,1:25.6,1.8,**,11-10,35.7-36.1,37.0,478(+6),, ,ドライヴナイト, 
2017/10/21,4東京6,雨,10,秋嶺S(1600万下),,16,5,9,47.2,10,11,荻野極,55,ダ1600,不,**,1:37.2,2.0,**,3-3,33.6-37.8,39.6,472(-8),, ,クインズサターン, 
2017/10/07,4京都1,曇,11,平城京S(1600万下),,16,6,12,19.7,7,14,松若風馬,57,ダ1800,不,**,1:51.5,2.6,**,3-3-3-6,35.9-36.6,38.8,480(+12),, ,タガノヴェリテ, 
2017/08/26,2小倉9,曇,11,釜山S(1600万下),,16,5,9,6.9,3,5,浜中俊,55,ダ1700,稍,**,1:43.4,0.4,**,2-2-1-1,29.1-38.0,38.4,468(+2),, ,ナムラアラシ,182.0
2017/07/30,2小倉2,晴,9,響灘特別(1000万下),,10,7,7,3.6,2,1,浜中俊,57,ダ1700,良,**,1:44.7,-0.3,**,1-1-1-1,29.4-38.1,38.1,466(-4),, ,(ビスカリア),"1,523.1"
2017/07/02,1函館6,曇,10,檜山特別(1000万下),,11,3,3,2.0,1,8,ルメール,56,ダ1700,良,**,1:46.1,0.8,**,5-6-6-6,30.5-37.4,37.7,470(-2),, ,スターストラック, 
2017/06/25,1函館4,曇,12,津軽海峡特別(1000万下),,10,6,6,7.9,3,2,勝浦正樹,57,ダ1700,良,**,1:45.2,0.2,**,1-1-1-1,31.2-36.9,37.1,472(0),, ,エポック,606.4
2017/06/04,3阪神2,晴,10,洲本特別(1000万下),,16,7,13,25.1,6,5,川又賢治,57,ダ1400,良,**,1:24.4,0.5,**,6-5,34.9-36.8,37.0,472(+10),, ,ワンダーリーデル,150.0
2017/05/14,2東京8,曇,12,BSイレブン賞(1600万下),,16,8,15,76.4,14,13,木幡巧也,57,ダ1400,重,**,1:24.2,1.7,**,6-7,35.5-35.2,36.4,462(-4),, ,シュテルングランツ, 
2017/04/23,2東京2,晴,10,鎌倉S(1600万下),,16,7,14,12.1,4,10,蛯名正義,54,ダ1400,稍,**,1:24.0,1.0,**,10-9,34.9-36.1,36.4,466(-4),,,アキトクレッセント, 
2017/04/02,2阪神4,晴,12,鳴門S(1600万下),,16,6,12,51.3,12,7,川又賢治,57,ダ1400,稍,**,1:23.9,0.8,**,10-8,35.0-36.1,36.2,470(0),, ,プレスティージオ, 
2017/02/11,1東京5,晴,10,銀蹄S(1600万下),,16,5,9,27.9,9,16,吉原寛人,54,ダ1400,良,**,1:25.7,2.0,**,16-16,34.8-36.9,35.9,470(-2),,,ポイントブランク, 
2017/01/28,1東京1,晴,9,白嶺S(1600万下),,14,7,12,25.6,7,6,戸崎圭太,56,ダ1600,良,**,1:37.9,0.5,**,2-2,36.1-36.6,37.0,472(+6),, ,アルタイル, 
2016/12/25,5中山9,晴,8,フェアウェルS(1600万下),,15,6,11,25.0,8,15,バルザロ,56,ダ1200,稍,**,1:14.1,2.8,**,15-15,34.6-36.7,37.9,466(-4),,,レッドゲルニカ, 
2016/12/04,5阪神2,雨,10,妙見山S(1600万下),,10,4,4,20.6,6,5,バルザロ,56,ダ1400,良,**,1:23.6,0.3,**,2-2,35.2-35.9,36.1,470(0),, ,ビッグリバティ,182.0
2016/11/05,5京都1,晴,10,貴船S(1600万下),,14,6,10,17.9,6,9,松若風馬,56,ダ1400,良,**,1:24.8,1.1,**,8-8,35.3-36.2,36.6,470(+10),, ,スマートアヴァロン, 
2016/10/22,4東京6,曇,12,3歳上1000万下,,16,5,10,9.3,4,1,戸崎圭太,55,ダ1300,良,**,1:17.7,-0.1,**,7-7,29.0-36.7,36.0,460(-4),, ,(ノーモアゲーム),"1,050.0"
2016/10/02,4中山8,晴,8,3歳上1000万下,,16,1,1,5.5,3,5,川田将雅,55,ダ1200,良,**,1:11.4,0.6,**,12-9,33.8-37.0,36.4,464(-4),,,スティンライクビー,105.0
2016/09/18,4中山4,曇,9,浦安特別(1000万下),,16,8,15,5.4,2,3,川田将雅,55,ダ1200,稍,**,1:11.3,0.2,**,8-7,34.1-37.0,36.5,468(+6),, ,キープレイヤー,384.9
2016/08/07,2新潟4,晴,11,レパードS(G3),,13,3,3,64.5,9,13,石橋脩,56,ダ1800,良,**,1:55.0,4.4,**,7-6-12-13,35.6-37.3,40.0,462(0),, ,グレンツェント, 
2016/07/10,3中京4,晴,9,尾頭橋特別(1000万下),,15,8,15,11.9,4,6,武豊,54,ダ1200,稍,**,1:11.1,0.5,**,4-6,34.1-36.5,36.7,462(-2),, ,ウエスタンラムール, 
2016/06/26,3阪神8,晴,12,リボン賞(1000万下),,16,6,12,9.3,5,3,川田将雅,54,ダ1400,稍,**,1:23.4,0.2,**,3-3,34.0-37.3,37.1,464(+4),, ,ワンダーリーデル,385.4
2016/06/04,3阪神1,曇,12,3歳上500万下,,16,1,1,5.3,2,1,川田将雅,54,ダ1200,良,**,1:11.7,-0.1,**,6-5,34.7-37.0,36.6,460(+4),, ,(ノボリクリーン),750.0
2016/05/14,2東京7,晴,6,3歳500万下,,16,8,16,16.8,8,3,川田将雅,56,ダ1400,良,**,1:25.7,0.2,**,2-2,36.5-36.5,36.6,456(-2),, ,デピュティプライム,180.0
2016/04/30,3京都3,晴,6,3歳500万下,,16,3,6,26.8,7,12,佐藤友則,56,ダ1400,稍,**,1:26.2,1.6,**,15-12,34.5-37.8,38.4,458(+2),, ,レッドウィズダム, 
2016/04/09,3中山5,晴,6,3歳500万下,,16,4,8,7.8,4,4,松岡正海,56,ダ1200,稍,**,1:12.5,0.9,**,13-12,34.6-37.0,36.6,456(-6),, ,トモトモリバー,110.0
2016/03/27,2阪神2,晴,6,3歳500万下,,12,4,4,6.0,3,3,小牧太,56,ダ1200,良,**,1:12.1,0.0,**,9-9,35.0-37.1,35.8,462(-2),, ,タイセイラナキラ,180.0
2016/02/28,1阪神2,晴,6,3歳500万下,,10,2,2,15.2,4,3,小牧太,56,ダ1200,良,**,1:12.8,0.7,**,5-7,35.5-36.6,36.6,464(0),, ,ミスキララ,180.0
2016/02/21,1東京8,晴,6,3歳500万下,,16,5,10,39.0,8,11,井上敏樹,53,ダ1400,重,**,1:25.5,1.3,**,2-3,35.6-36.4,37.5,464(+8),, ,カネノイロ, 
2016/02/06,1東京3,曇,6,3歳500万下,,16,7,14,43.7,10,6,内田博幸,56,ダ1400,良,**,1:26.4,0.8,**,2-2,36.0-36.9,37.6,456(-12),, ,ロンドンタウン, 
2016/01/24,1中京4,晴,3,3歳未勝利,,16,6,12,3.4,2,1,内田博幸,56,ダ1200,良,**,1:14.3,-0.3,**,5-5,34.7-39.6,38.9,468(+4),, ,(ビップフウマ),500.0
2016/01/16,1京都5,晴,2,3歳未勝利,,16,7,13,4.1,2,3,岩田康誠,56,ダ1200,良,**,1:14.2,0.1,**,5-5,35.7-38.4,37.6,464(-4),, ,シゲルオキサワラ,130.0
2015/12/19,5阪神5,晴,1,2歳未勝利,,16,7,14,4.4,2,6,岩田康誠,55,ダ1200,良,**,1:14.2,1.2,**,9-10,35.7-37.3,37.3,468(+4),, ,ロワゾブルー, 
2015/12/06,4中京2,晴,1,2歳未勝利,,16,7,14,7.2,3,3,岩田康誠,55,ダ1400,良,**,1:27.1,0.2,**,2-2,36.1-37.9,38.1,464(+4),, ,タガノグロリオーサ,130.0
2015/11/15,5京都4,曇,2,2歳未勝利,,15,3,4,8.2,3,3,岩田康誠,55,ダ1200,不,**,1:12.0,0.9,**,4-4,35.0-36.1,36.6,460(+2),, ,ロンドンタウン,130.0
2015/11/01,4京都9,晴,1,2歳未勝利,,9,7,7,13.7,6,3,和田竜二,55,ダ1200,良,**,1:14.1,0.8,**,5-4,36.5-36.8,37.1,458(+2),, ,ヒロノフェロー,130.0
2015/10/04,4阪神9,晴,1,2歳未勝利,,13,3,3,11.3,5,9,福永祐一,55,ダ1200,良,**,1:16.0,2.1,**,6-8,35.8-38.1,39.2,456(+4),, ,アオリスト, 
2015/09/20,4阪神4,晴,1,2歳未勝利,,16,1,2,19.3,6,6,福永祐一,54,ダ1200,良,**,1:15.0,1.8,**,6-6,36.2-37.0,38.2,452(-8),, ,コパノリスボン, 
2015/08/30,2札幌4,晴,1,2歳未勝利,,12,7,10,9.9,6,8,藤田伸二,54,ダ1000,良,**,1:01.0,1.2,**,8-8,35.8-35.7,36.3,460(+6),, ,スティルプリンス, 
2015/08/08,1札幌3,晴,1,2歳未勝利,,12,5,5,4.2,2,4,藤田伸二,54,ダ1000,稍,**,1:00.1,0.6,**,2-2,36.0-35.6,36.1,454(+2),, ,ビービーサレンダー,75.0
2015/07/18,2函館3,小雨,5,2歳新馬,,10,3,3,10.9,3,8,藤田伸二,54,芝1200,良,**,1:11.7,0.8,**,1-1,35.6-35.3,36.1,452(0),, ,ドナルチア, 
日付,開催,天気,R,レース名,映像,頭数,枠番,馬番,オッズ,人気,着順,騎手,斤量,距離,馬場,馬場指数,タイム,着差,ﾀｲﾑ指数,通過,ペース,上り,馬体重,厩舎ｺﾒﾝﾄ,備考,勝ち馬(2着馬),賞金
2017/11/19,3福島6,曇,10,土湯温泉特別(500万下),,16,8,16,2.6,1,6,勝浦正樹,55,芝1800,良,**,1:49.7,0.6,**,10-10-4-2,35.3-36.5,36.7,460(+2),, ,キューンハイト, 
2017/09/17,4中山4,雨,9,汐留特別(500万下),,17,6,12,3.8,2,3,三浦皇成,55,芝2000,重,**,2:03.6,0.0,**,12-12-13-6,36.9-36.7,35.7,458(-2),, ,ミッキークロス,265.8
2017/08/20,2札幌2,晴,8,3歳上500万下,,14,5,7,4.7,2,2,ルメール,55,芝2000,良,**,2:02.1,0.0,**,7-6-6-2,37.2-35.7,35.2,460(+2),, ,メイズオブオナー,300.0
2017/07/23,2福島8,曇,9,栗子特別(500万下),,15,4,6,5.2,2,2,吉田豊,55,芝1800,良,**,1:47.7,0.0,**,11-11-13-11,35.7-36.2,35.2,458(+4),, ,ゴールドスミス,430.2
2017/07/02,2福島2,曇,9,雄国沼特別(500万下),,13,6,9,10.2,6,2,石川裕紀,55,芝1800,良,**,1:48.2,0.2,**,9-9-9-5,36.4-35.5,34.9,454(+8),,,ミッシングリンク,429.0
2017/03/05,1小倉8,曇,9,4歳上500万下,,12,7,9,13.2,7,10,吉田隼人,55,ダ1700,良,**,1:48.7,1.6,**,8-8-10-11,30.9-38.5,39.0,446(-6),, ,メイショウサルーテ, 
2017/02/18,1小倉3,晴,6,4歳上500万下,,16,1,2,10.9,5,5,丸山元気,54,ダ1700,良,**,1:47.6,0.6,**,9-9-8-8,30.0-38.0,37.8,452(+6),, ,ノーブルスノー,75.0
2016/11/20,3福島6,晴,10,土湯温泉特別(500万下),,16,2,3,36.1,10,8,国分恭介,53,芝1800,稍,**,1:51.9,0.6,**,8-9-8-8,36.8-36.4,36.2,446(-10),, ,スマートルビー, 
2016/10/16,3新潟2,晴,10,粟島特別(500万下),,17,1,1,10.2,5,12,吉田隼人,53,芝1800,良,**,1:47.2,1.6,**,6-6,35.1-34.3,35.5,456(+6),, ,クリノラホール, 
2016/08/14,2新潟6,晴,7,3歳上500万下,,16,6,11,9.8,5,9,内田博幸,52,芝1800,良,**,1:47.9,0.4,**,5-5,36.8-33.4,33.5,450(0),,,ベアインマインド, 
2016/03/27,3中山2,曇,9,ミモザ賞(500万下),,9,2,2,3.7,2,4,蛯名正義,54,芝2000,良,**,2:03.1,0.8,**,7-8-6-5,35.8-35.4,35.6,450(+4),, ,パールコード,150.0
2016/02/28,2中山2,晴,5,3歳未勝利,,16,4,8,6.7,4,1,戸崎圭太,54,芝1800,良,**,1:49.2,-0.2,**,6-5-4-4,36.6-35.8,35.4,446(+2),,,(ブレイクマイハート),500.0
2016/01/31,1東京2,晴,5,3歳新馬,,16,2,4,15.3,4,3,津村明秀,54,芝1800,良,**,1:50.2,0.4,**,10-9-9,37.1-34.8,34.2,444(0),, ,オアーゾ,150.0
日付,開催,天気,R,レース名,映像,頭数,枠番,馬番,オッズ,人気,着順,騎手,斤量,距離,馬場,馬場指数,タイム,着差,ﾀｲﾑ指数,通過,ペース,上り,馬体重,厩舎ｺﾒﾝﾄ,備考,勝ち馬(2着馬),賞金
2018/01/14,佐賀,曇,12,花吹雪賞(OP), ,12,3,3,4.0,2,6,倉富隆一,54,ダ1800,重,**,2:03.7,1.3,**,1-1-3-4, ,40.9,433(-6), , ,ローザーブルー, 
2017/12/16,佐賀,曇,11,アルデバラン特別, ,8,2,2,1.4,1,5,倉富隆一,54,ダ1750,良,**,1:59.1,1.7,**,1-1-1-2, ,41.1,439(-1), , ,リンノゲレイロ,1.8
2017/11/18,佐賀,曇,12,JRA認定天山賞(OP), ,12,8,11,4.4,2,1,倉富隆一,54,ダ1400,良,**,1:30.9,-0.5,**,2-2-2-1, ,40.5,440(-4), , ,(エスワンノホシ),250.0
2017/10/25,門別,晴,11,サッポロクラシックカ(OP), ,9,7,7,22.3,6,6,阿部龍,54,ダ1200,重,**,1:14.5,1.7,**,3-3, ,39.4,444(-4), , ,ソイカウボーイ, 
2017/10/10,門別,曇,11,クロフネ・プレミアム(OP), ,7,7,7,5.4,3,2,宮崎光行,55,ダ1000,稍,**,1:01.4,0.4,**,1-1, ,37.7,448(+10), , ,ショコラパフェ,20.0
2017/09/03,2札幌6,晴,10,すずらん賞(OP),,15,5,9,189.1,14,10,桑村真明,54,芝1200,良,**,1:12.8,2.0,**,3-5,34.2-36.6,38.2,438(-4),, ,リュウノユキナ, 
2017/08/17,門別,曇,12,フルールカップ〔H3(OP), ,11,3,3,4.5,3,7,宮崎光行,54,ダ1000,重,**,1:02.7,1.2,**,3-3, ,39.4,442(-2), , ,ボーダレスガール, 
2017/07/18,門別,曇,8,JRA認定ウィナーズ(OP), ,10,6,6,7.2,3,1,宮崎光行,54,ダ1200,稍,**,1:15.6,-0.1,**,2-2, ,39.8,444(-2), , ,(リコーデリンジャー),200.0
2017/06/29,門別,曇,12,栄冠賞〔H2〕(OP), ,13,7,10,47.5,11,7,宮崎光行,54,ダ1200,良,**,1:18.2,3.1,**,1-1, ,43.2,446(+10), , ,サザンヴィグラス, 
2017/05/10,門別,曇,4,JRA認定フレッシュ(新馬), ,9,4,4,6.2,3,1,宮崎光行,54,ダ1000,良,**,1:02.0,-0.6,**,1-1, ,38.2,436(0), , ,(スターギア),150.0
日付,開催,天気,R,レース名,映像,頭数,枠番,馬番,オッズ,人気,着順,騎手,斤量,距離,馬場,馬場指数,タイム,着差,ﾀｲﾑ指数,通過,ペース,上り,馬体重,厩舎ｺﾒﾝﾄ,備考,勝ち馬(2着馬),賞金
2017/08/06,1札幌4,晴,9,3歳上500万下,,12,7,10,10.5,7,6,勝浦正樹,54,芝2600,良,**,2:41.3,0.5,**,2-2-2-2,36.7-35.7,36.2,482(+12),, ,コスモピクシス, 
2017/07/15,2函館3,晴,6,3歳未勝利,,16,3,6,4.7,2,1,吉田隼人,56,芝2600,良,**,2:41.2,-0.2,**,2-2-1-1,35.6-36.9,36.9,470(-12),, ,(エール),500.0
2017/06/24,1函館3,晴,4,3歳未勝利,,11,3,3,4.5,3,3,中井裕二,56,芝2600,良,**,2:43.3,0.2,**,4-4-4-3,38.4-35.4,35.2,482(+12),, ,カスタディーヴァ,130.0
2017/05/13,1新潟5,曇,6,3歳未勝利,,16,5,10,7.6,3,8,伴啓太,54,芝2400,稍,**,2:30.1,1.5,**,2-4-2-2,36.1-36.5,37.6,470(-10),, ,ヴァントシルム, 
2017/04/23,1福島6,晴,5,3歳未勝利,,16,7,13,32.1,9,2,伴啓太,54,芝2600,良,**,2:42.6,0.5,**,6-6-3-2,35.4-38.2,38.1,480(-6),, ,マーヴェルズ,200.0
2017/03/26,3中山2,小雨,4,3歳未勝利,,18,8,18,47.4,11,14,田中勝春,56,芝2200,良,**,2:18.8,2.8,**,2-2-1-3,36.6-37.0,39.8,486(-4),, ,ミッキースワロー, 
2017/03/11,2中山5,晴,2,3歳未勝利,,16,3,5,28.9,7,8,野中悠太,53,ダ1800,良,**,1:58.3,2.5,**,14-14-11-11,38.0-39.3,40.5,490(+4),, ,ゴールドブラッド, 
2017/02/19,1東京8,晴,2,3歳未勝利,,16,6,11,26.7,8,5,野中悠太,53,ダ2100,良,**,2:16.8,0.8,**,5-7-7-7,31.9-37.5,37.9,486(+6),, ,エムオーグリッタ,50.0
2017/01/14,1中山4,晴,5,3歳未勝利,,16,1,1,30.3,9,8,大野拓弥,56,芝2000,良,**,2:04.0,1.0,**,14-13-15-14,36.0-38.6,37.6,480(+10),,,マイネルラプティス, 
2016/10/09,4東京2,曇,5,2歳新馬,,16,8,16,22.3,8,9,大野拓弥,55,芝2000,重,**,2:05.7,1.4,**,16-14-14,37.7-35.0,35.0,470(0),,,レイデオロ, 
日付,開催,天気,R,レース名,映像,頭数,枠番,馬番,オッズ,人気,着順,騎手,斤量,距離,馬場,馬場指数,タイム,着差,ﾀｲﾑ指数,通過,ペース,上り,馬体重,厩舎ｺﾒﾝﾄ,備考,勝ち馬(2着馬),賞金
2017/09/08,名古屋,晴,1,サラ3歳16組, ,7,4,4,112.6,7,7,加藤誓二,56,ダ1400,重,**,1:43.1,11.9,**,7-7-7, ,47.8,442(-14), , ,ラインゼウス, 
2017/08/25,名古屋,晴,1,サラ3歳14組, ,8,5,5,154.8,8,8,加藤誓二,56,ダ1400,良,**,1:39.0,8.1,**,6-7-8, ,45.2,456(+6), , ,カッテンストゥッツ, 
2017/08/11,名古屋,曇,1,祝!尊之・沙由未結婚, ,7,7,7,101.2,7,7,木之前葵,55,ダ800,稍,**,0:53.7,4.1,**,5, ,39.2,450(-1), , ,タイセイキセキ, 
2017/07/28,名古屋,曇,1,サラ3歳14組, ,8,4,4,138.4,7,8,加藤誓二,56,ダ800,重,**,0:53.9,2.5,**,8, ,37.7,451(+2), , ,シルヴィバック, 
2017/07/21,名古屋,晴,1,サラ3歳14組, ,6,2,2,33.9,4,6,加藤誓二,56,ダ1400,良,**,1:40.0,5.6,**,3-3-6, ,45.9,449(0), , ,シグラップラテ, 
2017/07/07,名古屋,晴,1,サラ3歳13組, ,8,6,6,87.3,8,8,木之前葵,55,ダ800,稍,**,0:56.5,6.5,**,8, ,41.8,449(-5), , ,レランパゴ, 
2017/06/23,名古屋,晴,1,サラ3歳13組, ,7,4,4,90.1,6,7,丸山真一,56,ダ800,稍,**,0:55.4,5.8,**,7, ,39.7,454(-7), , ,チェキ, 
2017/06/09,名古屋,晴,1,サラ3歳11組, ,8,6,6,65.8,7,7,加藤誓二,56,ダ800,稍,**,0:52.8,1.9,**,6, ,38.3,461(-1), , ,ネオヴィヴィッド, 
2017/05/26,名古屋,雨,1,サラ3歳11組, ,8,1,1,84.8,6,5,加藤誓二,56,ダ800,重,**,0:52.2,2.4,**,5, ,38.0,462(-9), , ,トミケンナプロスト,1.0
2017/05/19,名古屋,晴,1,サラ3歳11組, ,8,2,2,89.4,8,6,加藤誓二,56,ダ800,良,**,0:52.9,2.1,**,6, ,37.8,471(-15), , ,ディストワセブン, 
2017/05/05,名古屋,晴,1,サラ3歳10組, ,8,1,1,67.4,8,8,加藤誓二,56,ダ800,良,**,0:56.4,6.5,**,8, ,41.3,486(-5), , ,ワカダンナ, 
2017/01/20,名古屋,曇,1,サラ3歳8組, ,7,7,7,32.4,6,7,木之前葵,55,ダ800,稍,**,0:57.8,4.7,**,6, ,42.8,491(+5), , ,クールギャング, 
2017/01/06,名古屋,晴,1,サラ3歳7組, ,8,3,3,60.4,6,8,木之前葵,55,ダ800,良,**,0:54.9,3.1,**,8, ,39.8,486(+2), , ,サチタカチャンス, 
2016/12/20,名古屋,曇,1,サラ2歳6組, ,9,4,4,19.4,6,7,木之前葵,54,ダ800,稍,**,0:53.4,2.2,**,8, ,38.7,484(+1), , ,ゴールドトランプ, 
2016/12/14,名古屋,晴,2,サラ2歳5組, ,8,2,2,182.9,8,8,木之前葵,54,ダ1400,不,**,1:38.7,6.6,**,8-8-8, ,44.0,483(-1), , ,ゲネオス, 
2016/11/30,名古屋,曇,3,ウェルカムレディスジ, ,9,5,5,47.3,6,9,木之前葵,54,ダ1400,稍,**,1:40.6,4.7,**,4-5-7, ,44.8,484(+2), , ,ケイサンパルプンテ, 
2016/11/16,名古屋,晴,1,サラ2歳3組, ,8,3,3,4.6,3,5,木之前葵,54,ダ800,稍,**,0:53.2,3.2,**,6, ,38.3,482(-2), , ,メモリーファルコン,1.5
2016/11/01,名古屋,晴,1,サラ2歳3組, ,8,6,6,117.2,8,2,木之前葵,54,ダ800,重,**,0:52.1,0.6,**,2, ,37.9,484(+6), , ,ゴールドマーチ,7.4
2016/10/21,名古屋,曇,1,サラ2歳3組, ,6,3,3,83.7,6,6,大畑雅章,55,ダ1400,良,**,1:38.6,4.8,**,5-5-6, ,44.5,478(+3), , ,トーホウピアノ, 
2016/07/21,名古屋,晴,3,2歳特別, ,8,6,6,120.4,8,8,大畑雅章,55,ダ1400,良,**,1:45.4,12.1,**,7-7-8, ,48.5,475(+6), , ,セカンドビジョン, 
2016/06/24,名古屋,曇,4,2歳新馬, ,5,3,3,6.2,3,5,大畑雅章,55,ダ800,稍,**,0:56.2,6.2,**,5, ,41.6,469(0), , ,メモリーミラクル,4.0
日付,開催,天気,R,レース名,映像,頭数,枠番,馬番,オッズ,人気,着順,騎手,斤量,距離,馬場,馬場指数,タイム,着差,ﾀｲﾑ指数,通過,ペース,上り,馬体重,厩舎ｺﾒﾝﾄ,備考,勝ち馬(2着馬),賞金
2018/02/07,高知,晴,11,風の里公園特別, ,9,2,2, , ,取,宮川実,56,ダ1300,稍,**, , ,**, , , ,計不, , ,センテンスプリング, 
2018/01/31,高知,曇,8,C1ー4, ,8,1,1,1.6,1,1,宮川実,56,ダ1400,重,**,1:31.9,-1.2,**,1-1-1-1, ,40.2,471(-6), , ,(サクラプリズム),40.0
2018/01/17,高知,曇,11,天狗高原特別, ,11,7,9,2.8,2,7,赤岡修次,56,ダ1600,不,**,1:47.4,2.2,**,2-2-1-5, ,41.8,477(+1), , ,キシュウマイウェイ, 
2017/12/28,高知,晴,3,C1ー7, ,9,7,7,1.1,1,1,赤岡修次,56,ダ1300,重,**,1:24.7,-1.5,**,1-1-1-1, ,39.6,476(+3), , ,(コスモディライト),40.0
2017/12/10,高知,曇,2,箸拳特別, ,12,5,5,1.6,1,1,赤岡修次,56,ダ1400,重,**,1:33.6,-0.2,**,1-1-1-1, ,41.9,473(-7), , ,(クインズトロブラボ),30.0
2017/11/25,高知,曇,8,大智君誕生日特別, ,12,1,1,1.9,1,3,宮川実,56,ダ1300,重,**,1:24.4,0.7,**,1-1-1-2, ,40.7,480(+14), , ,マイネルボールド,3.8
2017/08/05,1札幌3,晴,4,3歳未勝利,,14,3,3,33.0,9,4,勝浦正樹,56,ダ1700,良,**,1:46.6,0.9,**,2-2-2-2,29.3-38.7,39.3,466(-2),, ,ユラノト,75.0
2017/07/16,2福島6,曇,6,3歳未勝利,,15,6,10,11.3,6,12,北村宏司,56,ダ1700,良,**,1:51.5,2.8,**,2-4-3-6,30.9-39.1,41.7,468(-4),, ,タイセイエピローグ, 
2017/07/01,2福島1,曇,4,3歳未勝利,,15,2,3,5.4,3,4,北村宏司,56,ダ1700,良,**,1:48.9,0.9,**,1-1-1-1,30.4-38.6,39.5,472(-6),, ,シグネットリング,75.0
2017/06/10,3東京3,晴,3,3歳未勝利,,16,2,3,2.9,1,14,北村宏司,56,ダ1400,良,**,1:27.8,1.6,**,3-3,35.6-38.3,39.6,478(+8),, ,オールイン, 
2017/05/13,2東京7,雨,3,3歳未勝利,,16,8,15,21.8,8,2,北村宏司,56,ダ1400,良,**,1:25.7,0.3,**,2-2,35.3-37.7,37.5,470(+4),, ,エニグマ,200.0
2017/03/26,2中京6,小雨,2,3歳未勝利,,16,8,15,19.5,5,11,藤岡佑介,56,ダ1400,稍,**,1:28.3,1.5,**,11-12,35.0-39.4,40.1,466(-8),, ,ルア, 
2017/03/12,2中京2,晴,1,3歳未勝利,,16,5,10,91.4,11,4,藤岡佑介,56,ダ1400,良,**,1:27.0,0.6,**,13-10,35.5-38.5,37.7,474(-4),, ,アタミ,75.0
2017/01/08,1中山3,曇,1,3歳未勝利,,16,5,9,17.0,6,10,吉田豊,56,ダ1200,良,**,1:14.9,1.8,**,9-8,34.8-38.3,39.5,478(+8),, ,ネコビッチ, 
2016/11/06,5東京2,晴,4,2歳新馬,,16,5,10,83.3,11,6,吉田豊,55,ダ1300,良,**,1:21.8,2.2,**,8-9,30.1-37.1,37.7,470(0),, ,オールドベイリー, 
日付,開催,天気,R,レース名,映像,頭数,枠番,馬番,オッズ,人気,着順,騎手,斤量,距離,馬場,馬場指数,タイム,着差,ﾀｲﾑ指数,通過,ペース,上り,馬体重,厩舎ｺﾒﾝﾄ,備考,勝ち馬(2着馬),賞金
2018/01/24,大井,晴,4,C3七　八, ,16,1,2,62.2,9,13,瀬川将輝,56,ダ1500,不,**,1:38.9,2.9,**,10-11-11-12,32.2-39.2,40.6,468(+2), , ,テギル, 
2017/12/26,大井,晴,3,C3三　四, ,11,7,8,9.9,5,7,瀬川将輝,56,ダ1400,稍,**,1:32.0,1.1,**,10-8-7,38.8-39.7,39.9,466(-4), , ,ジンナムジャ, 
2017/11/29,大井,晴,1,C3三　四, ,13,5,6,182.9,13,2,瀬川将輝,56,ダ1500,稍,**,1:39.7,0.2,**,5-4-4-4,32.6-41.6,41.3,470(0), , ,デルマタスケ,32.0
2017/11/14,大井,雨,3,C3四　五, ,11,4,4,41.0,8,10,瀬川将輝,56,ダ1600,稍,**,1:48.3,2.7,**,8-8-9-9,39.3-41.1,42.5,470(-11), , ,フジブルースター, 
2017/10/30,大井,晴,12,秋晴特別競走, ,16,2,4,105.3,12,14,瀬川将輝,56,ダ1200,不,**,1:18.9,1.9,**,14-14,36.7-40.3,40.1,481(+18), , ,マインフィールド, 
2017/10/17,浦和,雨,5,C3八　九, ,9,3,3,42.7,6,8,有年淳,56,ダ1500,不,**,1:42.9,1.4,**,8-7-8-8,33.0-41.8,41.6,463(0), , ,ジュニア, 
2017/09/21,浦和,晴,4,C3四　五, ,12,7,10,37.1,10,9,中野省吾,56,ダ1400,稍,**,1:34.6,2.3,**,6-6-8-10,37.3-40.7,41.9,463(-3), , ,グッドオー, 
2017/08/17,浦和,曇,4,C3四　五, ,12,8,11,110.8,10,10,秋元耕成,56,ダ1400,不,**,1:34.9,2.2,**,9-9-9-10,38.4-40.4,41.0,466(+5), , ,ジュンナルトー, 
2017/08/02,川崎,曇,4,C3五　六, ,11,6,6,201.4,11,10,秋元耕成,56,ダ1400,不,**,1:37.2,3.9,**,11-11-10-11,39.9-41.0,41.7,461(-7), , ,ノースケアード, 
2017/07/18,浦和,晴,4,C3六　七八, ,10,6,6,10.0,6,5,中野省吾,56,ダ1500,良,**,1:41.0,1.1,**,3-3-4-4,32.9-39.5,40.0,468(+6), , ,エクセルライズ,8.0
2017/06/23,船橋,晴,4,C3二　三　ア, ,11,8,10,74.9,10,7,内田利雄,56,ダ1500,重,**,1:42.1,1.8,**,9-9-8-9,32.1-42.4,42.8,462(-1), , ,マイアミノキセキ, 
2017/06/15,川崎,晴,3,C3三　四, ,8,5,5,57.4,7,8,秋元耕成,56,ダ1500,稍,**,1:42.4,2.1,**,5-5-5-7,32.3-40.3,41.8,463(-9), , ,プチプチ, 
2017/06/01,浦和,曇,4,C3四　五, ,12,6,7,143.8,11,11,秋元耕成,56,ダ1400,稍,**,1:33.4,2.7,**,6-7-7-10,38.0-39.9,41.2,472(-2), , ,ミスワイキキ, 
2017/04/27,浦和,曇,4,C3四　五六, ,11,8,11,121.4,10,11,秋元耕成,56,ダ1500,稍,**,1:41.2,2.4,**,7-8-9-11,32.3-39.5,40.8,474(+4), , ,カイジンクラウン, 
2017/04/13,船橋,晴,2,C3四　五, ,7,6,6,26.2,6,6,秋元耕成,56,ダ1200,重,**,1:18.6,1.5,**,6-7-7,37.4-39.7,40.8,470(-6), , ,オールジャパンラブ, 
2017/03/31,浦和,曇,5,C3二　三, ,10,2,2, , ,取,秋元耕成,56,ダ1400,稍,**, , ,**, ,38.1-39.3, ,計不, , ,ソラリス, 
2017/02/23,浦和,曇,5,C3四　五六, ,11,5,5,17.8,7,8,秋元耕成,56,ダ1400,稍,**,1:32.9,1.0,**,4-5-7-9,37.4-40.8,40.8,476(+2), , ,ハイパワーストーム, 
2017/01/20,浦和,曇,5,C3三　四, ,12,8,12,45.2,10,10,秋元耕成,56,ダ1400,稍,**,1:32.8,2.1,**,7-8-9-12,36.6-40.3,40.5,474(+9), , ,ガールズ, 
2016/11/25,浦和,晴,5,C212　1314, ,12,2,2,10.7,3,10,中野省吾,56,ダ1400,不,**,1:33.6,2.0,**,4-4-6-7,38.2-40.2,41.7,465(+3), , ,ナムラヒロイン, 
2016/11/01,川崎,晴,3,C3三　四五, ,11,4,4,3.5,2,1,中野省吾,56,ダ1500,重,**,1:40.5,-0.2,**,4-4-4-3,31.5-42.3,41.9,462(-6), , ,(ヒカルキング),80.0
2016/10/21,浦和,晴,3,C3二　三四, ,11,7,8,9.5,5,2,秋元耕成,56,ダ1400,良,**,1:31.0,0.1,**,4-5-3-2,37.2-40.7,39.5,468(+3), , ,マケナイデ,24.0
2016/09/15,浦和,曇,7,C3五　六七, ,12,6,8,7.6,5,4,保園翔也,54,ダ1500,重,**,1:40.8,1.3,**,9-9-7-5,32.8-39.2,39.5,465(-2), , ,シッチジョウジュ,10.4
2016/08/29,浦和,雨,5,C3五　六, ,10,8,9,20.4,5,3,保園翔也,54,ダ1400,不,**,1:32.1,1.8,**,3-3-3-4,38.3-38.7,40.0,467(-5), , ,ホウショウバレン,13.6
2016/08/11,浦和,晴,6,C3五　六七, ,12,5,5,12.1,4,5,保園翔也,53,ダ1500,良,**,1:39.5,2.0,**,8-8-7-4,32.0-39.5,40.2,472(-1), , ,ティーケーボーラー,8.0
2016/07/18,浦和,晴,8,秩父龍勢賞, ,12,6,7,6.1,2,6,保園翔也,53,ダ1500,稍,**,1:40.9,2.3,**,11-11-8-9,32.6-39.3,40.4,473(+2), , ,エノテカ, 
2016/06/24,船橋,小雨,6,馬に乗って気分爽快!, ,9,7,7,16.4,5,6,保園翔也,53,ダ1600,重,**,1:48.0,0.9,**,5-5-3-4,41.7-39.5,40.0,471(-7), , ,サクラステラーノ, 
2016/06/03,浦和,晴,7,C3三　四, ,10,7,9,10.5,7,2,保園翔也,53,ダ1400,良,**,1:32.5,0.0,**,3-3-3-2,39.9-39.1,39.0,478(+7), , ,フクノロブロイ,24.0
2016/04/20,大井,晴,1,C3五　六, ,14,3,4,70.6,10,13,中野省吾,56,ダ1200,良,**,1:17.5,2.1,**,8-10,36.7-38.7,39.8,471(0), , ,サブノマイハート, 
2016/04/07,大井,雨,2,C3四　五六, ,12,5,6,17.3,6,10,森泰斗,56,ダ1400,不,**,1:33.3,3.4,**,4-8-10,37.0-40.3,42.9,471(-2), , ,ドラゴンチャンプ, 
2016/03/17,大井,晴,6,C3五　六, ,13,7,11,52.1,11,11,中野省吾,56,ダ1600,重,**,1:46.8,1.8,**,2-2-2-2,39.0-40.0,41.8,473(0), , ,フライトリーダー, 
2016/02/25,大井,晴,4,C3四　五六, ,14,5,8,124.6,11,13,坂井英光,56,ダ1200,重,**,1:17.0,1.8,**,13-13,36.4-38.8,39.6,473(+2), , ,エイワフォーマ, 
2016/02/11,大井,晴,5,C3三　四五, ,14,8,14,66.1,9,10,達城龍次,56,ダ1200,良,**,1:16.3,1.7,**,11-12,36.1-38.5,38.3,471(+1), , ,オーサムリヴァイヴ, 
2016/01/14,大井,晴,5,C3四　五, ,16,3,6,95.4,13,11,町田直希,56,ダ1200,良,**,1:16.0,1.6,**,2-2,35.9-38.5,39.9,470(+3), , ,サブノマサムネ, 
2015/12/31,大井,晴,1,3歳　185万, ,14,8,13,22.3,6,4,笹川翼,56,ダ1200,良,**,1:16.0,1.6,**,4-4,35.8-38.6,39.9,467(+3), , ,チェルカトーレ,12.0
2015/11/27,大井,晴,4,3歳　160万, ,13,7,12,36.3,10,5,笹川翼,56,ダ1400,不,**,1:30.8,0.7,**,3-3-2,37.1-40.0,40.7,464(+5), , ,ドリームラブ,10.0
2015/11/04,大井,晴,4,3歳　170万, ,9,3,3,18.4,6,7,森下博,56,ダ1500,重,**,1:38.9,2.2,**,1-1-1-1,31.3-40.1,42.3,459(-3), , ,パブリックフレンド, 
2015/10/15,大井,晴,2,3歳　160万, ,14,5,8,4.4,2,8,中野省吾,56,ダ1200,良,**,1:16.1,0.7,**,6-6,35.2-40.2,40.5,462(-5), , ,リッコデラコルト, 
2015/09/29,大井,晴,3,3歳　185万, ,14,8,14,7.5,3,4,森泰斗,56,ダ1200,重,**,1:15.3,1.2,**,4-5,35.9-38.2,39.2,467(+7), , ,ジェロニモ,14.4
2015/08/29,2新潟9,小雨,2,3歳未勝利,,18,6,12,60.9,14,15,江田照男,56,芝1200,稍,**,1:10.2,0.7,**,16-17,33.6-35.9,35.0,460(+2),,,ハイレベルバイオ, 
2015/07/04,2福島1,曇,4,3歳未勝利,,15,5,9,38.1,9,14,江田照男,56,ダ1700,良,**,1:51.1,3.6,**,2-3-5-12,30.2-38.4,41.4,458(-10),, ,エリオットベイ, 
2015/05/31,2東京12,晴,1,3歳未勝利,,16,1,2,7.5,4,13,内田博幸,56,ダ1600,良,**,1:43.6,3.2,**,9-14,35.3-39.6,40.8,468(-2),,,デストリーライズ, 
2015/03/28,3中山1,晴,2,3歳未勝利,,16,2,4,7.2,4,12,北村宏司,56,ダ1200,良,**,1:14.4,1.4,**,5-7,34.5-38.5,39.1,470(+10),, ,ワタシダイナマイト, 
2015/01/24,1中山8,晴,3,3歳未勝利,,16,8,15,4.3,2,3,北村宏司,56,ダ1200,重,**,1:12.7,0.7,**,5-5,34.1-37.9,38.1,460(0),, ,アサマ,130.0
2014/12/06,4中山1,晴,5,2歳新馬,,16,8,15,4.4,2,6,北村宏司,55,芝1200,良,**,1:10.7,0.7,**,3-2,34.5-35.5,35.9,460(0),, ,ゴールドシャンティ, 
日付,開催,天気,R,レース名,映像,頭数,枠番,馬番,オッズ,人気,着順,騎手,斤量,距離,馬場,馬場指数,タイム,着差,ﾀｲﾑ指数,通過,ペース,上り,馬体重,厩舎ｺﾒﾝﾄ,備考,勝ち馬(2着馬),賞金
2018/01/22,大井,雨,2,3歳　30万, ,14,1,1,4.7,2,6,高野誠毅,54,ダ1200,重,**,1:19.0,2.3,**,13-10,37.0-39.7,40.6,475(0), , ,レインボーシャーク, 
日付,開催,天気,R,レース名,映像,頭数,枠番,馬番,オッズ,人気,着順,騎手,斤量,距離,馬場,馬場指数,タイム,着差,ﾀｲﾑ指数,通過,ペース,上り,馬体重,厩舎ｺﾒﾝﾄ,備考,勝ち馬(2着馬),賞金
2017/04/23,1福島6,晴,7,4歳上500万下,,15,1,1,8.0,4,7,石橋脩,57,ダ1700,良,**,1:48.3,1.1,**,2-2-2-2,30.0-39.0,39.9,494(-2),, ,ダノンプレシャス, 
2017/04/08,1福島1,曇,9,4歳上500万下,,15,2,2,9.1,6,4,石橋脩,57,ダ1700,良,**,1:47.8,1.1,**,2-4-5-4,29.6-38.6,39.3,496(0),, ,ハシカミ,110.0
2017/03/18,2中京3,晴,7,4歳上500万下,,16,2,4,34.7,9,5,菱田裕二,57,ダ1800,良,**,1:55.3,0.8,**,2-2-2-2,38.2-38.2,38.8,496(-2),, ,アクセラレート,75.0
2017/02/25,1小倉5,晴,6,4歳上500万下,,16,4,7,20.5,9,4,吉田隼人,57,ダ1700,重,**,1:45.8,0.5,**,2-2-3-4,30.5-37.4,37.6,498(-8),, ,スマイルフォース,110.0
2017/01/07,1京都2,晴,4,4歳上500万下,,15,4,7,97.7,11,11,和田竜二,57,ダ1400,良,**,1:25.2,1.4,**,8-9,34.1-37.9,37.9,506(+10),, ,ペプチドアルマ, 
2016/11/27,5京都8,雨,6,3歳上500万下,,16,1,2,35.7,11,13,鮫島克駿,56,ダ1800,不,**,1:53.3,1.6,**,12-12-1-1,36.2-39.0,40.6,496(+8),,,キングラディウス, 
2016/10/02,4阪神8,晴,8,3歳上500万下,,16,4,7,7.9,3,9,高倉稜,57,ダ1400,良,**,1:25.4,1.5,**,9-9,34.9-36.7,37.3,488(+4),,,モアザンイナフ, 
2016/08/21,2小倉8,晴,12,3歳上500万下,,16,5,9,13.6,6,8,高倉稜,57,ダ1700,良,**,1:47.5,1.5,**,2-2-2-2,29.1-40.2,41.4,484(-6),, ,セフティーエムアイ, 
2016/05/29,3京都12,曇,7,4歳上500万下,,16,7,14,15.5,5,9,松田大作,57,ダ1800,良,**,1:53.6,1.2,**,7-8-5-3,35.3-38.9,39.4,490(-2),, ,エアカーディナル, 
2016/04/24,3京都2,晴,8,4歳上500万下,,14,8,13,17.1,6,6,高倉稜,57,ダ1800,良,**,1:52.9,0.1,**,2-2-2-2,35.6-38.8,38.7,492(-4),, ,ダンツホーネット, 
2016/02/28,1阪神2,晴,7,4歳上500万下,,12,7,10,6.1,3,7,武豊,56,ダ1800,良,**,1:54.4,1.8,**,2-2-2-5,36.7-38.0,39.4,496(+2),, ,キングルアウ, 
2016/02/14,1小倉2,曇,7,4歳上500万下,,16,4,8,3.6,2,8,松田大作,56,ダ1700,重,**,1:45.6,0.5,**,3-3-4-4,29.2-37.7,37.9,494(-6),, ,ウエスタンパレード, 
2016/01/16,1京都5,晴,7,4歳上500万下,,12,7,9,8.6,5,3,松田大作,56,ダ1800,良,**,1:54.6,0.2,**,1-1-1-1,38.8-37.2,37.4,500(0),, ,インテグラード,190.0
2016/01/10,1京都3,晴,7,4歳上500万下,,13,6,8,27.8,10,8,高倉稜,56,ダ1800,良,**,1:54.8,1.0,**,1-1-1-1,36.8-38.1,39.1,500(+16),, ,コスモボアソルテ, 
2015/09/21,4阪神5,曇,8,3歳上500万下,,12,8,12,4.2,2,7,高倉稜,54,ダ2000,良,**,2:10.5,2.8,**,3-3-3-1,35.3-38.7,41.4,484(-8),, ,ショウナンバローネ, 
2015/08/29,2小倉9,雨,7,3歳未勝利,,16,2,3,3.4,1,1,高倉稜,56,ダ1700,稍,**,1:44.9,-0.7,**,1-1-1-1,29.7-38.5,38.5,492(-12),, ,(ゼンノウラヌス),460.0
2015/08/23,2小倉8,晴,3,3歳未勝利,,16,7,14,4.2,2,3,高倉稜,56,ダ1700,稍,**,1:46.2,0.4,**,2-2-2-2,29.4-38.2,38.4,504(-2),, ,ジェット,120.0
2015/08/08,2小倉3,晴,6,3歳未勝利,,16,8,15,3.3,1,3,高倉稜,56,ダ1700,良,**,1:46.7,0.1,**,1-1-1-1,29.6-38.8,38.9,506(+6),, ,ワキノハガクレ,120.0
2015/07/19,3中京6,曇,3,3歳未勝利,,15,5,8,40.3,9,2,高倉稜,56,ダ1800,重,**,1:53.6,0.4,**,1-1-1-1,37.2-37.5,37.9,500(+2),, ,ミッキーオリビエ,180.0
2015/06/21,3阪神6,晴,1,3歳未勝利,,16,5,10,16.2,6,9,高倉稜,56,ダ1200,稍,**,1:13.4,1.4,**,14-14,34.6-37.4,36.4,498(0),,,タガノディナー, 
2015/01/18,1京都7,晴,6,3歳新馬,,14,6,9,25.4,8,中,国分優作,56,芝1600,良,**, , ,**, ,36.0-35.3, ,498(0),, ,ネオアトラクション, 
日付,開催,天気,R,レース名,映像,頭数,枠番,馬番,オッズ,人気,着順,騎手,斤量,距離,馬場,馬場指数,タイム,着差,ﾀｲﾑ指数,通過,ペース,上り,馬体重,厩舎ｺﾒﾝﾄ,備考,勝ち馬(2着馬),賞金
2017/11/11,5東京3,晴,12,3歳上1000万下,,16,2,4,24.2,8,9,内田博幸,56,ダ1300,良,**,1:19.2,1.0,**,6-9,29.5-36.5,36.9,482(0),, ,スピーディクール, 
2017/10/22,3新潟4,雨,6,3歳上500万下,,14,1,1,4.5,3,1,古川吉洋,55,ダ1200,重,**,1:10.9,0.0,**,4-4,34.5-36.4,36.1,482(+2),,,(セングウ),750.0
2017/10/01,4阪神9,晴,8,3歳上500万下,,15,1,1,7.8,4,10,和田竜二,55,ダ1200,良,**,1:13.4,1.6,**,1-2,34.6-37.2,38.8,480(-8),, ,テンモース, 
2017/06/24,3阪神7,曇,12,3歳上500万下,,16,3,6,16.4,6,11,和田竜二,54,ダ1400,稍,**,1:25.7,1.2,**,3-2,34.0-38.1,39.1,488(+10),, ,ストリクス, 
2017/05/28,2東京12,晴,4,3歳500万下,,16,2,4,5.9,2,5,武豊,56,ダ1400,稍,**,1:24.6,0.7,**,1-1,35.2-36.3,37.0,478(+6),, ,ラユロット,72.0
2017/04/29,3京都3,晴,2,3歳未勝利,,16,4,7,4.1,2,1,川田将雅,56,ダ1400,良,**,1:26.0,-0.6,**,1-1,36.8-36.4,36.4,472(-4),, ,(ハートフルタイム),500.0
2016/10/30,3新潟6,晴,1,2歳未勝利,,15,8,15,1.7,1,3,加藤祥太,54,ダ1200,稍,**,1:13.8,0.4,**,7-8,34.9-38.5,38.2,476(+8),, ,タマモサザンクロス,130.0
2016/10/09,4京都2,曇,1,2歳未勝利,,14,5,8,3.2,2,3,加藤祥太,54,ダ1400,不,**,1:24.9,0.4,**,2-2,34.0-38.6,38.9,468(-4),, ,サツキユニヴァース,130.0
2016/09/25,4阪神6,曇,1,2歳未勝利,,16,4,8,7.9,4,2,加藤祥太,53,ダ1400,良,**,1:26.1,0.1,**,1-1,35.1-38.5,38.6,472(+6),, ,ラバピエス,200.0
2016/08/27,2札幌3,晴,5,2歳新馬,,12,5,6,15.4,7,5,加藤祥太,53,芝1200,良,**,1:10.9,0.6,**,6-5,34.4-35.9,35.8,466(0),, ,リエノテソーロ,70.0
日付,開催,天気,R,レース名,映像,頭数,枠番,馬番,オッズ,人気,着順,騎手,斤量,距離,馬場,馬場指数,タイム,着差,ﾀｲﾑ指数,通過,ペース,上り,馬体重,厩舎ｺﾒﾝﾄ,備考,勝ち馬(2着馬),賞金
2017/12/24,5阪神8,曇,7,3歳上500万下,,16,2,3,228.8,16,16,川島信二,56,ダ1400,良,**,1:29.8,4.3,**,5-10,35.3-37.7,41.3,454(+20),, ,キングディグニティ, 
2017/09/02,2小倉11,晴,9,八幡特別(500万下),,18,7,14,226.3,18,17,小坂忠士,55,芝1200,良,**,1:10.8,1.7,**,10-11,34.3-34.8,35.6,434(-2),, ,ウインハートビート, 
2017/08/13,2小倉6,晴,7,3歳上500万下,,14,5,7,37.0,8,13,岩崎翼,53,ダ1000,良,**,1:00.9,1.9,**,4-5,34.0-36.4,38.0,436(-2),, ,ゼットパール, 
2017/06/11,3阪神4,晴,12,3歳上500万下,,16,1,2,27.1,8,10,川須栄彦,54,ダ1200,良,**,1:13.1,1.1,**,4-4,34.7-37.3,38.1,438(+4),, ,シンゼンスタチュー, 
2017/05/13,1新潟5,小雨,10,はやぶさ賞(500万下),,16,4,7,17.0,9,14,木幡巧也,56,芝1000,稍,**,0:58.3,2.5,**, ,32.7-33.6,35.1,434(-6),, ,ウランゲル, 
2017/03/18,1阪神7,晴,3,3歳未勝利,,16,4,7,4.9,3,1,川須栄彦,56,ダ1200,良,**,1:12.8,-0.4,**,2-1,35.3-37.5,37.5,440(-6),, ,(キセキノホシ),500.0
2017/02/12,1小倉2,晴,3,3歳未勝利,,18,8,16,5.3,2,15,荻野極,53,芝1200,良,**,1:10.4,1.4,**,6-10,33.6-35.4,36.4,446(+6),, ,ビップソルダー, 
2016/09/10,4阪神1,晴,1,2歳未勝利,,16,4,7,5.6,3,4,川須栄彦,54,ダ1400,良,**,1:26.0,0.5,**,2-2,34.9-38.6,38.8,440(+2),, ,メイクグローリー,75.0
2016/08/27,2小倉9,曇,5,2歳新馬,,14,7,12,4.1,2,2,川須栄彦,54,芝1200,良,**,1:10.5,0.4,**,2-2,34.9-35.2,35.4,438(0),, ,アオアラシ,280.0
日付,開催,天気,R,レース名,映像,頭数,枠番,馬番,オッズ,人気,着順,騎手,斤量,距離,馬場,馬場指数,タイム,着差,ﾀｲﾑ指数,通過,ペース,上り,馬体重,厩舎ｺﾒﾝﾄ,備考,勝ち馬(2着馬),賞金
2017/10/19,浦和,雨,7,C2十　1112, ,10,5,5,1.4,1,1,山崎誠士,54,ダ1400,不,**,1:30.8,0.0,**,2-2-2-1,37.7-40.1,40.0,461(0), , ,(シャムネコ),100.0
2017/09/21,浦和,晴,5,C3四　五, ,12,8,12,5.1,2,1,山崎誠士,54,ダ1400,稍,**,1:30.3,-1.7,**,1-1-1-1,38.1-38.9,38.9,461(+7), , ,(ブリス),80.0
2017/08/24,川崎,晴,3,カササギ賞, ,12,8,11,5.1,2,3,和田譲治,54,ダ900,良,**,0:55.9,1.7,**,3-4,29.1-36.7,38.0,454(+3), , ,シャイニーデジタル,18.0
2017/08/09,船橋,晴,5,C3　選抜馬, ,13,5,6,6.4,3,6,西村栄喜,54,ダ1000,稍,**,1:03.7,0.7,**,1-1,37.3-38.4,39.1,451(-3), , ,ピアーノ, 
2017/07/24,船橋,曇,6,夏の乗馬は気分最高!, ,12,8,12,7.1,4,6,西村栄喜,54,ダ1200,良,**,1:17.1,0.6,**,2-2-2,37.5-39.0,39.5,454(+5), , ,ケンブリッジナイン, 
2017/06/21,船橋,雨,3,スーパー銭湯笑がおの, ,8,8,8,4.0,2,3,西村栄喜,54,ダ1000,不,**,1:04.2,1.4,**,1-1,37.5-37.9,39.3,449(+6), , ,ピュウモッソ,18.0
2016/12/19,浦和,晴,2,3歳一, ,12,4,4,5.2,2,4,西村栄喜,54,ダ1500,稍,**,1:39.1,1.2,**,1-1-1-1,30.9-40.2,41.4,443(-7), , ,クラキングダム,13.0
2016/12/07,船橋,曇,5,ポインセチア賞, ,11,7,8,3.2,2,2,西村栄喜,54,ダ1200,稍,**,1:17.6,0.9,**,1-1-1,36.5-40.2,41.1,450(-2), , ,ブルーズネフュウ,36.0
2016/11/23,浦和,曇,2,3歳四, ,12,6,7,14.0,5,2,西村栄喜,54,ダ1400,重,**,1:31.4,0.1,**,1-1-1-1,38.5-39.2,39.3,452(+1), , ,ラティウム,30.0
2016/11/11,船橋,小雨,6,3歳六　七八　100, ,10,6,6,7.9,5,3,西村栄喜,54,ダ1000,不,**,1:04.0,0.1,**,3-3,35.8-40.1,39.8,451(+13), , ,ピンクパレット,19.8
2016/09/07,園田,晴,7,C2一, ,10,6,6,4.4,2,4,下原理,54,ダ1400,良,**,1:33.4,0.5,**,4-4-3-4, ,41.0,438(-4), , ,ウインエスパシオ,2.4
2016/08/12,園田,晴,3,C2, ,10,3,3,1.6,1,6,川原正一,54,ダ1230,良,**,1:22.6,1.0,**,7-7-6-4, ,40.6,442(-8), , ,ハギノレイラニ, 
2016/07/21,園田,晴,6,C2二, ,10,2,2,1.8,1,3,川原正一,54,ダ1400,良,**,1:32.8,0.7,**,2-2-2-2, ,41.8,450(-4), , ,ヴァルディスーザ,3.6
2016/06/23,園田,晴,5,3歳C1一, ,12,2,2,8.4,3,3,川原正一,55,ダ1400,不,**,1:30.4,0.3,**,4-3-2-2, ,39.1,454(+2), , ,ドンフィアレス,5.4
2016/06/08,園田,晴,4,3歳C1二, ,12,8,11,1.9,1,1,川原正一,54,ダ1400,稍,**,1:32.2,-0.6,**,2-2-1-1, ,40.0,452(+18), , ,(キタノスズラン),45.0
2016/04/30,1新潟1,曇,3,3歳未勝利,,15,8,14,140.3,12,9,川須栄彦,54,ダ1200,稍,**,1:14.4,1.4,**,5-5,34.9-38.1,38.9,434(-6),, ,カリアティード, 
2016/03/19,2中京3,曇,1,3歳未勝利,,16,2,3,18.6,6,11,藤田菜七,51,ダ1400,不,**,1:27.3,1.5,**,13-13,35.5-37.7,38.2,440(0),,,キョウワクロニクル, 
2016/02/13,1小倉1,雨,1,3歳未勝利,,15,1,1,157.9,15,9,義英真,52,ダ1700,重,**,1:48.4,1.6,**,5-4-4-3,29.9-38.8,40.1,440(-8),, ,ラタンドレス, 
2015/11/28,5京都8,晴,6,2歳新馬,,16,1,1,340.5,16,10,難波剛健,54,ダ1400,良,**,1:29.7,2.0,**,12-13,36.1-38.7,39.6,448(0),,,ヨウチエンコース, 
日付,開催,天気,R,レース名,映像,頭数,枠番,馬番,オッズ,人気,着順,騎手,斤量,距離,馬場,馬場指数,タイム,着差,ﾀｲﾑ指数,通過,ペース,上り,馬体重,厩舎ｺﾒﾝﾄ,備考,勝ち馬(2着馬),賞金
2017/12/28,5阪神9,曇,11,ベテルギウスS(OP),,16,4,7,75.3,12,10,和田竜二,56,ダ1800,稍,**,1:53.4,1.4,**,9-8-8-7,37.1-38.1,38.7,508(+10),, ,ルールソヴァール, 
2017/10/22,4東京7,雨,11,ブラジルC(OP),,16,3,6,125.1,16,8,荻野極,53,ダ2100,不,**,2:09.7,1.6,**,2-2-2-2,30.7-37.4,38.7,498(-2),, ,メイショウウタゲ, 
2017/09/17,4中山4,雨,11,ラジオ日本賞(OP),,16,5,10,173.3,16,16,松岡正海,56,ダ1800,不,**,1:53.6,2.6,**,9-9-11-13,36.5-37.8,39.6,500(+2),, ,センチュリオン, 
2017/08/26,2新潟9,晴,11,BSN賞(OP),,15,2,3,79.9,13,9,北村宏司,54,ダ1800,重,**,1:52.4,0.9,**,7-6-7-5,37.0-37.4,37.6,498(-2),, ,トップディーヴォ, 
2017/07/09,2函館2,曇,11,マリーンS(OP),,14,3,3,80.3,11,9,菱田裕二,55,ダ1700,良,**,1:44.5,1.6,**,7-7-6-5,29.4-37.2,38.0,500(-4),, ,テイエムジンソク, 
2017/06/24,1函館3,晴,11,大沼S(OP),,14,7,11,32.9,10,11,菱田裕二,56,ダ1700,良,**,1:45.1,2.3,**,10-11-11-10,28.4-37.4,38.6,504(+6),, ,テイエムジンソク, 
2016/12/18,5阪神6,晴,10,ベテルギウスS(OP),,10,8,9,8.6,5,3,川田将雅,56,ダ2000,良,**,2:04.5,0.9,**,2-3-3-5,36.0-37.1,37.6,498(-4),, ,ミツバ,553.3
2016/11/26,5京都7,曇,10,花園S(1600万下),,12,3,3,4.1,2,1,川田将雅,57,ダ1900,良,**,1:58.3,0.0,**,4-4-5-5,30.8-36.8,36.3,502(-10),, ,(サージェントバッジ),"1,845.2"
2016/10/30,4京都9,晴,10,御陵S(1600万下),,15,5,8,7.3,3,3,幸英明,55,ダ1800,良,**,1:51.3,0.4,**,7-6-5-6,35.0-37.9,37.1,512(+10),, ,マイティティー,464.9
2016/10/08,4京都1,曇,11,平城京S(1600万下),,12,2,2,6.9,3,5,岩田康誠,57,ダ1800,良,**,1:50.7,0.4,**,4-4-4-4,35.7-36.5,36.5,502(-4),, ,タムロミラクル,182.0
2016/09/17,4阪神3,曇,11,オークランドRCT(1600万下),,12,8,11,23.0,8,4,岩田康誠,57,ダ1800,良,**,1:51.5,0.7,**,3-3-3-3,37.3-37.3,37.7,506(0),, ,ミツバ,270.0
2016/04/24,3京都2,曇,10,桃山S(1600万下),,11,1,1,4.4,2,5,幸英明,57,ダ1900,良,**,1:57.6,1.7,**,6-5-5-6,29.1-38.2,38.0,506(-2),, ,マスクゾロ,182.0
2016/04/10,2阪神6,晴,12,梅田S(1600万下),,16,5,10,29.4,10,2,川田将雅,57,ダ1800,稍,**,1:51.4,0.1,**,8-9-7-6,36.5-38.1,37.6,508(+4),,,ブライトアイディア,739.8
2016/02/20,2京都7,雨,12,4歳上1000万下,,12,2,2,6.6,5,1,菱田裕二,57,ダ1800,重,**,1:49.9,0.0,**,4-4-3-3,35.0-37.4,36.9,504(-2),, ,(ワースムーン),"1,050.0"
2016/02/07,2京都4,晴,8,4歳上1000万下,,16,1,1,6.0,3,2,菱田裕二,57,ダ1900,良,**,1:59.9,0.0,**,8-8-9-5,30.2-38.7,37.7,506(+10),, ,ミキノハルモニー,420.0
2015/11/23,5京都7,曇,10,花背特別(1000万下),,16,8,15,15.5,6,11,菱田裕二,57,ダ1800,良,**,1:52.8,1.1,**,10-11-10-11,37.0-36.8,36.8,496(-4),, ,コパノチャーリー, 
2015/11/08,5京都2,雨,8,3歳上1000万下,,10,2,2,12.3,5,3,菱田裕二,57,ダ1800,不,**,1:49.5,1.0,**,3-3-3-3,35.7-37.4,36.5,500(+4),, ,ウエスタンレベッカ,260.0
2015/10/24,4京都6,晴,12,3歳上1000万下,,9,2,2,6.1,4,4,菱田裕二,57,ダ1900,良,**,1:59.6,0.6,**,3-3-4-3,30.5-35.9,36.0,496(+2),, ,ダノングッド,160.0
2015/10/10,4京都1,曇,9,愛宕特別(1000万下),,16,8,15,10.0,5,11,川田将雅,57,ダ1800,良,**,1:52.0,1.0,**,6-7-7-8,37.1-37.9,37.3,494(-10),,,テイエムグンカン, 
2015/04/19,2阪神8,曇,12,4歳上1000万下,,15,4,6,5.4,3,1,川田将雅,57,ダ2000,良,**,2:05.3,0.0,**,3-3-3-4,35.4-36.9,36.6,504(-2),, ,(ハナズリベンジ),"1,050.0"
2015/03/29,2阪神2,曇,12,4歳上1000万下,,16,7,13,15.5,7,4,義英真,54,ダ1800,稍,**,1:52.2,0.5,**,8-8-9-7,36.2-38.2,37.8,506(-6),, ,エノラブエナ,160.0
2015/02/07,1小倉1,小雨,11,早鞆特別(1000万下),,16,4,7,4.0,1,13,国分恭介,53,ダ1700,重,**,1:44.9,1.5,**,14-14-13-14,29.6-36.7,36.9,512(-2),, ,トップボンバー, 
2015/01/11,1京都4,晴,4,4歳上500万下,,13,3,3,2.5,1,1,幸英明,56,ダ1900,稍,**,1:59.6,-0.1,**,4-4-4-4,30.0-37.5,37.3,514(0),, ,(デモニオ),750.0
2014/11/15,4福島3,曇,10,土湯温泉特別(500万下),,15,2,2,2.2,1,3,菱田裕二,55,ダ1700,良,**,1:47.8,0.0,**,11-12-9-7,30.8-37.9,36.9,514(+2),, ,サンデーミノル,226.9
2014/11/02,4京都9,曇,7,3歳上500万下,,12,3,3,3.5,1,2,酒井学,55,ダ1900,良,**,1:59.7,0.2,**,4-4-6-6,30.0-37.6,37.1,512(0),, ,ヴィッセン,300.0
2014/10/14,4京都3,晴,6,3歳上500万下,,9,7,7,6.7,3,3,菱田裕二,55,ダ1900,稍,**,1:58.4,0.7,**,3-3-3-3,29.4-37.2,37.5,512(0),, ,エクストラゴールド,190.0
2014/09/27,4阪神5,晴,8,3歳上500万下,,16,3,6,4.9,2,5,菱田裕二,54,ダ2000,良,**,2:06.1,0.8,**,6-7-6-4,35.0-37.5,37.7,512(+12),, ,タガノゴールド,75.0
2014/07/20,3中京6,晴,8,3歳上500万下,,16,1,2,12.9,5,6,幸英明,54,ダ1900,良,**,1:59.9,0.8,**,14-14-11-10,29.9-38.3,37.9,500(-4),, ,ヴォルケンクラッツ, 
2014/06/21,3阪神5,曇,7,3歳上500万下,,16,1,1,12.7,5,7,幸英明,54,ダ1800,良,**,1:52.6,0.5,**,9-10-9-10,36.6-38.0,37.5,504(-2),, ,シュミット, 
2014/05/31,3京都11,晴,5,3歳500万下,,16,6,12,28.1,10,2,幸英明,56,ダ1800,良,**,1:52.1,0.1,**,8-8-7-7,36.0-37.9,37.2,506(-4),, ,タガノエッヴィーバ,290.0
2014/04/27,3京都2,晴,3,3歳未勝利,,16,2,3,2.1,1,1,幸英明,56,ダ1900,良,**,2:02.1,-0.1,**,4-4-4-3,29.7-39.1,38.7,510(0),, ,(シゲルエッチュウ),500.0
2014/04/13,2阪神6,曇,2,3歳未勝利,,16,2,4,4.8,2,2,幸英明,56,ダ1800,良,**,1:55.2,0.1,**,7-8-7-7,37.5-38.4,37.8,510(0),, ,アドマイヤカロ,200.0
2014/03/29,2阪神1,曇,2,3歳未勝利,,13,5,6,29.4,6,3,バルジュ,56,ダ1800,稍,**,1:54.6,0.3,**,3-3-3-3,37.2-38.1,38.2,510(-4),, ,タガノゴールド,130.0
2014/03/08,1阪神3,晴,2,3歳未勝利,,16,7,14,110.2,10,8,菱田裕二,55,ダ1800,稍,**,1:57.3,1.9,**,7-7-8-9,38.2-38.5,39.0,514(-4),, ,ローレルラシーム, 
2014/02/23,2京都8,晴,6,3歳新馬,,16,1,2,31.7,8,13,菱田裕二,55,芝1800,良,**,1:52.3,2.3,**,12-10,36.9-34.2,35.6,518(0),, ,アドマイヤヤング, 
日付,開催,天気,R,レース名,映像,頭数,枠番,馬番,オッズ,人気,着順,騎手,斤量,距離,馬場,馬場指数,タイム,着差,ﾀｲﾑ指数,通過,ペース,上り,馬体重,厩舎ｺﾒﾝﾄ,備考,勝ち馬(2着馬),賞金
2017/10/15,4京都5,雨,12,藤森S(1600万下),,16,6,11,4.5,2,11,ルメール,57,ダ1200,重,**,1:11.8,0.7,**,3-3,33.9-37.2,37.4,544(+8),, ,オアシスクイーン, 
2017/09/18,4中山5,晴,10,浦安特別(1000万下),,14,4,5,2.8,1,1,ルメール,57,ダ1200,重,**,1:10.4,-0.2,**,1-1,34.2-36.2,36.2,536(-4),, ,(サザンボルケーノ),"1,535.7"
2017/07/08,2函館1,晴,12,噴火湾特別(1000万下),,11,1,1,2.3,1,3,浜中俊,57,ダ1000,良,**,0:58.7,0.9,**,4-4,34.1-35.1,35.6,540(-4),, ,プレシャスエース,383.4
2017/06/24,1函館3,晴,8,3歳上500万下,,12,6,8,2.4,1,1,柴山雄一,57,ダ1000,良,**,0:58.1,-0.9,**,2-2,34.7-34.9,34.8,544(-10),, ,(トルシュローズ),750.0
2017/02/05,1東京4,曇,12,4歳上1000万下,,16,8,15,3.8,2,13,戸崎圭太,57,ダ1300,良,**,1:19.8,1.3,**,4-8,29.5-37.4,37.6,554(-6),, ,リュクサンブール, 
2016/12/10,5中山3,晴,8,3歳上1000万下,,16,8,16,1.7,1,6,戸崎圭太,56,ダ1200,良,**,1:11.7,0.4,**,3-2,33.3-38.0,38.2,560(+4),, ,スズカアーサー, 
2016/10/10,4京都3,晴,9,LトレーナーC(1000万下),,16,6,11,3.7,2,12,ルメール,55,ダ1200,稍,**,1:12.0,1.0,**,6-6,34.3-36.7,37.1,556(+8),, ,ショコラブラン, 
2016/09/18,4中山4,曇,9,浦安特別(1000万下),,16,1,2,1.7,1,2,戸崎圭太,55,ダ1200,稍,**,1:11.2,0.1,**,3-3,34.1-37.0,36.9,548(-8),, ,キープレイヤー,609.8
2016/07/17,2福島6,晴,10,鶴ヶ城特別(1000万下),,16,7,13,2.2,1,2,戸崎圭太,54,ダ1150,良,**,1:07.7,0.2,**,3-3,31.3-36.2,36.2,556(+10),, ,マハロマナ,610.0
2016/05/01,3京都4,晴,10,端午S(OP),,16,5,9,8.4,6,9,ボウマン,56,ダ1400,良,**,1:25.3,0.8,**,1-1,35.0-37.1,37.9,546(+6),, ,ディーズプラネット, 
2016/03/06,2中山4,曇,6,3歳500万下,,16,5,10,1.7,1,1,戸崎圭太,56,ダ1200,良,**,1:12.1,-0.6,**,2-2,34.3-37.8,37.7,540(-10),, ,(ワンパーセント),720.0
2016/01/30,1東京1,曇,1,3歳未勝利,,16,1,2,1.7,1,1,戸崎圭太,56,ダ1300,重,**,1:19.2,-0.7,**,1-1,30.7-35.9,35.9,550(+20),, ,(ブライトピスケス),500.0
2015/11/14,5東京3,雨,5,2歳新馬,,16,5,9,6.0,2,2,ムーア,55,ダ1400,稍,**,1:26.4,0.4,**,2-2,34.7-39.0,39.3,530(0),, ,ストロボフラッシュ,280.0
日付,開催,天気,R,レース名,映像,頭数,枠番,馬番,オッズ,人気,着順,騎手,斤量,距離,馬場,馬場指数,タイム,着差,ﾀｲﾑ指数,通過,ペース,上り,馬体重,厩舎ｺﾒﾝﾄ,備考,勝ち馬(2着馬),賞金
2018/01/30,園田,晴,1,C3二, ,10,7,8,1.3,1,2,田中学,56,ダ1400,良,**,1:35.3,1.0,**,3-3-2-2, ,40.2,455(0), , ,ニシオキボオト,7.0
2017/12/20,園田,晴,6,C2二, ,10,6,6,80.3,9,9,松浦政宏,56,ダ1400,良,**,1:33.4,1.7,**,7-8-9-7, ,40.5,455(+5), , ,グッドフェローズ, 
2017/11/29,園田,曇,6,C2二, ,10,8,10,57.1,9,8,松浦政宏,56,ダ1400,稍,**,1:32.7,1.5,**,10-10-10-10, ,39.7,450(-1), , ,リュウシンローズ, 
2017/11/08,園田,曇,5,C2二, ,9,8,9,60.0,8,8,松浦政宏,56,ダ1400,重,**,1:33.6,2.2,**,9-9-8-8, ,39.5,451(+1), , ,ダノンコスモス, 
2017/10/24,園田,晴,4,C2三, ,9,3,3,66.9,8,2,松浦政宏,56,ダ1400,重,**,1:31.0,0.3,**,9-9-9-7, ,37.8,450(-8), , ,ショウブノセック,8.4
2017/10/04,園田,晴,8,C2二, ,10,6,6,23.1,7,9,下原理,56,ダ1400,重,**,1:33.0,2.3,**,2-2-5-7, ,41.5,458(+2), , ,メイクミーハッピー, 
2017/08/12,2小倉5,晴,3,3歳未勝利,,14,7,11,156.5,14,13,鮫島克駿,55,ダ1000,良,**,1:02.2,2.4,**,14-14,36.0-35.8,36.8,456(+12),, ,マッセル, 
2017/07/02,3中京2,晴,2,3歳未勝利,,16,7,13,88.2,12,16,藤懸貴志,56,芝1600,良,**,1:37.4,2.3,**,4-4-4,35.9-35.1,36.9,444(+4),, ,ジョーアラビカ, 
2017/05/07,3京都6,晴,4,3歳未勝利,,15,2,2,107.8,12,10,森裕太朗,53,芝1800,良,**,1:49.0,1.3,**,8-9,35.5-35.1,35.7,440(-4),, ,ウインストラグル, 
2017/03/26,2阪神2,曇,2,3歳未勝利,,13,8,12,161.4,12,13,川須栄彦,56,ダ1800,良,**,1:59.0,5.1,**,5-5-4-7,37.7-37.4,41.9,444(0),,,キーグラウンド, 
2017/03/19,1阪神8,晴,2,3歳未勝利,,15,4,7,72.4,8,10,国分優作,56,ダ1400,良,**,1:27.8,1.9,**,14-14,35.5-37.7,38.1,444(0),,,シャイニングボルト, 
