ソイカウボーイ,曇,2.5,1,御神本訓,57,ダ1600,良,457(-4),0
ソイカウボーイ,晴,102.6,8,御神本訓,55,ダ1600,良,461(-1),0
ソイカウボーイ,晴,6.9,2,川原正一,55,ダ1400,良,462(-2),1
ソイカウボーイ,晴,2.1,1,岩橋勇二,55,ダ1200,重,464(+10),1
ソイカウボーイ,晴,26.3,7,岩橋勇二,54,芝1200,良,454(-2),0
ソイカウボーイ,曇,2.6,1,岩橋勇二,54,ダ1200,稍,456(-2),1
ソイカウボーイ,晴,1.3,1,岩橋勇二,54,ダ1000,良,458(0),1
ソイルトゥザソウル,晴,10.2,4,田中勝春,56,芝1800,良,430(0),0
ソイルトゥザソウル,晴,11.1,3,田中勝春,56,芝1600,良,430(0),1
ソイルトゥザソウル,曇,14.0,7,田中勝春,55,芝1600,良,430(+4),0
ソイルトゥザソウル,晴,12.1,5,田中勝春,55,芝1600,良,426(0),0
ソイルトゥザソウル,曇,110.6,12,田中勝春,55,芝1600,稍,426(-2),0
ソイルトゥザソウル,晴,20.7,6,田中勝春,54,芝1600,良,428(0),1
ソイルトゥザソウル,小雨,12.7,5,田中勝春,54,芝1200,良,428(-4),1
ソイルトゥザソウル,曇,9.0,6,田中勝春,54,芝1200,良,432(0),0
ソウウンハヤブサ,雨,13.4,5,田中学,54,ダ1400,不,476(+13),1
ソウウンハヤブサ,晴,73.9,11,山田雄大,54,ダ1400,良,463(-2),0
ソウウンハヤブサ,雨,124.1,8,山田雄大,54,ダ1230,重,465(0),0
ソウウンハヤブサ,曇,35.1,9,大山真吾,54,ダ1700,稍,465(+7),0
ソウウンハヤブサ,曇,4.4,3,田中学,54,ダ1400,良,458(-4),1
ソウウンハヤブサ,晴,3.4,3,田中学,54,ダ1400,稍,462(-2),1
ソウウンハヤブサ,雨,4.4,3,田中学,54,ダ1400,不,464(+1),0
ソウウンハヤブサ,曇,6.1,4,田中学,54,ダ1400,稍,463(0),1
ソウシソウアイ,晴,36.4,8,坂井千明,55,芝1600,良,472(+4),0
ソウシソウアイ,晴,30.9,8,坂井千明,55,芝1600,良,468(-8),0
ソウシソウアイ,小雨,28.6,7,徳吉孝士,55,ダ1000,重,476(0),0
ソウスケサン,曇,6.0,3,今野忠成,56,ダ1600,不,527(-5),0
ソウスケサン,晴,4.8,3,今野忠成,56,ダ1500,良,532(+3),0
ソウスケサン,晴,5.6,3,今野忠成,56,ダ1500,良,529(+4),1
ソウスケサン,晴,2.5,1,今野忠成,56,ダ1600,良,525(+7),1
ソウスケサン,晴,3.1,1,今野忠成,56,ダ1400,稍,518(+13),1
ソウスケサン,晴,3.5,1,今野忠成,56,ダ1500,稍,505(-15),0
ソウスケサン,晴,1.8,1,今野忠成,56,ダ900,良,520(+15),0
ソウスケサン,晴,1.8,1,今野忠成,56,ダ1500,良,505(-3),1
ソウスケサン,晴,2.2,1,今野忠成,56,ダ1500,良,508(-11),1
ソウスケサン,曇,2.7,2,今野忠成,55,ダ1400,良,519(+3),1
ソウスケサン,晴,2.1,2,今野忠成,55,ダ1400,重,516(0),1
ソウダチ,雨,23.1,8,岩田康誠,56,ダ1400,稍,424(0),0
ソウタロウ,晴,1.5,1,田知弘久,56,ダ1400,稍,487(0),1
ソウタロウ,晴,42.3,5,田知弘久,56,ダ1600,稍,487(0),0
ソウタロウ,雨,3.8,3,田知弘久,55,ダ1500,不,487(-6),1
ソウタロウ,晴,2.5,2,田知弘久,55,ダ1400,不,493(+7),1
ソウタロウ,曇,5.9,3,五十嵐冬,55,ダ1200,不,486(-8),1
ソウタロウ,晴,10.4,4,井上幹太,54,ダ1000,重,494(+2),0
ソウタロウ,曇,23.8,5,井上幹太,55,ダ1200,不,492(+6),0
ソウタロウ,晴,18.7,7,井上幹太,54,ダ1200,重,486(0),0
ソウタロウ,曇,49.5,9,井上幹太,54,ダ1200,重,486(0),0
ソウタロウ,曇,17.0,6,井上幹太,54,ダ1200,稍,486(+2),0
ソウタロウ,曇,17.8,5,井上幹太,54,ダ1200,良,484(+2),0
ソウタロウ,曇,6.1,3,井上幹太,54,ダ1200,良,482(+8),0
ソウタロウ,曇,36.0,6,五十嵐冬,54,ダ1200,不,474(0),1
ソウタロウ,曇,27.9,4,阪野学,54,ダ1200,良,474(-2),0
ソウタロウ,曇,59.4,9,井上幹太,54,ダ1200,良,476(0),0
ソウブテイオー,晴,49.1,9,酒井忍,57,ダ1500,稍,517(-10),0
ソウブテイオー,晴,122.8,12,酒井忍,57,ダ1600,良,527(+15),0
ソウブテイオー,晴,50.5,11,酒井忍,55,ダ1500,良,512(-7),0
ソウブテイオー,雨,35.9,9,酒井忍,57,ダ1500,重,519(+4),0
ソウブテイオー,晴,39.8,8,酒井忍,56,ダ1600,重,515(+8),0
ソウブテイオー,晴,99.6,9,酒井忍,55,ダ1600,良,507(-1),0
ソウブテイオー,曇,67.1,11,酒井忍,55,ダ1600,稍,508(-6),0
ソウブテイオー,曇,104.4,11,酒井忍,57,ダ1600,良,514(-8),0
ソウブテイオー,晴,391.5,16,酒井忍,57,ダ1400,稍,522(-1),0
ソウブテイオー,雨,306.1,14,酒井忍,55,ダ1600,稍,523(+6),0
ソウブテイオー,晴,105.2,12,酒井忍,56,ダ1600,不,517(+5),0
ソウブテイオー,晴,96.3,12,酒井忍,57,ダ1500,重,512(+5),0
ソウブテイオー,曇,18.1,5,酒井忍,55,ダ1500,重,507(-2),0
ソウブテイオー,晴,2.7,1,酒井忍,57,ダ1600,良,509(0),0
ソウブテイオー,曇,9.7,5,酒井忍,55,ダ1400,稍,509(+1),0
ソウブテイオー,晴,3.6,2,酒井忍,55,ダ1600,良,508(+2),0
ソウブテイオー,晴,1.6,1,酒井忍,55,ダ1500,良,506(-6),1
ソウブテイオー,曇,1.7,1,酒井忍,57,ダ1500,良,512(+2),1
ソウブテイオー,晴,2.5,2,酒井忍,56,ダ1500,良,510(-7),1
ソウブテイオー,晴,2.4,1,酒井忍,57,ダ1500,良,517(-1),0
ソウブテイオー,曇,2.3,2,酒井忍,56,ダ1600,稍,518(+2),1
ソウブテイオー,曇,1.3,1,酒井忍,56,ダ1600,重,516(+1),1
ソウブテイオー,曇,5.9,3,酒井忍,56,ダ1500,良,515(+8),1
ソウブテイオー,曇,2.2,1,酒井忍,56,ダ1600,不,507(-6),1
ソウブテイオー,晴,11.7,5,酒井忍,56,ダ1400,重,513(0),0
ソウブテイオー,晴,4.5,1,酒井忍,56,ダ1500,良,513(-6),1
ソウブテイオー,晴,3.3,1,酒井忍,56,ダ1500,良,519(+4),0
ソウブテイオー,曇,6.4,4,酒井忍,56,ダ1500,不,515(+10),1
ソウブテイオー,雨,1.6,1,酒井忍,55,ダ1400,稍,505(-13),1
ソウブテイオー,晴,2.6,2,酒井忍,55,ダ1400,良,518(0),1
ソウマ,ÆÞ,9.5,3,µÈ±äÃéµÁ,54,¥À1600,½Å,466(-5),0
ソウマ,ÆÞ,8.1,4,µÈ±äÃéµÁ,54,¥À1800,ÉÔ,471(-3),0
ソウマ,ÆÞ,3.7,3,µÈ±äÃéµÁ,54,¥À1600,ãÄ,474(-7),1
ソウラセブン,雨,314.4,11,丸田恭介,54,芝2000,稍,436(-2),0
ソウラセブン,晴,218.0,14,加藤聡一,54,ダ1800,良,438(+2),0
ソウラセブン,晴,178.5,14,黛弘人,54,芝1400,良,436(+8),0
ソウラセブン,曇,193.0,11,黛弘人,54,芝1800,稍,428(-6),0
ソウラセブン,雨,63.4,6,黛弘人,54,芝1800,稍,434(-4),0
ソウラセブン,曇,39.4,5,黛弘人,54,芝1800,重,438(0),0
ソウラセブン,曇,106.4,10,黛弘人,54,芝1200,良,438(0),0
ソウリュウ,晴,14.2,5,酒井忍,56,ダ1400,稍,499(-6),0
ソウリュウ,晴,37.7,8,酒井忍,57,ダ1500,良,505(-3),0
ソウリュウ,晴,8.1,3,酒井忍,56,ダ1400,良,508(+10),1
ソウリュウ,曇,9.7,5,酒井忍,56,ダ1400,良,498(0),1
ソウリュウ,晴,17.7,7,酒井忍,56,ダ1600,稍,498(0),0
ソウリュウ,晴,101.5,14,酒井忍,56,ダ1500,稍,498(0),0
ソウリュウ,晴,8.6,4,酒井忍,56,ダ1600,良,498(+13),0
ソウリュウ,晴,6.9,3,酒井忍,56,ダ1600,稍,485(-2),1
ソウリュウ,晴,36.6,9,酒井忍,56,ダ1600,稍,487(+9),0
ソウリュウ,晴,34.2,11,本田紀忠,56,ダ1500,稍,478(-15),0
ソウリュウ,晴,7.2,3,酒井忍,55,ダ1500,重,493(-2),1
ソウリュウ,晴,36.6,7,酒井忍,55,ダ1600,重,495(+3),0
ソウリュウ,晴,6.2,3,酒井忍,55,ダ1500,良,492(-3),1
ソウリュウ,雨,187.9,10,酒井忍,54,ダ1500,不,495(+8),0
ソウリュウ,雨,24.9,8,酒井忍,54,ダ1500,不,487(+2),0
ソウリュウ,曇,6.3,3,酒井忍,54,ダ1400,良,485(+1),1
ソウリュウ,晴,9.1,4,酒井忍,54,ダ900,稍,484(0),0
ソウルキング,晴,4.6,3,森泰斗,56,ダ1600,良,465(-4),1
ソウルキング,晴,5.3,2,今野忠成,56,ダ1600,稍,469(+3),0
ソウルキング,晴,5.1,3,今野忠成,56,ダ1600,良,466(+6),1
ソウルキング,晴,5.4,3,今野忠成,56,ダ1600,良,460(-2),0
ソウルキング,曇,6.4,3,今野忠成,56,ダ1600,重,462(-2),0
ソウルキング,晴,8.6,3,今野忠成,56,ダ1600,良,464(-2),0
ソウルキング,晴,3.5,1,今野忠成,56,ダ1600,良,466(-3),0
ソウルキング,曇,3.1,1,今野忠成,56,ダ1600,良,469(+5),0
ソウルキング,曇,5.6,4,今野忠成,56,ダ1600,重,464(+4),1
ソウルキング,晴,6.1,2,今野忠成,56,ダ1600,良,460(-2),1
ソウルキング,曇,7.1,3,今野忠成,56,ダ1800,良,462(0),1
ソウルキング,雨,3.3,1,今野忠成,56,ダ1600,良,462(+1),1
ソウルキング,曇,4.5,2,今野忠成,56,ダ1600,不,461(-4),1
ソウルキング,曇,5.7,4,今野忠成,56,ダ1600,良,465(-3),1
ソウルキング,曇,4.4,2,今野忠成,56,ダ1600,不,468(+2),1
ソウルキング,曇,5.3,2,今野忠成,56,ダ1600,稍,466(+7),0
ソウルキング,晴,3.2,1,今野忠成,57,ダ1600,稍,459(-6),1
ソウルキング,曇,1.9,1,坂井英光,57,ダ1400,稍,465(-1),1
ソウルキング,晴,2.2,1,坂井英光,56,ダ1400,不,466(0),0
ソウルキング,晴,2.9,1,坂井英光,56,ダ1400,良,466(-5),1
ソウルキング,曇,1.4,1,坂井英光,56,ダ1400,良,471(+3),1
ソウルキング,曇,1.5,1,坂井英光,56,ダ1400,良,468(0),1
ソウルキング,雨,1.4,1,坂井英光,56,ダ1400,重,468(-1),1
ソウルキング,晴,1.8,1,坂井英光,56,ダ1400,良,469(+1),1
ソウルキング,曇,1.1,1,坂井英光,56,ダ1500,良,468(-2),1
ソウルキング,曇,1.1,1,坂井英光,56,ダ1400,不,470(-5),1
ソウルキング,晴,1.9,1,坂井英光,56,ダ1400,良,475(-1),1
ソウルキング,曇,1.2,1,坂井英光,56,ダ1400,良,476(-10),1
ソウルキング,雨,2.2,1,坂井英光,56,ダ1200,不,486(0),1
ソウルケンシ,曇,2.4,1,坂井英光,56,ダ1500,良,495(-2),1
ソウルケンシ,雨,5.3,2,江川伸幸,56,ダ1500,不,497(+15),1
ソウルケンシ,曇,13.2,3,本田正重,56,ダ1600,重,482(+1),0
ソウルケンシ,晴,6.2,3,本田正重,56,ダ1600,良,481(-26),1
ソウルケンシ,曇,93.1,10,高松亮,56,ダ1500,不,507(-1),0
ソウルケンシ,晴,72.0,11,西村栄喜,56,ダ1500,不,508(+3),0
ソウルケンシ,晴,48.1,11,西村栄喜,56,ダ1500,不,505(-3),0
ソウルケンシ,曇,25.3,3,田中純,56,ダ1750,不,508(+23),1
ソウルケンシ,晴,63.5,7,吉田順治,56,ダ2000,良,485(-12),0
ソウルケンシ,雨,4.6,2,吉田順治,56,ダ1750,不,497(+8),0
ソウルケンシ,曇,1.9,1,長田進仁,56,ダ1800,不,489(-1),0
ソウルケンシ,晴,22.3,5,吉田順治,56,ダ1800,良,490(0),1
ソウルケンシ,雨,2.0,1,吉田順治,55,ダ1400,不,490(+5),1
ソウルケンシ,曇,4.3,2,吉田順治,55,ダ1400,良,485(-2),1
ソウルケンシ,晴,31.7,5,吉田順治,55,ダ1750,良,487(+3),0
ソウルケンシ,晴,16.8,4,吉田順治,55,ダ1750,良,484(+1),1
ソウルケンシ,晴,3.4,2,吉田順治,55,ダ1300,良,483(+13),1
ソウルケンシ,晴,2.6,2,長田進仁,55,ダ1300,重,470(0),1
ソウルケンシ,曇,10.0,3,長田進仁,55,ダ900,稍,470(0),1
ソウルジェム,曇,2.8,2,井上俊彦,54,ダ1200,不,506(-4),1
ソウルジェム,晴,1.9,1,井上俊彦,54,ダ1200,重,510(0),1
ソウルジェム,曇,8.7,4,井上俊彦,54,ダ1200,稍,510(-2),1
ソウルジェム,晴,2.3,2,井上俊彦,54,ダ1000,重,512(-2),1
ソウルジェム,晴,1.5,1,井上俊彦,54,ダ1000,良,514(+4),1
ソウルジェム,曇,1.4,1,田野豊三,54,ダ1000,不,510(+6),1
ソウルジェム,曇,1.5,1,井上俊彦,54,ダ1000,良,504(+4),1
ソウルジェム,曇,14.5,3,井上俊彦,54,ダ1200,良,500(-16),0
ソウルジェム,晴,9.2,4,井上俊彦,54,ダ1200,良,516(0),1
ソウルスターリング,晴,9.3,4,Ｃ．デム,53,芝2400,良,480(0),0
ソウルスターリング,雨,9.4,4,ルメール,54,芝2000,不,480(0),0
ソウルスターリング,曇,2.0,1,ルメール,53,芝1800,良,480(+6),0
ソウルスターリング,晴,2.4,1,ルメール,55,芝2400,良,474(0),1
ソウルスターリング,曇,1.4,1,ルメール,55,芝1600,稍,474(-2),1
ソウルスターリング,晴,1.5,1,ルメール,54,芝1600,良,476(+4),1
ソウルスターリング,晴,2.8,1,ルメール,54,芝1600,良,472(-8),1
ソウルスターリング,曇,2.5,2,ルメール,54,芝1800,良,480(0),1
ソウルスターリング,晴,1.7,1,ルメール,54,芝1800,良,480(0),1
ソウルセイバー,曇,112.4,11,国分優作,56,ダ1400,稍,520(0),0
ソウルセイバー,晴,7.0,3,小崎綾也,55,ダ1400,稍,520(0),0
ソウルバード,晴,39.8,6,高松亮,54,ダ1500,不,489(-8),0
ソウルバード,晴,71.3,10,吉井竜一,54,ダ1500,良,497(+13),0
ソウルバード,晴,26.6,6,吉井竜一,54,ダ1500,稍,484(-5),0
ソウルバード,晴,100.2,10,吉井竜一,54,ダ1600,良,489(0),0
ソウルバード,曇,61.7,11,保園翔也,54,ダ1600,重,489(-1),0
ソウルバード,雨,34.1,8,保園翔也,54,ダ1500,不,490(-7),0
ソウルバード,雨,20.6,7,保園翔也,54,ダ1700,稍,497(+2),0
ソウルバード,雨,30.2,9,保園翔也,54,ダ1500,重,495(+1),0
ソウルバード,曇,28.2,8,保園翔也,54,ダ1600,良,494(-3),0
ソウルバード,曇,17.7,7,保園翔也,54,ダ1500,重,497(-4),0
ソウルバード,晴,26.5,8,保園翔也,54,ダ1500,良,501(+4),0
ソウルバード,晴,50.1,9,保園翔也,53,ダ1600,良,497(+3),0
ソウルバード,曇,15.2,6,保園翔也,53,ダ1600,重,494(-4),0
ソウルバード,曇,25.2,8,保園翔也,53,ダ1600,稍,498(+3),0
ソウルバード,曇,79.0,10,保園翔也,52,ダ1200,不,495(+1),0
ソウルバード,晴,19.4,7,柏木健宏,54,ダ1200,良,494(-6),0
ソウルバード,曇,37.0,10,柏木健宏,54,ダ1600,良,500(-2),0
ソウルバード,晴,21.7,4,柏木健宏,54,ダ1600,稍,502(+2),0
ソウルバード,曇,5.4,3,柏木健宏,54,ダ1600,稍,500(-3),1
ソウルバード,晴,18.5,6,柏木健宏,54,ダ1600,良,503(-1),0
ソウルバード,晴,11.3,5,今野忠成,54,ダ1200,重,504(-3),0
ソウルバード,晴,3.8,1,楢崎功祐,54,ダ1200,不,507(-7),0
ソウルバード,晴,3.4,1,本橋孝太,54,ダ1200,重,514(+4),0
ソウルバード,晴,6.5,4,本橋孝太,54,ダ1200,良,510(+3),1
ソウルバード,曇,58.0,9,本橋孝太,54,ダ1200,不,507(+11),0
ソウルバード,晴,13.0,5,和田譲治,54,ダ1600,稍,496(+2),0
ソウルバード,曇,60.6,12,和田譲治,54,ダ1200,稍,494(-6),0
ソウルバード,曇,31.9,8,和田譲治,54,ダ1200,不,500(-2),0
ソウルバード,晴,42.8,9,和田譲治,54,ダ1400,重,502(+1),0
ソウルバード,曇,14.8,5,山崎誠士,54,ダ1200,重,501(+10),0
ソウルバード,曇,4.1,2,山崎誠士,54,ダ1400,重,491(-8),0
ソウルバード,曇,2.8,1,山崎誠士,54,ダ1400,良,499(-9),1
ソウルバード,晴,3.3,1,山崎誠士,54,ダ1600,不,508(+3),0
ソウルバード,曇,6.5,3,真島大輔,54,ダ1400,良,505(0),1
ソシアルクラブ,晴,36.5,9,岩田康誠,54,芝1600,良,450(-8),0
ソシアルクラブ,晴,9.5,5,福永祐一,54,芝1600,良,458(-12),0
ソシアルクラブ,晴,3.8,2,岩田康誠,54,芝1600,良,470(0),1
ソッサスブレイ,晴,4.0,2,柏木健宏,57,ダ1400,重,455(+1),1
ソッサスブレイ,曇,7.1,3,柏木健宏,57,ダ1600,良,454(-2),1
ソッサスブレイ,晴,8.2,4,柏木健宏,55,ダ1600,良,456(+1),0
ソッサスブレイ,晴,26.7,8,山崎誠士,53,ダ1600,良,455(+2),0
ソッサスブレイ,曇,16.6,7,柏木健宏,58,ダ1800,重,453(+2),1
ソッサスブレイ,曇,22.1,4,柏木健宏,57,ダ1200,重,451(-1),0
ソッサスブレイ,曇,41.6,9,柏木健宏,56,ダ2000,重,452(+2),0
ソッサスブレイ,晴,15.5,5,柏木健宏,55,ダ1700,良,450(-2),1
ソッサスブレイ,晴,4.3,3,柏木健宏,56,ダ1700,重,452(+8),0
ソッサスブレイ,晴,69.5,9,柏木健宏,56,ダ1700,重,444(-2),0
ソッサスブレイ,晴,1.4,1,柏木健宏,57,ダ1700,良,446(-1),1
ソッサスブレイ,晴,1.5,1,柏木健宏,56,ダ1600,重,447(+1),1
ソッサスブレイ,曇,1.5,1,柏木健宏,55,ダ1500,重,446(-6),1
ソッサスブレイ,曇,421.5,13,佐々木国,55,ダ1800,稍,452(-2),0
ソッサスブレイ,曇,28.3,7,佐々木国,55,ダ1700,不,454(+6),0
ソッサスブレイ,晴,3.1,1,佐々木国,54,ダ1600,稍,448(-2),0
ソッサスブレイ,曇,27.8,7,佐々木国,54,ダ1700,稍,450(+4),1
ソッサスブレイ,曇,3.3,2,佐々木国,54,ダ1500,不,446(0),1
ソッサスブレイ,晴,4.6,3,佐々木国,54,ダ1200,良,446(+2),0
ソッサスブレイ,晴,5.1,4,佐々木国,54,ダ1200,良,444(+2),1
ソッサスブレイ,晴,2.2,2,佐々木国,54,ダ1200,良,442(0),1
ソッサスブレイ,曇,2.6,2,亀井洋司,54,ダ1200,重,442(-4),0
ソッサスブレイ,晴,1.3,1,亀井洋司,54,ダ1200,稍,446(+4),1
ソッサスブレイ,晴,75.5,10,亀井洋司,54,ダ1200,不,442(0),1
ソットヴォーチェ,晴,6.4,3,藤原幹生,54,ダ1600,良,464(+7),1
ソットヴォーチェ,雪,58.6,6,藤原幹生,54,ダ1600,稍,457(-5),0
ソットヴォーチェ,曇,6.1,4,藤原幹生,54,ダ1600,重,462(+3),0
ソットヴォーチェ,曇,5.3,3,藤原幹生,54,ダ1600,不,459(-2),0
ソットヴォーチェ,曇,14.4,5,藤原幹生,54,ダ1600,稍,461(0),0
ソットヴォーチェ,曇,2.2,1,藤原幹生,54,ダ1400,重,461(+4),1
ソットヴォーチェ,晴,11.1,4,藤原幹生,54,ダ1400,良,457(+1),0
ソットヴォーチェ,曇,10.9,5,藤原幹生,54,ダ1600,稍,456(0),1
ソットヴォーチェ,晴,15.1,4,藤原幹生,54,ダ1800,良,456(-4),0
ソットヴォーチェ,晴,8.3,4,藤原幹生,55,ダ1600,稍,460(0),1
ソットヴォーチェ,晴,48.1,8,藤原幹生,53,ダ1600,良,460(+5),0
ソットヴォーチェ,曇,2.5,2,藤原幹生,54,ダ1400,良,455(-2),1
ソットヴォーチェ,曇,5.9,4,藤原幹生,54,ダ1400,良,457(-1),1
ソットヴォーチェ,曇,5.9,3,荻野極,52,ダ1600,良,458(-4),0
ソットヴォーチェ,曇,50.8,8,藤原幹生,54,ダ1600,不,462(+2),0
ソットヴォーチェ,晴,2.8,1,藤原幹生,54,ダ1400,良,460(-4),1
ソットヴォーチェ,晴,5.1,4,藤原幹生,54,ダ1400,良,464(+5),1
ソットヴォーチェ,曇,2.5,2,藤原幹生,54,ダ1600,稍,459(+8),1
ソットヴォーチェ,雨,3.6,3,藤原幹生,54,ダ1400,重,451(+5),1
ソットヴォーチェ,晴,5.2,3,藤原幹生,54,ダ1400,良,446(+1),0
ソットヴォーチェ,晴,3.7,2,藤原幹生,54,ダ1400,稍,445(0),1
ソットヴォーチェ,晴,4.1,2,藤原幹生,54,ダ1400,良,445(+2),1
ソットヴォーチェ,晴,1.2,1,藤原幹生,54,ダ1400,稍,443(-2),1
ソットヴォーチェ,晴,2.7,1,藤原幹生,54.5,ダ1600,稍,445(+1),1
ソットヴォーチェ,晴,6.1,2,藤原幹生,54,ダ1800,良,444(-5),1
ソットヴォーチェ,曇,1.9,1,吉井友彦,54,ダ1400,良,449(+3),1
ソットヴォーチェ,晴,1.5,1,吉井友彦,54,ダ1400,良,446(+5),1
ソットヴォーチェ,曇,2.1,1,吉井友彦,54.5,ダ1400,良,441(+1),1
ソットヴォーチェ,雨,1.8,1,藤原幹生,54,ダ1600,良,440(+1),1
ソットヴォーチェ,晴,1.0,1,吉井友彦,54,ダ1400,良,439(+3),1
ソットヴォーチェ,曇,1.4,1,藤原幹生,54,ダ1400,良,436(-3),1
ソットヴォーチェ,曇,2.4,2,藤原幹生,54,ダ1400,良,439(+9),1
ソットヴォーチェ,雨,48.6,8,柴山雄一,54,ダ1700,稍,430(-6),0
ソットヴォーチェ,晴,14.8,6,田辺裕信,54,ダ1600,良,436(0),0
ソットヴォーチェ,晴,22.3,7,ベリー,54,ダ1600,良,436(+2),0
ソットヴォーチェ,晴,24.5,7,ベリー,54,ダ1600,稍,434(-4),0
ソットヴォーチェ,晴,14.4,6,津村明秀,54,ダ1700,稍,438(0),0
ソットヴォーチェ,曇,39.1,10,田辺裕信,54,ダ1600,重,438(+8),0
ソットヴォーチェ,曇,22.0,8,幸英明,54,ダ1700,不,430(-2),0
ソットヴォーチェ,晴,124.8,11,木幡初也,51,芝1600,良,432(0),0
ソッフィダモーレ,晴,33.6,6,藤原幹生,54,ダ1400,良,460(+7),0
ソッフィダモーレ,晴,5.3,2,藤原幹生,54,ダ1400,不,453(-3),0
ソッフィダモーレ,晴,5.9,4,藤原幹生,54,ダ1400,良,456(+10),0
ソッフィダモーレ,晴,332.7,13,荻野琢真,54,ダ1200,良,446(-4),0
ソッフィダモーレ,晴,113.5,11,杉原誠人,54,ダ1200,良,450(+2),0
ソッフィダモーレ,曇,95.8,6,荻野琢真,54,芝1800,重,448(-2),0
ソッフィダモーレ,曇,276.3,8,杉原誠人,54,芝2000,良,450(0),0
ソッフィダモーレ,晴,84.8,12,杉原誠人,54,芝1600,良,450(0),0
ゾディアック,曇,83.3,16,岩部純二,54,芝1400,良,422(0),0
ソトコマタ,晴,9.5,5,佐々木国,54,ダ1700,重,440(+4),0
ソトコマタ,曇,5.3,2,宮崎光行,54,ダ1200,稍,436(+2),0
ソトコマタ,晴,1.9,1,宮崎光行,54,ダ1200,重,434(+6),1
ソトコマタ,雨,5.7,4,佐々木国,54,ダ1200,重,428(-4),1
ソトコマタ,曇,9.6,3,桑村真明,54,ダ1200,良,432(+2),1
ソトコマタ,晴,2.4,2,佐々木国,54,ダ1200,良,430(-10),1
ソトコマタ,曇,19.7,7,佐々木国,54,ダ1200,良,440(0),0
ソニックアロー,晴,30.6,8,中野省吾,54,芝1500,良,532(+8),0
ソニックアロー,曇,8.0,5,岩田康誠,56,芝1500,稍,524(-6),1
ソニックアロー,晴,13.0,6,蛯名正義,56,芝1500,良,530(+10),0
ソニックアロー,晴,3.6,1,荻野極,54,ダ1400,稍,520(+2),0
ソニックアロー,曇,15.1,5,森裕太朗,53,芝1800,良,518(+2),0
ソニックアロー,晴,13.3,6,和田竜二,56,芝1800,良,516(-2),0
ソニックアロー,晴,21.1,8,松若風馬,56,芝1600,稍,518(+6),0
ソニックアロー,曇,12.9,4,松若風馬,55,芝1800,稍,512(+4),0
ソニックアロー,曇,11.4,5,松若風馬,54,芝1800,良,508(0),1
ソニッククルーザー,晴,136.2,8,渡辺竜也,54,ダ1400,良,472(-1),0
ソニッククルーザー,曇,105.8,8,森島貴之,56,ダ1400,重,473(0),0
ソニッククルーザー,晴,37.2,8,森島貴之,56,ダ1400,稍,473(+1),0
ソニッククルーザー,晴,206.6,9,森島貴之,56,ダ1400,良,472(+6),0
ソニッククルーザー,晴,378.3,8,森島貴之,56,ダ1400,良,466(-2),0
ソニッククルーザー,晴,119.6,8,森島貴之,56,ダ1600,重,468(+6),0
ソニッククルーザー,曇,86.9,8,森島貴之,56,ダ1400,良,462(+1),0
ソニッククルーザー,雨,76.4,5,森島貴之,56,ダ1400,不,461(+3),0
ソニッククルーザー,曇,64.7,7,森島貴之,56,ダ1600,良,458(-2),0
ソニッククルーザー,晴,124.7,9,渡辺竜也,53,ダ1400,良,460(0),0
ソニッククルーザー,晴,101.4,6,森島貴之,56,ダ1600,良,460(0),0
ソニッククルーザー,曇,19.5,4,渡辺竜也,53,ダ1400,良,460(-1),1
ソニッククルーザー,曇,12.1,3,森島貴之,56,ダ1400,重,461(+3),0
ソニッククルーザー,曇,278.2,9,大塚研司,56,ダ1400,良,458(0),0
ソニッククルーザー,晴,136.9,8,大塚研司,56,ダ1400,良,458(-5),0
ソニッククルーザー,曇,31.6,5,藤原幹生,56,ダ1400,良,463(0),1
ソニッククルーザー,晴,18.3,5,藤原幹生,56,ダ1400,良,463(-2),0
ソニッククルーザー,晴,49.9,6,大塚研司,56,ダ1400,良,465(+2),1
ソニッククルーザー,晴,42.4,5,森島貴之,56,ダ1400,稍,463(0),0
ソニッククルーザー,雨,132.1,7,藤原幹生,57,ダ1400,稍,463(+1),0
ソニッククルーザー,晴,427.7,9,森島貴之,56,ダ1400,良,462(0),0
ソニッククルーザー,曇,136.8,10,森島貴之,56,ダ1400,良,462(-2),0
ソニッククルーザー,晴,394.6,10,森島貴之,56,ダ1400,良,464(-1),0
ソニッククルーザー,晴,238.6,8,森島貴之,56,ダ1400,稍,465(0),0
ソニッククルーザー,晴,118.9,7,森島貴之,56,ダ1400,良,465(-1),0
ソニッククルーザー,晴,67.7,8,筒井勇介,56,ダ1400,良,466(+5),0
ソニッククルーザー,晴,29.1,5,森島貴之,56,ダ1400,重,461(0),0
ソニッククルーザー,晴,88.9,7,森島貴之,56,ダ1600,良,461(-4),0
ソニッククルーザー,晴,248.5,7,森島貴之,56,ダ1600,良,465(+4),0
ソニッククルーザー,晴,30.0,5,森島貴之,56,ダ1400,良,461(+3),0
ソニッククルーザー,晴,212.7,6,森島貴之,56,ダ1400,良,458(-1),0
ソニッククルーザー,晴,5.4,3,森島貴之,56,ダ1600,稍,459(+10),0
ソニッククルーザー,曇,21.5,5,森島貴之,56,ダ1400,不,449(0),0
ソニッククルーザー,曇,92.1,9,森島貴之,56,ダ1400,良,449(-5),0
ソニッククルーザー,曇,4.1,3,森島貴之,56,ダ1400,良,454(-3),1
ソニッククルーザー,曇,12.3,4,森島貴之,56,ダ1400,良,457(+1),1
ソニッククルーザー,晴,11.9,6,森島貴之,56,ダ1400,良,456(-3),0
ソニッククルーザー,曇,87.1,8,森島貴之,56,ダ1400,稍,459(0),0
ソニッククルーザー,雨,71.3,8,森島貴之,56,ダ1400,稍,459(-1),0
ソニッククルーザー,晴,89.7,9,森島貴之,56,ダ1600,良,460(-1),0
ソニッククルーザー,晴,33.3,5,森島貴之,56,ダ1400,良,461(0),0
ソニッククルーザー,雨,50.8,7,大塚研司,56,ダ1600,不,461(-3),0
ソニッククルーザー,晴,105.2,9,森島貴之,56,ダ1400,稍,464(-2),0
ソニッククルーザー,曇,129.1,10,森島貴之,56,ダ1600,重,466(+6),0
ソニッククルーザー,晴,3.6,2,森島貴之,56,ダ1400,良,460(-2),1
ソニッククルーザー,晴,10.6,4,森島貴之,56,ダ1400,良,462(-2),0
ソニッククルーザー,晴,5.5,3,森島貴之,56,ダ1400,良,464(-1),0
ソニッククルーザー,雨,5.6,2,森島貴之,56,ダ1400,稍,465(0),1
ソニッククルーザー,晴,10.4,3,森島貴之,56,ダ1400,良,465(+2),1
ソニッククルーザー,晴,27.9,5,森島貴之,56,ダ1400,良,463(+9),1
ソニッククルーザー,晴,2.7,2,森島貴之,56,ダ1400,良,454(-2),0
ソニッククルーザー,晴,8.0,4,森島貴之,56,ダ1400,良,456(+1),1
ソニッククルーザー,曇,43.7,6,森島貴之,56,ダ1400,不,455(+9),0
ソニッククルーザー,晴,55.9,5,山下雅之,55,ダ1400,稍,446(-5),0
ソニッククルーザー,曇,7.5,2,山下雅之,55,ダ1400,良,451(+2),0
ソニッククルーザー,晴,3.9,3,山下雅之,55,ダ1600,良,449(-2),1
ソニッククルーザー,晴,3.6,2,山下雅之,55,ダ1400,良,451(0),0
ソニッククルーザー,晴,36.8,6,山下雅之,55,ダ1400,良,451(-3),0
ソニッククルーザー,晴,1.2,1,山下雅之,55,ダ1400,稍,454(+1),1
ソニッククルーザー,曇,2.8,2,山下雅之,55,ダ1400,良,453(-4),1
ソニッククルーザー,曇,123.3,9,山下雅之,55,ダ1600,良,457(-1),0
ソニッククルーザー,曇,1.7,1,山下雅之,55,ダ1400,良,458(0),1
ソニッククルーザー,晴,4.4,3,山下雅之,55,ダ1400,良,458(+3),0
ソニッククルーザー,晴,8.6,3,山下雅之,55,ダ1400,良,455(0),0
ソニッククルーザー,曇,4.6,3,山下雅之,55,ダ1400,稍,455(+2),0
ソニッククルーザー,晴,7.2,3,山下雅之,55,ダ1400,良,453(0),1
ソニッククルーザー,雨,17.3,4,筒井勇介,56,ダ1400,不,453(+1),1
ソニッククルーザー,晴,218.8,8,山下雅之,54,ダ1400,重,452(+3),0
ソニッククルーザー,晴,1.7,1,山下雅之,54,ダ1400,良,449(+1),1
ソニッククルーザー,晴,95.6,9,山下雅之,54,ダ1400,良,448(+2),0
ソニッククルーザー,晴,14.2,4,山下雅之,54,ダ1400,重,446(0),0
ソニッククルーザー,晴,98.9,8,大塚研司,56,ダ1400,良,446(+3),1
ソニッククルーザー,曇,346.9,7,池田敏樹,56,ダ1400,良,443(+1),0
ソニッククルーザー,曇,160.2,8,大塚研司,56,ダ1400,稍,442(-1),0
ソニッククルーザー,曇,105.5,8,山下雅之,54,ダ1400,稍,443(-8),0
ソニッククルーザー,晴,141.9,9,大塚研司,56,ダ1400,良,451(-2),0
ソニッククルーザー,曇,108.6,7,山下雅之,54,ダ1400,重,453(+7),0
ソニッククルーザー,晴,84.7,7,山下雅之,54,ダ1400,良,446(-2),0
ソニッククルーザー,晴,231.5,10,山下雅之,54,ダ1400,良,448(0),0
ソニッククルーザー,雨,19.1,6,山下雅之,54,ダ1400,良,448(+2),0
ソニッククルーザー,曇,22.1,6,池田敏樹,56,ダ1400,良,446(+2),0
ソニッククルーザー,曇,96.9,9,山下雅之,54,ダ1400,不,444(-2),1
ソニッククルーザー,晴,425.3,10,山下雅之,54,ダ1400,良,446(-2),0
ソニッククルーザー,晴,25.2,7,山下雅之,54,ダ1400,良,448(+3),0
ソニッククルーザー,晴,26.2,6,山下雅之,54,ダ1400,良,445(-8),0
ソニッククルーザー,晴,108.3,7,山下雅之,54,ダ1400,良,453(0),0
ソニッククルーザー,晴,70.9,9,山下雅之,54,ダ1400,良,453(-1),0
ソニッククルーザー,曇,9.6,5,山下雅之,54,ダ1400,良,454(+5),0
ソニッククルーザー,雨,30.5,7,山下雅之,54,ダ1400,重,449(-5),0
ソニッククルーザー,晴,27.7,6,山下雅之,52,ダ1400,良,454(+4),1
ソニッククルーザー,曇,85.5,7,山下雅之,52,ダ1400,良,450(-2),0
ソニッククルーザー,曇,140.5,9,湯前良人,55,ダ1400,良,452(+8),0
ソニッククルーザー,雨,382.3,9,浜口楠彦,55,ダ1400,重,444(-5),0
ソニッククルーザー,晴,104.8,10,浜口楠彦,55,ダ1400,良,449(+5),0
ソニッククルーザー,晴,22.9,5,浜口楠彦,55,ダ1400,稍,444(+9),0
ソニッククルーザー,晴,1.4,1,大塚研司,55,ダ1400,重,435(-2),1
ソニッククルーザー,曇,1.4,1,浜口楠彦,55,ダ800,稍,437(+1),1
ソニッククルーザー,曇,31.2,5,浜口楠彦,55,ダ800,不,436(0),1
ソニックジェット,雨,71.0,7,田中直人,54,ダ1400,稍,459(-6),0
ソニックジェット,雨,17.2,5,田中直人,54,ダ1400,不,465(0),0
ソニックジェット,曇,22.9,8,竹吉徹,54,ダ1400,良,465(-1),0
ソニックジェット,曇,2.6,1,田中直人,54,ダ1400,不,466(-4),0
ソニックジェット,晴,2.6,1,田中直人,54,ダ1400,良,470(+6),1
ソニックジェット,晴,7.2,4,田中直人,54,ダ1400,重,464(+3),1
ソニックジェット,曇,16.5,4,田中直人,54,ダ1400,不,461(+10),0
ソニックジェット,曇,6.1,4,田中直人,54,ダ1400,良,451(0),1
ソニックジェット,曇,13.3,3,田中直人,54,ダ1400,稍,451(-3),0
ソニックジェット,曇,43.1,7,田中直人,54,ダ900,良,454(0),1
ソニックジェット,晴,16.5,5,田中直人,54,ダ1300,良,454(+4),0
ソニックジェット,曇,9.1,4,田中直人,54,ダ1400,不,450(0),0
ソニックジェット,曇,10.5,4,田中直人,54,ダ1400,重,450(-6),1
ソニックジェット,雨,11.2,5,村松翔太,54,ダ1300,不,456(+3),1
ソニックジェット,曇,35.5,8,田中直人,54,ダ1400,重,453(-5),0
ソニックジェット,雨,29.3,5,田中直人,54,ダ1400,不,458(0),0
ソニックジェット,晴,10.1,4,岡村健司,51,ダ1400,不,458(-4),0
ソニックジェット,晴,13.1,5,岡村健司,51,ダ1400,不,462(+2),0
ソニックジェット,晴,19.0,5,岡村健司,51,ダ1400,良,460(0),0
ソニックジェット,雨,1.6,1,田中直人,54,ダ1300,不,460(-4),1
ソニックジェット,雨,11.0,3,田中直人,54,ダ1400,不,464(+1),0
ソニックジェット,曇,2.6,1,田中直人,54,ダ1400,稍,463(+11),1
ソニックジェット,晴,29.1,7,吉田順治,54,ダ1400,良,452(-6),1
ソニックジェット,晴,2.9,1,田中直人,54,ダ1300,良,458(+6),1
ソニックジェット,曇,8.1,3,村松翔太,54,ダ1400,稍,452(+3),0
ソニックジェット,雨,8.6,4,田中直人,54,ダ1400,稍,449(+3),0
ソニックジェット,晴,22.5,5,田中直人,54,ダ1300,重,446(0),1
ソニックジェット,曇,7.8,5,田中直人,54,ダ1300,不,446(+6),0
ソニックジェット,曇,12.2,6,田中直人,54,ダ1400,良,440(-4),0
ソニックジェット,曇,9.3,4,田中直人,54,ダ1400,不,444(0),0
ソニックジェット,曇,8.6,2,田中直人,54,ダ1400,不,444(-2),0
ソニックジェット,曇,2.9,1,田中直人,54,ダ1300,不,446(+4),0
ソニックジェット,晴,1.6,1,田中直人,54,ダ1400,稍,442(-1),1
ソニックジェット,晴,2.1,1,田中直人,54,ダ1300,不,443(+1),1
ソニックジェット,雨,2.7,2,田中直人,54,ダ1400,重,442(0),1
ソニックジェット,晴,1.2,1,岩永千明,53,ダ1300,不,442(-1),1
ソニックジェット,曇,3.5,2,岩永千明,53,ダ1300,稍,443(-3),1
ソニックジェット,晴,5.8,2,岩永千明,53,ダ1300,良,446(-3),1
ソニックジェット,曇,4.8,3,岩永千明,53,ダ1300,稍,449(+4),0
ソニックジェット,曇,8.1,3,岩永千明,53,ダ1750,不,445(+1),0
ソニックジェット,晴,2.7,2,岩永千明,53,ダ1400,不,444(0),0
ソニックジェット,曇,3.8,3,岩永千明,53,ダ1400,重,444(-5),1
ソニックジェット,晴,6.5,5,岩永千明,53,ダ1400,良,449(0),1
ソニックジェット,曇,3.5,2,岩永千明,53,ダ1400,不,449(+4),1
ソニックジェット,晴,6.2,4,岩永千明,53,ダ1400,良,445(+1),0
ソニックジェット,曇,6.3,5,岩永千明,53,ダ1400,稍,444(-2),0
ソニックジェット,曇,2.5,1,岩永千明,53,ダ1400,稍,446(-1),1
ソニックジェット,曇,5.4,3,鈴木麻優,50,ダ1400,重,447(-3),0
ソニックジェット,曇,22.6,5,岩永千明,53,ダ1400,稍,450(+5),1
ソニックジェット,晴,3.7,2,岩永千明,53,ダ1300,不,445(-3),1
ソニックジェット,曇,26.8,5,岩永千明,53,ダ1300,稍,448(0),1
ソニックセンス,曇,4.1,3,東川公則,56,ダ1400,稍,477(-11),1
ソニックセンス,晴,1.7,1,東川公則,56,ダ1400,稍,488(+4),1
ソニックセンス,晴,77.4,14,国分優作,56,ダ1200,良,484(+8),0
ソニックセンス,晴,76.6,9,義英真,55,ダ1200,重,476(0),0
ソニックセンス,曇,119.3,12,国分恭介,56,芝1800,良,476(+4),0
ソニックセンス,晴,22.5,8,国分優作,56,ダ1700,重,472(-4),0
ソニックセンス,晴,70.2,13,水口優也,56,ダ1400,稍,476(0),0
ソノラ,曇,41.5,9,武士沢友,54,ダ1700,良,474(-4),0
ソノラ,曇,122.3,13,江田照男,56,ダ1600,良,478(-4),0
ソノラ,晴,35.8,9,田中勝春,56,ダ1300,良,482(-7),0
ソノラ,晴,30.5,9,菊沢隆徳,53,芝1200,良,460(-4),0
ソノラ,曇,3.3,1,村上忍,53,芝1200,良,464(-1),0
ソパドゥルグムシュ,曇,188.8,13,嘉藤貴行,54,芝1200,稍,420(0),0
ソパドゥルグムシュ,晴,33.5,9,嘉藤貴行,54,芝1200,良,420(0),0
ソフィアブラッキー,晴,9.4,5,中田貴士,54,ダ1400,稍,440(-3),0
ソフィアブラッキー,晴,131.3,10,中田貴士,54,ダ1400,良,443(-5),0
ソフィアブラッキー,晴,42.4,7,中田貴士,54,ダ1400,不,448(0),0
ソフィアブラッキー,晴,23.4,6,中田貴士,54,ダ1400,良,448(-1),0
ソフィアブラッキー,晴,235.0,10,松浦政宏,54,ダ1400,良,449(+2),1
ソフィアブラッキー,晴,231.4,12,松浦政宏,54,ダ1400,良,447(-1),0
ソフィアブラッキー,雨,93.2,9,松浦政宏,54,ダ1400,重,448(-9),0
ソフィアブラッキー,晴,57.6,9,松浦政宏,54,ダ1400,稍,457(+6),0
ソフィアブラッキー,曇,115.3,7,松浦政宏,54,ダ1400,不,451(-1),0
ソフィアブラッキー,曇,2.4,1,松浦政宏,54,ダ1400,良,452(+18),1
ソフィアブラッキー,晴,3.0,1,松浦政宏,54,ダ1400,良,434(+6),1
ソフィアブラッキー,曇,20.0,5,松浦政宏,54,ダ1400,稍,428(-3),0
ソフィアブラッキー,曇,9.6,4,松浦政宏,54,ダ1400,重,431(-3),0
ソフィアブラッキー,晴,11.1,5,松浦政宏,54,ダ1400,良,434(+2),0
ソフィアブラッキー,曇,36.1,8,松浦政宏,54,ダ1400,重,432(-7),0
ソフィアブラッキー,晴,12.4,5,松浦政宏,54,ダ1400,良,439(+6),1
ソフィアブラッキー,曇,8.7,4,松浦政宏,54,ダ1400,不,433(-5),0
ソフィアブラッキー,晴,24.3,6,松浦政宏,54,ダ1400,良,438(+3),0
ソフィアブラッキー,曇,14.1,6,松浦政宏,54,ダ1400,稍,435(-2),0
ソフィアブラッキー,晴,5.5,3,松浦政宏,54,ダ1400,良,437(+2),0
ソフィアブラッキー,雨,8.8,3,松浦政宏,54,ダ1400,重,435(-5),1
ソフィアブラッキー,曇,6.6,3,中田貴士,54,ダ1400,良,440(+1),0
ソフィアブラッキー,晴,6.6,3,川原正一,54,ダ1400,重,439(-2),1
ソフィアブラッキー,曇,114.6,7,中田貴士,54,ダ1400,良,441(-2),0
ソフィアブラッキー,晴,36.9,7,笹田知宏,54,ダ1400,稍,443(-1),0
ソフィアブラッキー,曇,41.3,6,中田貴士,54,ダ1400,良,444(0),0
ソフィアブラッキー,晴,19.7,6,中田貴士,54,ダ1400,良,444(0),0
ソフィアブラッキー,晴,2.8,1,中田貴士,54,ダ1400,良,444(-6),0
ソフィアブラッキー,晴,7.2,4,中田貴士,54,ダ1400,重,450(+4),1
ソフィアブラッキー,曇,2.6,1,中田貴士,54,ダ1400,良,446(+5),1
ソフィアブラッキー,晴,48.3,6,松浦政宏,54,ダ1400,良,441(0),1
ソフィアブラッキー,晴,29.3,8,松浦政宏,54,ダ1400,良,441(+6),0
ソフィアブラッキー,晴,30.0,6,松浦政宏,54,ダ1400,良,435(+6),0
ソフィアブラッキー,晴,107.5,8,松浦政宏,54,ダ1400,良,429(-1),0
ソフィアブラッキー,晴,262.1,12,松浦政宏,54,ダ1400,良,430(-3),0
ソフィアブラッキー,晴,66.8,9,松浦政宏,54,ダ1700,良,433(+2),0
ソフィアブラッキー,晴,55.9,9,松浦政宏,54,ダ1400,不,431(-1),1
ソフィアブラッキー,晴,32.8,9,松浦政宏,54,ダ1400,良,432(+1),0
ソフィアブラッキー,晴,165.2,9,松浦政宏,54,ダ1400,良,431(-1),0
ソフィアブラッキー,曇,19.8,7,松浦政宏,54,ダ1400,良,432(+1),0
ソフィアブラッキー,晴,309.7,11,中田貴士,54,ダ1400,良,431(-3),0
ソフィアブラッキー,雨,35.5,10,中田貴士,54,ダ1400,不,434(+7),0
ソフィアブラッキー,晴,30.1,8,松浦政宏,54,ダ1400,良,427(-1),0
ソフィアブラッキー,晴,50.6,8,松浦政宏,54,ダ1400,良,428(+2),0
ソフィアブラッキー,晴,21.9,6,松浦政宏,54,ダ1400,稍,426(-4),0
ソフィアブラッキー,晴,480.1,12,松浦政宏,54,ダ1400,不,430(-7),0
ソフィアブラッキー,晴,271.3,11,中田貴士,54,ダ1700,良,437(+2),0
ソフィアブラッキー,雨,241.5,11,中田貴士,54,ダ1400,不,435(-5),0
ソフィアブラッキー,晴,85.2,8,中田貴士,54,ダ1700,良,440(+2),0
ソフィアブラッキー,曇,165.4,10,大柿一真,54,ダ1400,良,438(-8),0
ソフィアブラッキー,雨,11.6,6,松浦政宏,54,ダ1400,稍,446(+4),1
ソフィアブラッキー,曇,6.7,4,松浦政宏,54,ダ1400,重,442(+10),0
ソフィアブラッキー,雨,3.4,2,松浦政宏,54,ダ1400,不,432(-5),0
ソフィアブラッキー,曇,11.1,4,松浦政宏,54,ダ820,不,437(0),1
ソフィアローズ,晴,30.2,9,矢野貴之,54,ダ1600,良,496(-6),1
ソフィアローズ,晴,7.6,5,真島大輔,54,ダ1600,稍,502(-1),0
ソフィアローズ,晴,17.6,8,本橋孝太,53,ダ1400,稍,503(+1),0
ソフィアローズ,晴,8.2,4,矢野貴之,54,ダ1500,良,502(-1),1
ソフィアローズ,晴,3.6,1,矢野貴之,54,ダ1400,稍,503(+5),0
ソフィアローズ,晴,4.5,2,矢野貴之,54,ダ1400,良,498(-3),1
ソフィアローズ,晴,5.7,3,矢野貴之,54,ダ1500,良,501(-1),0
ソフィアローズ,晴,5.4,3,矢野貴之,54,ダ1400,稍,502(+4),1
ソフィアローズ,曇,15.4,6,矢野貴之,54,ダ1500,重,498(+1),0
ソフィアローズ,曇,4.8,2,矢野貴之,54,ダ1400,良,497(0),0
ソフィアローズ,晴,24.2,6,矢野貴之,54,ダ1500,重,497(0),0
ソフィアローズ,晴,3.5,2,矢野貴之,54,ダ1500,良,497(-9),1
ソフィアローズ,晴,7.4,3,矢野貴之,55,ダ1500,重,506(+7),0
ソフィアローズ,晴,4.4,2,矢野貴之,54,ダ1500,良,499(-1),1
ソフィアローズ,晴,10.3,6,矢野貴之,54,ダ1600,不,500(+5),1
ソフィアローズ,曇,28.3,7,今野忠成,54,ダ1200,稍,495(-8),0
ソフィアローズ,晴,6.2,3,町田直希,54,ダ1400,不,503(+6),0
ソフィアローズ,晴,10.7,6,町田直希,54,ダ1500,重,497(-6),0
ソフィアローズ,晴,6.5,4,町田直希,54,ダ1400,良,503(+3),1
ソフィアローズ,晴,24.2,9,町田直希,54,ダ1500,良,500(+4),1
ソフィアローズ,晴,39.5,11,町田直希,54,ダ1400,良,496(-2),0
ソフィアローズ,曇,26.4,10,町田直希,54,ダ1600,重,498(+4),0
ソフィアローズ,晴,25.1,8,和田譲治,54,ダ1600,良,494(-2),0
ソフィアローズ,曇,23.1,10,町田直希,54,ダ1400,良,496(+2),0
ソフィアローズ,曇,16.5,8,和田譲治,54,ダ1600,不,494(+3),0
ソフィアローズ,晴,12.4,6,和田譲治,54,ダ1600,良,491(-6),1
ソフィアローズ,曇,8.3,5,的場文男,54,ダ1600,重,497(+3),0
ソフィアローズ,曇,11.3,4,町田直希,54,ダ1200,稍,494(0),0
ソフィアローズ,晴,3.8,2,矢野貴之,54,ダ1400,良,494(+1),1
ソフィアローズ,晴,6.4,3,町田直希,54,ダ1500,良,493(-2),1
ソフィアローズ,晴,13.1,3,町田直希,54,ダ1400,良,495(+1),1
ソフィアローズ,晴,12.8,6,矢野貴之,54,ダ1500,良,494(+3),0
ソフィアローズ,曇,12.5,6,酒井忍,54,ダ1500,良,491(-1),0
ソフィアローズ,曇,8.0,3,矢野貴之,54,ダ1400,良,492(-5),0
ソフィアローズ,晴,5.5,4,矢野貴之,54,ダ1400,不,497(+1),1
ソフィアローズ,晴,6.0,3,矢野貴之,54,ダ1400,良,496(+1),0
ソフィアローズ,曇,8.8,5,郷間勇太,54,ダ1500,良,495(+4),0
ソフィアローズ,晴,67.9,10,郷間勇太,54,ダ1400,重,491(-2),0
ソフィアローズ,晴,43.8,11,郷間勇太,54,ダ1400,重,493(-9),0
ソフィアローズ,晴,30.3,8,郷間勇太,54,ダ1600,良,502(+7),0
ソフィアローズ,晴,4.2,2,矢野貴之,54,ダ1400,良,495(+2),0
ソフィアローズ,曇,4.8,2,矢野貴之,54,ダ1500,稍,493(0),0
ソフィアローズ,晴,4.8,3,矢野貴之,54,ダ1600,重,493(+1),1
ソフィアローズ,曇,5.2,4,矢野貴之,54,ダ1400,良,492(+1),1
ソフィアローズ,曇,17.8,6,矢野貴之,54,ダ1600,稍,491(0),1
ソフィアローズ,雨,14.8,5,矢野貴之,54,ダ1500,不,491(-3),1
ソフィアローズ,曇,26.8,8,拜原靖之,54,ダ1400,良,494(+8),0
ソフィアローズ,晴,61.8,12,拜原靖之,54,ダ1500,良,486(-5),1
ソフィアローズ,雨,11.3,6,今野忠成,54,ダ1200,不,491(+3),0
ソフィアローズ,晴,134.7,12,矢野貴之,54,ダ1400,良,488(-6),0
ソフィアローズ,曇,106.6,12,矢野貴之,54,ダ1600,重,494(+1),0
ソフィアローズ,晴,11.7,7,矢野貴之,54,ダ1400,不,493(+2),0
ソフィアローズ,雨,46.6,9,郷間勇太,54,ダ1400,不,491(+3),0
ソフィアローズ,晴,72.3,8,矢野貴之,54,ダ1500,良,488(+7),0
ソフィアローズ,晴,115.2,11,須藤優,54,ダ1500,良,481(+1),0
ソフィアローズ,雨,30.4,8,須藤優,54,ダ1600,不,480(+2),0
ソフィアローズ,曇,75.0,9,須藤優,54,ダ800,良,478(+1),0
ソフィアローズ,晴,141.9,9,須藤優,54,ダ1400,重,477(+4),0
ソフィアローズ,晴,180.4,12,須藤優,54,ダ1600,良,473(-1),0
ソフィアローズ,晴,78.5,8,須藤優,54,ダ800,良,474(+2),0
ソフィアローズ,晴,239.3,11,須藤優,54,ダ1400,稍,472(-1),0
ソフィアローズ,晴,222.5,14,須藤優,54,ダ1600,良,473(-19),0
ソフィアローズ,曇,48.9,9,張田京,53,ダ1400,良,492(+3),0
ソフィアローズ,晴,130.5,13,張田京,53,ダ1500,良,489(+8),0
ソフィアローズ,晴,13.4,7,張田京,53,ダ1600,重,481(-5),0
ソフィアローズ,晴,6.1,4,御神本訓,54,ダ1500,重,486(+6),0
ソフィアローズ,晴,4.3,3,張田京,54,ダ1600,良,480(+3),1
ソフィアローズ,晴,9.9,6,張田京,54,ダ1500,良,477(-3),0
ソフィアローズ,曇,31.8,9,張田京,54,ダ1800,良,480(+5),0
ソフィアローズ,晴,20.0,6,張田京,54,ダ1600,良,475(-1),1
ソフィアローズ,晴,2.5,1,張田京,54,ダ1500,稍,476(-3),0
ソフィアローズ,晴,4.3,3,張田京,54,ダ1400,稍,479(+7),0
ソフィアローズ,晴,7.5,4,田中学,54,ダ1400,稍,472(-10),1
ソフィアローズ,晴,6.2,3,町田直希,54,ダ1500,稍,482(0),0
ソフィアローズ,曇,1.3,1,町田直希,54,ダ1400,良,482(0),1
ソフトポジション,晴,2.6,2,松井伸也,56,ダ1000,稍,458(0),0
ソフトポジション,晴,4.8,3,石川倭,55,ダ1000,重,458(+2),1
ソフトポジション,晴,10.5,5,石川倭,55,ダ1200,稍,456(-6),0
ソフトポジション,曇,12.2,6,石川倭,54,ダ1200,重,462(+4),0
ソフトポジション,曇,4.2,2,岩橋勇二,54,ダ1200,稍,458(-10),1
ソフトポジション,曇,1.7,1,石川倭,54,ダ1200,良,468(+6),0
ソフトポジション,曇,2.3,1,石川倭,54,ダ1600,稍,462(-2),0
ソフトポジション,晴,1.1,1,石川倭,54,ダ1200,稍,464(-4),1
ソフトポジション,晴,12.1,4,石川倭,54,ダ1200,稍,468(+4),1
ソフトポジション,曇,42.6,8,松井伸也,54,ダ1200,稍,464(0),0
ソムタム,曇,213.8,14,的場勇人,54,ダ1800,良,470(-6),0
ソムタム,晴,266.3,13,柿原翔,54,ダ1200,稍,476(+18),0
ソムタム,晴,46.2,9,勝浦正樹,54,ダ1200,稍,458(+4),0
ソムタム,晴,78.5,14,的場勇人,54,芝1200,良,454(0),0
ソムリエドヌール,曇,16.5,5,松本幸祐,54,ダ1400,稍,427(-10),0
ソムリエドヌール,雨,12.0,4,高畑皓一,54,ダ1400,重,437(+12),0
ソムリエドヌール,雨,10.6,6,山田雄大,54,ダ1400,不,425(-6),0
ソムリエドヌール,曇,3.2,1,山田雄大,54,ダ1400,重,431(+1),1
ソムリエドヌール,晴,3.7,2,永井孝典,54,ダ1400,稍,430(-5),0
ソムリエドヌール,曇,13.6,5,吉村智洋,54,ダ1400,良,435(+2),0
ソムリエドヌール,晴,3.8,3,吉村智洋,54,ダ1400,良,433(+7),0
ソムリエドヌール,晴,3.9,3,吉村智洋,54,ダ1400,稍,426(-4),1
ソムリエドヌール,晴,5.0,3,吉村智洋,54,ダ1400,良,430(+6),0
ソムリエドヌール,晴,7.7,2,吉村智洋,54,ダ1400,良,424(-7),0
ソムリエドヌール,曇,6.4,3,吉村智洋,54,ダ1400,稍,431(+5),1
ソムリエドヌール,晴,10.4,2,吉村智洋,54,ダ1400,良,426(-1),1
ソムリエドヌール,晴,6.0,3,吉村智洋,54,ダ1400,良,427(-5),1
ソムリエドヌール,晴,3.0,2,吉村智洋,54,ダ1400,良,432(+2),0
ソムリエドヌール,晴,6.6,2,吉村智洋,54,ダ1400,良,430(+6),0
ソムリエドヌール,晴,28.5,5,吉村智洋,54,ダ1400,稍,424(+2),1
ソムリエドヌール,曇,188.3,10,山崎雅由,54,ダ1400,良,422(+1),0
ソムリエドヌール,雨,27.9,7,大山真吾,54,ダ1400,不,421(+2),0
ソムリエドヌール,晴,17.6,7,田中学,54,ダ1400,良,419(-1),0
ソムリエドヌール,晴,2.8,1,田中学,54,ダ1400,良,420(-4),0
ソムリエドヌール,晴,2.2,1,田中学,54,ダ1400,良,424(+3),1
ソムリエドヌール,晴,5.8,3,吉村智洋,54,ダ1400,良,421(-5),0
ソムリエドヌール,晴,1.9,1,竹村達也,54,ダ1400,重,426(-3),1
ソムリエドヌール,曇,5.1,2,大山真吾,54,ダ1400,稍,429(-9),1
ソムリエドヌール,晴,17.6,3,吉村智洋,54,ダ1400,稍,438(-1),0
ソムリエドヌール,晴,7.1,3,吉村智洋,54,ダ1870,良,439(+3),0
ソムリエドヌール,曇,14.1,8,池添謙一,54,芝2000,良,436(+2),0
ソムリエドヌール,雨,4.1,2,Ｍ．デム,54,芝2000,不,434(0),1
ソムリエドヌール,晴,6.9,2,北村友一,54,芝2000,良,434(0),0
ソムリエドヌール,晴,4.2,2,バルジュ,54,芝2000,良,434(-8),1
ソムリエドヌール,晴,4.4,2,岩田康誠,54,芝1800,良,442(0),1
ソライロノハナ,晴,9.5,4,石川駿介,54,ダ1200,不,464(0),0
ソライロノハナ,曇,5.1,3,石川駿介,54,ダ1200,稍,464(+10),1
ソライロノハナ,曇,11.3,5,石川駿介,54,ダ1200,重,454(+3),0
ソライロノハナ,雨,44.8,8,石川駿介,54,ダ1200,良,451(+2),0
ソライロノハナ,晴,67.0,12,石川駿介,54,ダ1200,良,449(0),0
ソライロノハナ,曇,6.3,3,石川駿介,54,ダ1400,重,449(-9),0
ソライロノハナ,曇,6.9,3,石川駿介,54,ダ1200,不,458(+3),0
ソライロノハナ,晴,16.9,6,石川駿介,54,ダ1200,良,455(-6),0
ソライロノハナ,晴,20.1,8,石川駿介,54,ダ1200,不,461(-5),0
ソライロノハナ,晴,12.6,7,石川駿介,54,ダ1200,重,466(+1),0
ソライロノハナ,晴,14.6,7,石川駿介,54,ダ1200,良,465(0),1
ソライロノハナ,曇,22.0,9,石川駿介,54,ダ1200,不,465(+4),1
ソライロノハナ,晴,51.6,9,松崎正泰,54,ダ1200,稍,461(0),0
ソライロノハナ,曇,64.9,12,松崎正泰,54,ダ1200,稍,461(-3),0
ソライロノハナ,晴,3.9,2,笹川翼,54,ダ1400,稍,464(-1),0
ソライロノハナ,晴,18.3,7,矢野貴之,54,ダ1400,不,465(+2),1
ソライロノハナ,曇,6.6,3,矢野貴之,54,ダ1400,不,463(-8),1
ソライロノハナ,晴,4.3,2,矢野貴之,54,ダ1200,稍,471(0),0
ソライロノハナ,晴,4.6,2,矢野貴之,54,ダ1400,重,471(-8),1
ソライロノハナ,晴,9.8,5,矢野貴之,54,ダ1400,良,479(-1),0
ソライロノハナ,晴,6.6,2,矢野貴之,54,ダ1200,良,480(0),1
ソラニサクハナ,曇,8.8,2,吉井友彦,54,ダ1400,良,453(0),0
ソラニサクハナ,曇,78.5,6,加藤利征,54,ダ1400,重,453(-2),0
ソラニサクハナ,晴,3.3,2,加藤利征,54,ダ1400,不,455(+4),1
ソラニサクハナ,曇,68.2,7,加藤利征,54,ダ1400,良,451(-1),0
ソラニサクハナ,曇,100.2,7,加藤利征,54,ダ1400,重,452(-9),0
ソラニサクハナ,晴,53.8,6,加藤利征,54,ダ800,不,461(0),0
ソラニサクハナ,雨,188.2,7,加藤利征,54,ダ1400,不,461(-1),0
ソラニサクハナ,晴,169.6,8,加藤利征,54,ダ1400,良,462(-5),1
ソラニサクハナ,曇,205.7,9,加藤利征,54,ダ1400,重,467(-2),0
ソラニサクハナ,曇,209.9,9,宮下瞳,53,ダ1400,良,469(-2),0
ソラニサクハナ,晴,313.4,8,加藤利征,54,ダ1400,良,471(+6),0
ソラニサクハナ,曇,100.0,7,加藤利征,54,ダ800,稍,465(-4),0
ソラニサクハナ,晴,182.6,8,加藤利征,54,ダ800,重,469(0),0
ソラニサクハナ,晴,35.1,4,加藤利征,54,ダ1400,良,469(+8),0
ソラニサクハナ,晴,91.8,7,加藤利征,54,ダ1400,良,461(+1),0
ソラニサクハナ,曇,133.1,8,加藤利征,54,ダ1400,稍,460(-2),0
ソラニサクハナ,晴,21.6,5,加藤利征,54,ダ1400,良,462(+7),0
ソラニサクハナ,晴,105.7,7,加藤利征,54,ダ1400,稍,455(-4),0
ソラニサクハナ,曇,214.2,9,加藤利征,54,ダ1400,稍,459(+2),0
ソラニサクハナ,晴,40.0,5,加藤利征,54,ダ1400,不,457(+4),0
ソラニサクハナ,晴,47.4,5,小山信行,54,ダ1400,良,453(+1),0
ソラニサクハナ,晴,238.7,11,小山信行,54,ダ1400,重,452(-3),0
ソラニサクハナ,曇,248.2,10,小山信行,54,ダ1400,稍,455(+1),0
ソラニサクハナ,雨,112.1,9,小山信行,54,ダ1400,重,454(-4),0
ソラニサクハナ,曇,8.5,3,宇都英樹,54,ダ1400,稍,458(+1),0
ソラニサクハナ,曇,110.5,7,宮下瞳,53,ダ1400,良,457(+3),0
ソラニサクハナ,曇,10.8,3,宮下瞳,53,ダ1400,稍,454(-2),0
ソラニサクハナ,曇,8.9,4,丸野勝虎,54,ダ1400,重,456(+2),0
ソラニサクハナ,雨,5.9,4,宮下瞳,53,ダ1400,不,454(-1),1
ソラニサクハナ,晴,12.1,4,宮下瞳,53,ダ1400,良,455(+1),0
ソラニサクハナ,晴,37.7,7,宮下瞳,53,ダ1400,良,454(-4),0
ソラニサクハナ,晴,13.5,4,宮下瞳,53,ダ1400,良,458(-1),0
ソラニサクハナ,曇,18.5,6,吉井友彦,54,ダ1400,良,459(-1),0
ソラニサクハナ,晴,13.4,3,小山信行,54,ダ1400,良,460(-7),0
ソラニサクハナ,曇,168.6,8,木之前葵,53,ダ1400,良,467(+4),0
ソラニサクハナ,晴,45.5,7,木之前葵,53,ダ1400,良,463(0),0
ソラニサクハナ,曇,26.2,5,丸山真一,54,ダ1400,稍,463(-5),0
ソラニサクハナ,晴,10.3,4,木之前葵,53,ダ1400,不,468(0),1
ソラニサクハナ,雨,5.5,3,木之前葵,53,ダ1600,稍,468(+3),0
ソラニサクハナ,曇,8.9,3,木之前葵,53,ダ1400,稍,465(+1),1
ソラニサクハナ,晴,23.8,5,木之前葵,53,ダ1600,良,464(+2),0
ソラニサクハナ,晴,4.5,3,丸山真一,54,ダ1400,重,462(0),0
ソラニサクハナ,晴,2.3,2,木之前葵,53,ダ1400,稍,462(0),1
ソラニサクハナ,晴,26.6,4,木之前葵,53,ダ800,稍,462(0),0
ソラニサクハナ,晴,43.0,6,木之前葵,53,ダ1400,良,462(+2),0
ソラニサクハナ,晴,6.5,3,木之前葵,52,ダ1400,良,460(-1),1
ソラニサクハナ,曇,46.0,6,安部幸夫,54,ダ1400,稍,461(+3),0
ソラニサクハナ,晴,10.7,4,八木直也,53,ダ1600,良,458(-7),1
ソラニサクハナ,晴,20.6,5,木之前葵,52,ダ800,稍,465(+2),0
ソラニサクハナ,晴,13.6,4,木之前葵,52,ダ1400,稍,463(+2),0
ソラニサクハナ,晴,9.7,3,木之前葵,52,ダ1400,稍,461(0),1
ソラニサクハナ,晴,6.5,2,木之前葵,52,ダ1400,良,461(-2),1
ソラニサクハナ,晴,16.2,5,山本聡哉,54,ダ1400,不,463(+10),0
ソラニサクハナ,小雨,11.6,4,村上忍,54,ダ1400,不,453(-10),1
ソラニサクハナ,曇,33.5,4,村上忍,54,ダ1400,不,463(+6),0
ソラニサクハナ,曇,47.8,6,阿部英俊,54,ダ1400,不,457(+1),0
ソラニサクハナ,晴,5.8,2,村上忍,54,ダ1400,不,456(0),1
ソラニサクハナ,曇,5.6,3,山本聡哉,54,ダ1400,不,456(-8),0
ソラニサクハナ,曇,8.8,4,村上忍,54,ダ1400,重,464(0),0
ソラニサクハナ,晴,11.7,4,宮崎光行,54,ダ1700,稍,464(-2),0
ソラニサクハナ,晴,26.0,5,阿部龍,54,ダ1700,稍,466(+4),0
ソラニサクハナ,晴,41.7,6,阿部龍,54,ダ1700,稍,462(+2),1
ソラニサクハナ,晴,27.3,7,阿部龍,54,ダ1200,良,460(+6),0
ソラニサクハナ,曇,3.0,2,阿部龍,54,ダ1000,良,454(+8),0
ソラニサクハナ,曇,1.9,1,阿部龍,54,ダ1200,良,446(-4),1
ソラニサクハナ,晴,6.0,4,阿部龍,54,ダ1200,稍,450(-10),1
ソラニサクハナ,晴,195.1,12,妹尾浩一,54,ダ1900,不,460(-1),0
ソラニサクハナ,晴,59.5,8,妹尾浩一,54,ダ1300,不,461(0),0
ソラニサクハナ,曇,54.7,7,妹尾浩一,54,ダ1300,重,461(+1),0
ソラニサクハナ,晴,10.2,4,妹尾浩一,54,ダ1300,重,460(+2),0
ソラニサクハナ,晴,44.3,5,妹尾浩一,54,ダ1300,稍,458(+5),0
ソラニサクハナ,曇,28.9,5,妹尾浩一,54,ダ1300,重,453(-1),1
ソラニサクハナ,曇,66.7,7,妹尾浩一,54,ダ1300,重,454(-7),0
ソラニサクハナ,雨,222.3,11,妹尾浩一,54,ダ1300,重,461(+5),0
ソラニサクハナ,曇,37.7,6,妹尾浩一,54,ダ1300,不,456(-1),0
ソラニサクハナ,晴,231.7,10,山崎良,54,ダ1300,良,457(-6),0
ソラニサクハナ,晴,133.0,8,妹尾浩一,54,ダ1300,稍,463(+6),0
ソラニサクハナ,晴,438.9,10,妹尾浩一,54,ダ1300,不,457(-3),0
ソラニサクハナ,晴,50.4,8,中西達也,54,ダ1300,重,460(-9),0
ソラニサクハナ,曇,9.3,5,赤岡修次,54,ダ1300,不,469(+9),0
ソラニサクハナ,晴,2.4,1,阿部龍,54,ダ1000,重,460(-2),0
ソラニサクハナ,晴,1.9,1,阿部龍,54,ダ1200,稍,462(+6),0
ソラニサクハナ,晴,2.7,2,阿部龍,54,ダ1200,稍,456(+2),0
ソラニサクハナ,晴,2.2,2,阿部龍,54,ダ1200,良,454(-4),1
ソラニサクハナ,晴,4.8,3,桑村真明,54,ダ1700,良,458(-4),0
ソラニサクハナ,晴,3.3,2,桑村真明,54,ダ1200,良,462(-2),1
ソラニサクハナ,晴,3.8,3,桑村真明,54,ダ1700,良,464(0),0
ソラネ,晴,20.3,3,佐原秀泰,54,ダ1300,重,446(-2),0
ソラネ,晴,10.6,4,佐原秀泰,54,ダ1400,重,448(-7),0
ソラネ,晴,6.8,2,佐原秀泰,54,ダ1400,重,455(-2),1
ソラネ,曇,12.5,4,佐原秀泰,54,ダ1400,重,457(+9),0
ソラネ,曇,12.4,5,佐原秀泰,54,ダ1300,重,448(-9),0
ソラネ,晴,9.0,3,佐原秀泰,54,ダ1400,重,457(+5),0
ソラネ,雨,4.0,2,佐原秀泰,54,ダ1600,重,452(+24),0
ソラネ,晴,2.7,2,佐原秀泰,54,ダ1400,良,428(-6),1
ソラネ,雨,1.7,1,佐原秀泰,54,ダ1400,不,434(0),1
ソラネ,曇,1.5,1,佐原秀泰,54,ダ1400,稍,434(-7),1
ソラネ,晴,2.0,1,佐原秀泰,54,ダ1300,稍,441(-1),1
ソラネ,雨,8.1,3,佐原秀泰,54,ダ1400,不,442(-2),0
ソラネ,晴,4.8,2,佐原秀泰,52,ダ1400,重,444(+7),1
ソラネ,晴,5.5,2,佐原秀泰,54,ダ1300,重,437(-5),0
ソラネ,雨,2.0,2,佐原秀泰,54,ダ1400,不,442(-6),1
ソラネ,晴,1.0,1,佐原秀泰,54,ダ1300,重,448(0),1
ソラネ,晴,1.4,1,佐原秀泰,54,ダ1300,不,448(-9),1
ソラネ,晴,2.5,1,佐原秀泰,54,ダ800,稍,457(0),1
ソラリス,曇,29.7,8,松永幹夫,55,芝2000,良,478(-4),0
ソラリス,晴,2.0,1,松永幹夫,55,ダ1000,稍,482(+6),1
ソラリス,雨,2.8,1,松永幹夫,55,芝1200,不,476(-4),1
ソラリス,晴,6.0,3,小島太,55,芝1200,良,480(+4),1
ソラリス,曇,3.7,2,小島太,55,ダ1000,良,476(+18),1
ソラリス,晴,21.6,9,小島太,54,ダ1600,重,458(0),0
ソラリス,曇,18.5,7,本田優,54,芝2000,良,458(+2),0
ソラリス,晴,1.4,1,田原成貴,53,ダ1000,良,456(0),1
ソラリス,曇,2.2,2,田原成貴,53,ダ1000,稍,456(0),1
ソラリス,曇,3.4,1,田原成貴,53,芝1200,良,456(0),0
ソラリス,晴,2.5,1,田原成貴,53,ダ1200,良,456(-4),1
ソラリス,曇,4.2,2,田原成貴,53,ダ1200,良,460(-2),0
ソラリス,曇,1.3,1,田原成貴,53,ダ1200,良,462(+10),1
ソラリス,晴,2.1,2,田原成貴,53,ダ1200,良,452(-14),1
ソラリス,小雨,1.8,1,小屋敷昭,53,ダ1200,稍,466(0),1
ソラーレ,曇,97.0,13,加藤祥太,54,芝1200,良,458(-4),0
ソラーレ,晴,216.9,15,義英真,55,芝1400,良,462(-8),0
ソラーレ,晴,140.5,15,義英真,54,芝1200,良,470(+5),0
ソラーレ,晴,1.5,1,向山牧,54,ダ1400,良,465(-2),1
ソラーレ,曇,1.5,1,向山牧,54,ダ1600,良,467(+4),1
ソラーレ,曇,2.9,2,向山牧,54,ダ1400,良,463(+5),1
ソラーレ,曇,3.8,3,向山牧,54,ダ1400,良,458(+2),1
ソラーレ,晴,53.5,11,酒井学,54,芝1200,良,456(-12),0
ソラーレ,晴,54.7,8,酒井学,54,芝1400,良,468(0),0
ソラーレ,晴,213.7,17,酒井学,54,芝1400,良,468(+12),1
ソラーレ,曇,308.7,14,森裕太朗,51,ダ1700,良,456(-8),0
ソラーレ,晴,186.7,14,岩崎翼,53,ダ1200,良,464(+2),0
ソラーレ,晴,136.1,12,小牧太,54,ダ1200,良,462(-4),0
ソラーレ,晴,215.9,12,藤岡康太,54,ダ1200,稍,466(+2),0
ソラーレ,雨,178.7,13,国分優作,54,ダ1400,不,464(0),0
ソリストサンダー,曇,17.9,5,戸崎圭太,55,ダ1600,不,466(-4),1
ソリストサンダー,晴,2.2,1,高倉稜,54,ダ1200,良,470(+4),1
ソリストサンダー,晴,10.3,6,高倉稜,54,ダ1000,良,466(0),1
ソリストサンダー,晴,9.8,5,高倉稜,54,芝1200,良,466(0),0
ソリッドゴールド,晴,76.3,10,石崎駿,56,ダ1400,稍,483(-2),0
ソリッドゴールド,晴,48.1,10,石崎駿,56,ダ1500,稍,485(-11),0
ソリッドゴールド,雨,5.9,4,石崎駿,56,ダ1400,不,496(-2),0
ソリッドゴールド,雨,11.0,4,石崎駿,56,ダ1500,不,498(+5),0
ソリッドゴールド,曇,8.0,3,石崎駿,56,ダ1500,良,493(+7),0
ソリッドゴールド,晴,9.3,5,石崎駿,56,ダ1500,良,486(-2),0
ソリッドゴールド,曇,2.2,1,石崎駿,56,ダ1400,良,488(+4),1
ソリッドゴールド,晴,5.8,4,繁田健一,56,ダ1400,稍,484(+1),1
ソリッドゴールド,晴,14.0,5,石崎駿,56,ダ1400,稍,483(-1),1
ソリッドゴールド,雨,27.4,7,石崎駿,56,ダ1400,不,484(-6),0
ソリッドゴールド,晴,7.0,3,石崎駿,56,ダ1400,稍,490(+1),0
ソリッドゴールド,晴,11.8,4,石崎駿,56,ダ1500,稍,489(-8),0
ソリッドゴールド,晴,39.5,10,石崎駿,56,ダ1500,重,497(+2),0
ソリッドゴールド,晴,3.0,2,石崎駿,56,ダ1400,稍,495(+6),1
ソリッドゴールド,曇,3.0,2,石崎駿,56,ダ1400,重,489(+5),1
ソリッドゴールド,雨,4.9,3,石崎駿,56,ダ1400,重,484(-3),0
ソリッドゴールド,曇,27.3,8,石崎駿,56,ダ1500,良,487(-3),0
ソリッドゴールド,雨,36.7,10,石崎駿,56,ダ1600,不,490(-4),0
ソリッドゴールド,雨,13.6,7,石崎駿,56,ダ1500,良,494(+2),0
ソリッドゴールド,曇,26.2,10,有年淳,56,ダ1500,重,492(+1),0
ソリッドゴールド,晴,10.6,4,有年淳,56,ダ1400,不,491(-4),0
ソリッドゴールド,曇,5.0,2,有年淳,56,ダ1500,重,495(+4),1
ソリッドゴールド,晴,10.4,5,有年淳,56,ダ1600,良,491(-7),0
ソリッドゴールド,曇,16.6,8,有年淳,56,ダ1600,良,498(-4),0
ソリッドゴールド,晴,30.9,8,有年淳,56,ダ1500,良,502(-5),1
ソリッドゴールド,曇,25.6,9,有年淳,56,ダ1500,不,507(+1),0
ソリッドゴールド,晴,39.1,9,有年淳,56,ダ1500,重,506(-1),0
ソリッドゴールド,晴,26.2,9,有年淳,56,ダ1500,稍,507(-2),0
ソリッドゴールド,曇,9.1,3,有年淳,56,ダ1500,良,509(-2),0
ソリッドゴールド,曇,18.1,6,有年淳,56,ダ1500,良,511(+5),0
ソリッドゴールド,曇,9.0,4,有年淳,56,ダ1500,良,506(+2),1
ソリッドゴールド,曇,5.7,4,有年淳,56,ダ1500,稍,504(+4),0
ソリッドゴールド,曇,15.8,8,有年淳,56,ダ1500,良,500(+2),0
ソリッドゴールド,曇,14.7,9,有年淳,56,ダ1500,稍,498(+14),0
ソリッドゴールド,晴,4.0,1,有年淳,56,ダ1600,重,484(-11),0
ソリッドゴールド,晴,51.4,9,石崎駿,56,ダ1500,不,495(+3),1
ソリッドゴールド,晴,127.1,9,石崎駿,56,ダ1400,不,492(0),0
ソリッドゴールド,晴,30.8,8,石崎駿,56,ダ1500,良,492(-2),0
ソリッドゴールド,曇,47.4,8,石崎隆之,57,ダ1400,重,494(+2),0
ソリッドゴールド,曇,50.5,10,石崎隆之,57,ダ1400,良,492(0),0
ソリッドゴールド,晴,80.2,10,石崎隆之,56,ダ1400,稍,492(+1),0
ソリッドゴールド,曇,344.5,11,見沢譲治,56,ダ1500,稍,491(-3),0
ソリッドゴールド,晴,42.1,10,石崎駿,56,ダ1400,良,494(+9),0
ソリッドゴールド,晴,41.2,8,石崎駿,56,ダ1400,重,485(-4),0
ソリッドゴールド,晴,12.8,4,石崎駿,56,ダ1400,良,489(0),0
ソリッドゴールド,晴,5.3,2,見沢譲治,56,ダ1400,良,489(-1),0
ソリッドゴールド,曇,8.3,3,石崎駿,56,ダ1400,良,490(-6),1
ソリッドゴールド,曇,4.6,3,石崎駿,56,ダ1600,良,496(0),1
ソリッドゴールド,曇,6.7,4,真島大輔,56,ダ1400,重,496(+4),0
ソリッドゴールド,晴,5.9,3,真島大輔,56,ダ1600,重,492(+3),1
ソリッドゴールド,晴,4.5,3,吉原寛人,56,ダ1600,良,489(-3),0
ソリッドゴールド,晴,2.5,1,吉原寛人,56,ダ1400,良,492(+3),0
ソリッドゴールド,曇,3.4,2,真島大輔,56,ダ1600,良,489(+1),1
ソリッドゴールド,曇,3.3,1,真島大輔,56,ダ1600,良,488(-6),0
ソリッドゴールド,晴,26.9,7,真島大輔,56,ダ1600,良,494(-7),1
ソリッドゴールド,晴,20.4,7,真島大輔,56,ダ1600,良,501(+5),0
ソリッドゴールド,晴,33.3,9,真島大輔,56,ダ1400,重,496(+3),0
ソリッドゴールド,晴,36.5,10,石崎駿,56,ダ1600,良,493(+5),0
ソリッドゴールド,曇,19.0,5,的場文男,56,ダ1600,良,488(+1),0
ソリッドゴールド,晴,17.1,3,本橋孝太,56,ダ1600,良,487(-1),0
ソリッドゴールド,晴,3.3,1,上田健人,56,ダ1600,稍,488(+3),0
ソリッドゴールド,晴,5.2,3,真島大輔,56,ダ1600,稍,485(-3),0
ソリッドゴールド,晴,5.3,3,的場文男,56,ダ1600,稍,488(+1),1
ソリッドゴールド,晴,3.8,3,真島大輔,56,ダ1400,不,487(-1),0
ソリッドゴールド,晴,23.4,9,真島大輔,55,ダ1500,重,488(+1),0
ソリッドゴールド,晴,8.6,4,真島大輔,56,ダ1600,稍,487(0),1
ソリッドゴールド,晴,5.3,3,杉村一樹,56,ダ1400,稍,487(-3),0
ソリッドゴールド,晴,3.1,3,真島大輔,56,ダ1400,重,490(+4),0
ソリッドゴールド,晴,3.7,1,真島大輔,56,ダ1600,不,486(+2),1
ソリッドゴールド,雨,5.6,3,真島大輔,56,ダ1600,良,484(0),0
ソリッドゴールド,雨,2.3,1,真島大輔,56,ダ1500,良,484(-2),0
ソリッドゴールド,晴,2.8,1,真島大輔,56,ダ1500,良,486(+2),1
ソリッドゴールド,晴,4.4,1,真島大輔,56,ダ1500,良,484(-3),1
ソリッドゴールド,曇,2.7,1,真島大輔,56,ダ1400,重,487(+6),1
ソリッドゴールド,晴,8.7,2,真島大輔,56,ダ1400,重,481(-2),1
ソリッドゴールド,晴,1.8,1,真島大輔,56,ダ1400,稍,483(+1),0
ソリッドゴールド,曇,4.2,4,真島大輔,56,ダ1400,不,482(0),0
ソリッドボート,晴,28.4,9,塚本弘隆,53,ダ1500,不,491(+3),0
ソリッドボート,晴,9.4,3,塚本弘隆,53,ダ1500,重,488(+12),1
ソリッドボート,晴,6.9,3,平瀬城久,56,ダ1700,不,476(0),0
ソリッドボート,雨,4.3,1,平瀬城久,56,ダ1400,不,476(-6),1
ソリッドボート,曇,8.4,5,平瀬城久,56,ダ1700,重,482(+1),0
ソリッドボート,晴,10.2,3,平瀬城久,56,ダ1500,良,481(-6),1
ソリッドボート,晴,18.0,5,桑野等,56,ダ1500,重,487(+3),0
ソリッドボート,晴,3.1,2,塚本雄大,56,ダ1500,良,484(+4),1
ソリッドボート,雨,2.2,1,平瀬城久,56,ダ1500,不,480(-2),1
ソリッドボート,晴,1.4,1,平瀬城久,56,ダ1500,良,482(-1),1
ソリッドボート,雨,1.5,1,平瀬城久,56,ダ1400,不,483(+4),1
ソリッドボート,晴,70.6,10,鮫島良太,56,ダ1400,良,479(+7),0
ソリッドボート,曇,102.7,12,北村宏司,57,ダ1400,良,472(-4),0
ソリッドボート,曇,1.1,1,平瀬城久,56,ダ1400,重,476(+5),1
ソリッドボート,曇,1.6,1,平瀬城久,56,ダ1500,良,471(+5),1
ソリッドボート,曇,1.4,1,平瀬城久,56,ダ1500,不,466(+4),1
ソリッドボート,晴,43.2,8,鮫島克駿,55,ダ1800,良,462(+2),0
ソリッドボート,晴,104.3,15,荻野極,53,芝1200,良,460(-4),0
ソリッドボート,曇,72.8,9,ヴェロン,56,ダ1800,良,464(-8),0
ソリッドボート,晴,5.9,4,Ｍ．デム,56,ダ1400,重,472(0),0
ソリティアリング,晴,3.1,2,吉村智洋,54,ダ1230,良,445(+1),1
ソリティアリング,晴,4.0,3,吉村智洋,54,ダ1230,不,444(0),1
ソリティアリング,晴,26.4,6,笹田知宏,54,ダ1400,良,444(+1),0
ソリティアリング,晴,27.4,5,笹田知宏,54,ダ1400,良,443(-6),0
ソリティアリング,晴,24.2,6,笹田知宏,54,ダ1400,良,449(+5),0
ソリティアリング,晴,28.0,10,笹田知宏,54,ダ1230,良,444(-2),0
ソリティアリング,晴,17.0,4,吉村智洋,54,ダ1230,良,446(-3),0
ソリティアリング,曇,7.2,3,吉村智洋,54,ダ1230,不,449(+7),1
ソリティアリング,晴,6.4,3,笹田知宏,54,ダ1400,重,442(-4),1
ソリティアリング,晴,10.8,5,田中学,54,ダ1400,稍,446(+12),1
ソリティアリング,晴,64.6,10,荻野極,53,ダ1000,良,434(0),0
ソリティアリング,晴,42.7,11,坂井瑠星,51,芝1200,良,434(-4),0
ソリティアリング,晴,37.5,10,北村友一,54,芝1200,良,438(-4),0
ソリティアリング,曇,30.9,10,津村明秀,54,ダ1150,良,442(+2),0
ソリティアリング,晴,46.5,10,シュミノ,54,ダ1200,良,440(-2),0
ソリティアリング,雨,8.9,5,和田竜二,54,ダ1200,重,442(-4),0
ソリティアリング,晴,4.2,3,和田竜二,54,芝1400,良,446(0),0
ソリティール,晴,2.0,1,ムーア,57,ダ2000,良,484(+4),1
ソリティール,晴,2.2,1,Ｍ．デム,57,ダ2000,良,480(+6),1
ソリティール,晴,3.9,1,Ｍ．デム,57,ダ1800,良,474(-4),1
ソリティール,晴,4.1,2,ルメール,57,ダ1800,稍,478(0),1
ソリティール,晴,7.8,4,北村友一,57,ダ1800,良,478(0),0
ソリティール,晴,1.8,1,Ｍ．デム,57,ダ1800,良,478(+2),1
ソリティール,晴,1.9,1,Ｍ．デム,57,ダ2000,良,476(-6),0
ソリティール,晴,1.9,1,ムーア,56,ダ1900,重,482(+6),1
ソリティール,曇,2.4,1,Ｍ．デム,55,ダ1800,重,476(0),1
ソリティール,曇,3.2,2,ムーア,55,ダ1800,良,476(-2),1
ソリティール,晴,2.1,1,川田将雅,54,ダ2000,良,478(-6),0
ソリティール,晴,4.2,2,石橋脩,54,ダ1700,良,484(+2),1
ソリティール,晴,6.4,2,戸崎圭太,56,ダ1800,稍,482(-2),0
ソリティール,曇,7.8,5,Ｍ．デム,56,ダ1800,不,484(0),1
ソリフロール,晴,73.7,10,北村宏司,54,芝1800,良,450(+4),0
ソリフロール,曇,23.9,6,北村宏司,54,芝1600,良,446(0),0
ソリロキー,晴,25.4,6,鮫島克駿,56,ダ1800,不,536(-6),0
ソリロキー,晴,15.4,4,鮫島克駿,56,ダ1200,稍,542(0),0
ソルヴェイグ,曇,3.3,1,川田将雅,54,芝1200,良,468(0),0
ソルヴェイグ,晴,2.3,1,松山弘平,55,芝1200,良,468(-6),1
ソルヴェイグ,晴,4.7,2,川田将雅,54,芝1200,良,474(+4),1
ソルヴェイグ,曇,43.6,9,川田将雅,55,芝1600,稍,470(-6),0
ソルヴェイグ,小雨,8.9,6,田辺裕信,55,芝1200,稍,476(-2),0
ソルヴェイグ,曇,3.8,2,Ｍ．デム,54,芝1200,良,478(+18),0
ソルヴェイグ,晴,27.1,9,田辺裕信,53,芝1200,良,460(-10),1
ソルヴェイグ,晴,8.8,4,丸田恭介,52,芝1200,良,470(+6),0
ソルヴェイグ,晴,39.4,12,丸田恭介,50,芝1200,良,464(+4),1
ソルヴェイグ,晴,76.9,8,蛯名正義,55,芝1600,良,460(0),0
ソルヴェイグ,曇,27.2,8,川田将雅,54,芝1400,良,460(-6),1
ソルヴェイグ,雨,4.1,1,川田将雅,54,芝1400,稍,466(+2),0
ソルヴェイグ,晴,2.9,1,川田将雅,54,芝1400,稍,464(-4),1
ソルヴェイグ,晴,4.0,3,川田将雅,54,芝1200,良,468(+2),1
ソルヴェイグ,晴,1.5,1,川田将雅,54,芝1400,重,466(0),1
ソルオリーヴァ,晴,2.1,1,岡部誠,56,ダ1400,良,486(+3),0
ソルオリーヴァ,曇,1.1,1,岡部誠,56,ダ1400,稍,483(-6),1
ソルオリーヴァ,晴,1.6,1,大畑雅章,56,ダ1400,重,489(-9),1
ソルオリーヴァ,晴,1.6,1,大畑雅章,56,ダ1400,重,498(+22),1
ソルオリーヴァ,曇,67.6,13,原田和真,55,芝1000,良,476(-2),0
ソルオリーヴァ,晴,3.6,2,原田和真,56,芝1200,良,478(+4),0
ソルオリーヴァ,晴,4.7,2,原田和真,56,芝1200,良,474(-8),1
ソルオリーヴァ,晴,11.6,7,原田和真,56,芝1200,良,482(-4),1
ソルオリーヴァ,晴,41.5,10,丸田恭介,56,芝1400,良,486(-4),0
ソルオリーヴァ,晴,146.4,14,荻野極,53,ダ1400,良,490(-12),0
ソルオリーヴァ,晴,88.4,11,野中悠太,52,ダ1800,重,502(+4),0
ソルオリーヴァ,晴,29.4,8,野中悠太,52,芝1800,良,498(0),0
ソルサリエンテ,晴,4.4,3,柴山雄一,56,ダ1400,不,492(-6),0
ソルサリエンテ,晴,12.6,5,柴山雄一,56,ダ1200,良,498(+2),1
ソルサリエンテ,晴,1.4,1,宮崎光行,56,ダ1200,重,496(-6),1
ソルサリエンテ,曇,1.2,1,宮崎光行,56,ダ1200,稍,502(+6),1
ソルサリエンテ,曇,2.3,1,宮崎光行,56,ダ1200,不,496(-2),1
ソルサリエンテ,雨,1.3,1,宮崎光行,56,ダ1200,重,498(0),1
ソルサリエンテ,雨,1.5,1,宮崎光行,56,ダ1200,重,498(-4),1
ソルサリエンテ,雨,1.3,1,宮崎光行,56,ダ1200,重,502(+6),1
ソルサリエンテ,曇,130.7,14,武藤雅,53,ダ1400,稍,496(+4),0
ソルサリエンテ,晴,26.6,7,黛弘人,55,ダ1800,重,492(0),0
ソルダーシップ,晴,191.1,11,西村栄喜,54,ダ1200,稍,429(-9),0
ソルダーシップ,晴,53.0,8,小杉亮,54,ダ1200,良,438(+7),0
ソルダーシップ,晴,112.2,12,小杉亮,54,ダ1400,良,431(-7),0
ソルダーシップ,晴,8.1,5,小杉亮,54,ダ1400,良,438(-3),0
ソルダーシップ,晴,224.9,12,小杉亮,54,ダ1500,良,441(-16),0
ソルダーシップ,曇,99.3,9,川島正太,54,ダ1500,重,457(-3),0
ソルダーシップ,曇,42.1,8,川島正太,54,ダ1200,稍,460(+1),0
ソルダーシップ,晴,2.6,1,川島正太,54,ダ1400,重,459(+5),1
ソルダーシップ,晴,8.5,3,川島正太,54,ダ1200,稍,454(0),1
ソルダーシップ,晴,2.8,2,川島正太,54,ダ1300,良,454(+1),0
ソルダーシップ,晴,18.9,5,川島正太,54,ダ1200,稍,453(0),1
ソルテ,晴,4.8,3,吉原寛人,58,ダ1400,稍,508(+10),1
ソルテ,晴,1.4,1,吉原寛人,59,ダ1400,稍,498(-14),0
ソルテ,晴,3.2,2,吉原寛人,57,ダ1400,重,512(+4),0
ソルテ,曇,2.1,1,吉原寛人,57,ダ1400,重,508(+7),1
ソルテ,晴,2.6,2,吉原寛人,56,ダ1400,良,501(0),1
ソルテ,晴,30.0,6,吉原寛人,57,ダ1600,稍,501(-9),1
ソルテ,曇,1.2,1,吉原寛人,58,ダ1400,重,510(+6),1
ソルテ,晴,1.5,1,吉原寛人,58,ダ1500,良,504(+4),1
ソルテ,晴,1.4,1,吉原寛人,57,ダ1600,重,500(-3),1
ソルテ,曇,1.5,1,吉原寛人,57.5,ダ1600,良,503(+1),1
ソルテ,曇,2.6,1,吉原寛人,56,ダ1600,重,502(+1),1
ソルテ,晴,1.8,1,吉原寛人,57,ダ1600,重,501(+5),1
ソルテ,晴,2.2,1,矢野貴之,57,ダ1600,重,496(-5),1
ソルテ,晴,3.9,2,吉原寛人,58,ダ1400,重,501(0),0
ソルテ,晴,1.5,1,吉原寛人,57,ダ1600,稍,501(+1),1
ソルテ,曇,7.5,3,吉原寛人,58,ダ1500,稍,500(+14),1
ソルテ,雨,11.1,5,吉原寛人,57,ダ1600,不,486(+6),0
ソルテ,晴,7.4,4,張田京,57,ダ1600,良,480(-4),0
ソルテ,曇,3.8,2,和田譲治,56,ダ1600,良,484(+1),1
ソルテ,曇,2.4,1,和田譲治,57,ダ1600,不,483(-2),1
ソルテ,晴,1.8,1,和田譲治,57,ダ1600,稍,485(+3),1
ソルテ,晴,5.9,3,和田譲治,58,ダ1400,良,482(+7),1
ソルテ,雨,2.9,2,和田譲治,57,ダ1600,稍,475(+1),1
ソルテ,晴,3.7,2,和田譲治,57,ダ1600,良,474(+9),1
ソルテ,晴,5.1,3,和田譲治,56,ダ1800,不,465(+1),0
ソルテ,晴,4.8,3,和田譲治,55,ダ1600,重,464(+3),1
ソルテ,曇,124.7,10,真島大輔,56,ダ2000,良,461(0),0
ソルテ,晴,15.8,5,真島大輔,56,ダ2000,良,461(-4),1
ソルテ,雨,6.6,3,真島大輔,56,ダ1800,重,465(-5),1
ソルテ,曇,4.2,3,金子正彦,56,ダ1700,良,470(+13),0
ソルテ,晴,4.3,3,金子正彦,56,ダ1600,不,457(+8),1
ソルテ,晴,32.6,9,金子正彦,55,ダ1600,良,449(-3),0
ソルテ,晴,22.8,9,金子正彦,55,ダ1600,重,452(+5),1
ソルテ,晴,39.9,10,金子正彦,55,ダ1600,稍,447(-4),0
ソルテ,晴,8.8,4,金子正彦,54,ダ1200,稍,451(+1),1
ソルテ,晴,21.7,6,山崎誠士,54,ダ1200,良,450(0),1
ソルティピース,晴,81.7,14,勝浦正樹,54,芝1200,良,464(+6),0
ソルティピース,曇,20.5,8,勝浦正樹,54,芝1200,良,458(+18),0
ソルティピース,晴,3.8,2,勝浦正樹,54,芝1000,良,440(-2),1
ソルティピース,晴,7.3,3,勝浦正樹,54,芝1000,稍,442(+2),1
ソルティピース,曇,6.1,4,菱田裕二,54,芝1200,良,440(0),1
ソルティピース,晴,21.5,5,嶋田純次,54,芝1200,良,440(+4),0
ソルティピース,曇,16.3,6,大野拓弥,54,芝1400,良,436(+2),0
ソルティピース,曇,11.6,4,大野拓弥,54,芝1200,稍,434(-4),0
ソルティピース,晴,9.4,4,菱田裕二,54,芝1200,良,438(-8),1
ソルティピース,晴,9.8,3,菱田裕二,54,ダ1000,良,446(+2),0
ソルティピース,晴,17.6,7,菱田裕二,54,芝1200,良,444(0),1
ソルトテラス,曇,362.3,13,野中悠太,53,芝1400,稍,422(+6),0
ソルトテラス,晴,123.8,13,池添謙一,54,芝1500,良,416(-4),0
ソルトテラス,雨,37.9,8,池添謙一,54,芝1200,良,420(-2),0
ソルトテラス,曇,13.4,6,池添謙一,54,芝1000,良,422(0),0
ソルトドリーム,晴,8.3,4,富田暁,51,芝1400,稍,454(-8),0
ソルトドリーム,晴,9.3,4,北村友一,54,芝1200,良,462(+18),1
ソルトドリーム,晴,16.2,5,富田暁,51,芝1400,良,444(0),1
ソルファ,晴,16.0,6,三浦皇成,54,芝1600,良,488(0),0
ソルプレーサ,晴,92.7,12,吉原寛人,57,芝1600,良,526(+6),0
ソルプレーサ,晴,116.3,13,野中悠太,57,ダ1200,稍,520(-4),0
ソルプレーサ,晴,73.9,13,野中悠太,54,ダ1200,良,524(+4),0
ソルプレーサ,曇,16.9,6,江田照男,57,ダ1400,不,520(+4),0
ソルプレーサ,晴,19.4,8,江田照男,57,ダ1200,重,516(-4),0
ソルプレーサ,晴,12.6,6,嘉藤貴行,57,ダ1800,重,520(+2),0
ソルプレーサ,曇,39.2,8,嘉藤貴行,55,ダ1800,稍,518(-4),0
ソルプレーサ,晴,13.6,7,荻野極,57,ダ1800,良,522(0),0
ソルプレーサ,曇,8.5,4,石橋脩,57,ダ1900,不,522(-4),0
ソルプレーサ,曇,7.3,5,嘉藤貴行,57,ダ1200,良,526(-2),0
ソルプレーサ,小雨,5.9,2,嘉藤貴行,57,ダ1200,稍,528(-6),0
ソルプレーサ,曇,45.6,13,嘉藤貴行,57,ダ1200,稍,534(-2),1
ソルプレーサ,晴,7.4,4,内田博幸,57,ダ1800,良,536(+8),0
ソルプレーサ,晴,4.8,1,内田博幸,57,ダ2100,良,528(+2),0
ソルプレーサ,雨,14.3,6,内田博幸,57,ダ1800,重,526(-2),1
ソルプレーサ,曇,13.9,6,ベリー,57,ダ1600,良,528(0),0
ソルプレーサ,晴,4.2,2,内田博幸,57,ダ1800,良,528(+10),1
ソルプレーサ,曇,30.4,8,嘉藤貴行,57,ダ1800,稍,518(+4),0
ソルプレーサ,晴,70.6,13,嘉藤貴行,56,ダ1800,良,514(-2),1
ソルプレーサ,晴,20.8,8,嘉藤貴行,57,ダ1600,良,516(-4),0
ソルプレーサ,晴,73.1,12,嘉藤貴行,56,ダ1800,良,520(+4),0
ソルプレーサ,晴,13.7,5,嘉藤貴行,56,ダ1200,良,516(+4),0
ソルプレーサ,晴,53.4,10,嘉藤貴行,56,ダ1400,稍,512(-4),0
ソルプレーサ,曇,12.7,4,嘉藤貴行,55,ダ1200,重,516(+10),1
ソルプレーサ,晴,12.9,7,嘉藤貴行,55,ダ1200,稍,506(0),0
ソルプレーサ,晴,44.8,10,嘉藤貴行,54,芝1600,良,506(-4),0
ソルプレーサ,曇,134.4,13,嘉藤貴行,54,ダ1700,稍,510(-6),0
ソルプレーサ,曇,108.3,9,嘉藤貴行,54,ダ1600,良,516(+8),0
ソルプレーサ,晴,17.5,7,大野拓弥,56,ダ1800,重,508(+14),0
ソルプレーサ,晴,12.5,5,田辺裕信,56,ダ1800,良,494(-6),0
ソルプレーサ,曇,4.3,2,田辺裕信,55,ダ1800,稍,500(-2),1
ソルプレーサ,雨,6.5,2,田辺裕信,55,ダ1600,重,502(0),1
ソルモンターレ,曇,17.8,5,石川倭,55,ダ1800,不,486(-2),0
ソルモンターレ,晴,9.8,4,石川倭,55,ダ1800,重,488(0),0
ソルモンターレ,曇,27.1,6,石川倭,55,ダ1800,不,488(+2),1
ソルモンターレ,曇,21.8,5,石川倭,55,ダ2000,不,486(-2),0
ソルモンターレ,曇,36.5,6,石川倭,55,ダ1800,重,488(+10),1
ソルモンターレ,曇,69.6,8,石川倭,55,ダ1800,重,478(-8),1
ソルモンターレ,曇,26.5,5,石川倭,55,ダ2000,良,486(+4),1
ソルモンターレ,曇,172.4,10,石川倭,55,ダ1800,稍,482(-6),0
ソルモンターレ,晴,80.4,11,石川倭,55,ダ1800,稍,488(-2),0
ソルモンターレ,曇,73.5,7,石川倭,55,ダ1700,不,490(+12),0
ソルモンターレ,雨,40.0,7,石川倭,57,ダ1800,重,478(+8),0
ソルモンターレ,曇,94.9,10,松井伸也,57,ダ1800,稍,470(-10),0
ソルモンターレ,晴,201.8,12,別府真衣,56,ダ2000,重,480(-4),0
ソルモンターレ,晴,11.5,5,石川倭,56,ダ1800,良,484(0),1
ソルモンターレ,晴,31.7,5,松井伸也,56,ダ1800,稍,484(+6),1
ソルモンターレ,曇,16.3,5,松井伸也,56,ダ2000,稍,478(0),1
ソルモンターレ,晴,32.2,5,松井伸也,56,ダ1700,良,478(+2),1
ソルモンターレ,曇,2.6,1,坂下秀樹,56,ダ1800,稍,476(0),0
ソルモンターレ,晴,14.4,5,坂下秀樹,56,ダ1700,重,476(+2),1
ソルモンターレ,曇,34.9,6,坂下秀樹,56,ダ1700,重,474(0),1
ソルモンターレ,曇,16.4,5,松井伸也,56,ダ1800,稍,474(+2),0
ソルモンターレ,雨,23.7,4,石川倭,56,ダ1800,稍,472(-2),1
ソルモンターレ,晴,60.2,10,石川倭,57,ダ1500,良,474(+4),1
ソルモンターレ,晴,36.0,7,坂下秀樹,57,ダ1800,不,470(-4),0
ソルモンターレ,晴,27.2,6,坂下秀樹,57,ダ1200,良,474(-6),0
ソルモンターレ,晴,19.2,8,荻野琢真,55,ダ1800,稍,480(+2),0
ソルモンターレ,晴,15.4,4,荻野琢真,57,ダ1800,良,478(-2),1
ソルモンターレ,曇,9.6,4,荻野琢真,57,ダ1700,良,480(+12),0
ソルモンターレ,曇,5.6,2,荻野琢真,57,ダ1700,良,468(-10),0
ソルモンターレ,晴,19.0,5,荻野琢真,57,ダ1700,稍,478(+2),1
ソルモンターレ,晴,15.3,7,荻野琢真,57,ダ1700,良,476(+10),0
ソルモンターレ,晴,23.4,8,荻野琢真,55,ダ1800,良,466(+4),1
ソルモンターレ,晴,20.4,9,荻野琢真,55,ダ1700,良,462(-4),1
ソルモンターレ,晴,33.2,6,四位洋文,57,ダ1800,良,466(+2),0
ソルモンターレ,晴,10.3,5,四位洋文,57,ダ1900,良,464(-2),0
ソルモンターレ,晴,8.1,5,森一馬,54,ダ1800,良,466(-2),0
ソルモンターレ,晴,6.3,3,森一馬,54,ダ1800,良,468(0),0
ソルモンターレ,曇,25.0,8,森一馬,54,ダ1900,稍,468(-4),1
ソルモンターレ,晴,12.9,5,岩田康誠,57,ダ1800,良,472(0),1
ソルモンターレ,晴,8.8,6,荻野琢真,57,ダ1900,良,472(+4),0
ソルモンターレ,晴,18.0,7,荻野琢真,57,ダ1800,良,468(0),0
ソルモンターレ,晴,10.2,7,荻野琢真,57,ダ1700,良,468(-2),1
ソルモンターレ,晴,9.4,5,荻野琢真,55,ダ1700,良,470(-6),1
ソルモンターレ,晴,9.2,5,荻野琢真,57,ダ1700,良,476(+16),1
ソルモンターレ,晴,50.9,10,荻野琢真,55,ダ1700,重,460(-2),1
ソルモンターレ,晴,25.7,10,小林慎一,57,ダ2000,良,462(+2),0
ソルモンターレ,曇,42.8,10,小林慎一,57,ダ1800,不,460(-6),0
ソルモンターレ,晴,12.3,5,小林慎一,56,ダ1900,重,466(+14),0
ソルモンターレ,曇,19.3,8,小林慎一,57,ダ1800,良,452(-2),0
ソルモンターレ,晴,14.0,7,小林慎一,57,ダ1800,重,454(+6),1
ソルモンターレ,晴,7.4,5,小林慎一,55,ダ1800,稍,448(-2),0
ソルモンターレ,小雨,12.9,5,黛弘人,57,ダ2100,不,450(-8),1
ソルモンターレ,晴,20.5,7,小林慎一,57,ダ1800,良,458(+2),0
ソルモンターレ,晴,19.0,6,小林慎一,57,ダ1800,良,456(-4),1
ソルモンターレ,曇,11.6,5,小林慎一,57,ダ2400,良,460(+4),0
ソルモンターレ,晴,5.6,2,小林慎一,54,ダ1800,良,456(-4),0
ソルモンターレ,晴,3.1,2,小林慎一,57,ダ2100,良,460(0),1
ソルモンターレ,雨,7.3,2,小林慎一,57,ダ1900,不,460(+6),1
ソルモンターレ,晴,5.7,2,小林慎一,57,ダ1800,良,454(-4),1
ソルモンターレ,晴,57.9,9,小林慎一,57,ダ1800,良,458(+4),1
ソルモンターレ,曇,21.9,9,小林慎一,57,ダ2000,稍,454(-2),0
ソルモンターレ,晴,90.5,14,小林慎一,54,ダ1900,良,456(-2),0
ソルモンターレ,晴,18.7,8,小林慎一,54,ダ1800,良,458(-2),0
ソルモンターレ,雨,33.3,11,小林慎一,57,ダ1800,不,460(-6),0
ソルモンターレ,曇,19.3,7,小林慎一,56,ダ1700,良,466(-2),1
ソルモンターレ,曇,7.3,4,小林慎一,56,ダ1800,良,468(+8),0
ソルモンターレ,晴,9.2,6,宮崎北斗,54,ダ2300,良,460(-2),0
ソルモンターレ,晴,3.6,2,小林慎一,56,ダ1700,稍,462(+2),0
ソルモンターレ,曇,5.4,2,小林慎一,55,ダ2100,不,460(+4),0
ソルモンターレ,晴,8.0,4,小林慎一,55,ダ1600,良,456(-4),1
ソルモンターレ,晴,15.2,5,小林慎一,54,ダ1800,稍,460(-5),0
ソルモンターレ,曇,2.0,1,安部幸夫,56,ダ1400,良,465(+3),1
ソルモンターレ,晴,3.1,1,小林慎一,56,ダ1800,良,462(+2),0
ソルモンターレ,曇,123.7,14,小林慎一,56,ダ1800,稍,460(0),1
ソレイユドパリ,晴,1.7,1,石橋脩,56,ダ1800,良,526(-2),1
ソレイユドパリ,晴,3.1,2,石橋脩,56,ダ1800,良,528(+4),1
ソレイユドパリ,晴,2.5,1,ムーア,55,ダ1800,良,524(+4),1
ソレイユドパリ,晴,1.7,1,内田博幸,54,ダ1600,良,520(-4),1
ソレイユドパリ,晴,2.5,1,ルメール,56,ダ1600,重,524(-2),1
ソレイユドパリ,晴,2.2,1,シュタル,56,芝1800,良,526(+2),0
ソレイユドパリ,晴,1.7,1,ムーア,56,芝1800,稍,524(0),1
ソレイユブリール,晴,3.5,1,本田正重,54,ダ1200,重,472(+7),1
ソレイユブリール,曇,3.4,2,本田正重,54,ダ1200,稍,465(+1),1
ソレイユブリール,曇,2.6,1,本田正重,54,ダ1400,良,464(-1),1
ソレイユブリール,晴,5.7,2,繁田健一,54,ダ1200,良,465(+9),0
ソレイユブリール,晴,4.8,2,藤井勘一,54,ダ1400,良,456(+6),1
ソレイユブリール,晴,12.6,6,藤井勘一,54,ダ1200,良,450(-6),1
ソレイユブリール,曇,18.4,7,藤井勘一,54,ダ1200,重,456(-7),0
ソレイユブリール,曇,11.0,3,藤井勘一,54,ダ1200,不,463(-1),0
ソレイユブリール,雨,17.5,6,藤井勘一,54,ダ1200,良,464(+6),1
ソレイユブリール,曇,5.0,2,真島大輔,54,ダ1200,不,458(+5),0
ソレイユブリール,晴,1.2,1,真島大輔,54,ダ1400,稍,453(+6),1
ソレイユブリール,曇,2.1,1,真島大輔,54,ダ1400,良,447(0),1
ソレイユフルール,晴,50.1,15,丸田恭介,52,芝1200,稍,472(-6),0
ソレイユフルール,雨,33.2,12,原田和真,52,芝1000,重,478(-6),0
ソレイユフルール,曇,6.1,3,原田和真,52,芝1000,良,484(+10),0
ソレイユフルール,晴,5.7,2,柴田大知,52,芝1000,良,474(-2),1
ソレイユフルール,曇,14.1,4,原田和真,52,芝1000,良,476(+6),0
ソレイユフルール,小雨,6.1,3,原田和真,54,芝1000,稍,470(-4),1
ソレイユフルール,晴,73.0,13,熊沢重文,54,芝1200,良,474(-4),0
ソレイユフルール,晴,34.4,8,井上敏樹,52,ダ1200,良,478(-4),0
ソレイユフルール,晴,40.5,11,柴田大知,54,芝1200,良,482(+20),0
ソレイユフルール,曇,22.6,6,原田和真,51,芝1200,良,462(+6),1
ソレイユフルール,晴,14.6,6,原田和真,51,芝1200,良,456(-8),0
ソレイユフルール,曇,37.9,8,丸山元気,54,芝1200,良,464(0),0
ソレイユフルール,晴,44.2,8,黛弘人,54,芝1200,良,464(0),0
ソレハソレデ,晴,205.2,9,松本幸祐,54,ダ1400,重,440(+1),0
ソレハソレデ,晴,227.1,10,山崎雅由,54,ダ1400,不,439(+4),0
ソレハソレデ,雨,198.3,9,小山裕也,54,ダ1400,重,435(-3),0
ソレハソレデ,曇,177.7,10,小山裕也,53,ダ1400,稍,438(+1),0
ソレハソレデ,晴,60.0,8,小山裕也,53,ダ1400,稍,437(-5),0
ソレハソレデ,晴,24.8,6,山田雄大,54,ダ1400,良,442(-4),0
ソレハソレデ,晴,4.8,3,吉村智洋,54,ダ1400,良,446(+2),0
ソレハソレデ,晴,13.7,5,吉村智洋,54,ダ1400,重,444(+5),1
ソレハソレデ,曇,19.1,6,吉村智洋,54,ダ1400,稍,439(-2),0
ソレハソレデ,晴,7.1,3,吉村智洋,54,ダ1400,良,441(+4),0
ソレハソレデ,晴,71.0,9,吉村智洋,54,ダ1400,良,437(0),0
ソレハソレデ,晴,31.9,6,杉浦健太,54,ダ1400,良,437(-2),0
ソレハソレデ,晴,30.1,6,大山真吾,54,ダ1400,良,439(+3),0
ソレハソレデ,晴,47.0,8,大山真吾,54,ダ1400,良,436(-4),0
ソレハソレデ,曇,38.3,6,山崎雅由,54,ダ1400,稍,440(0),0
ソレハソレデ,晴,29.6,7,田中学,54,ダ1400,良,440(+2),0
ソレハソレデ,晴,1.7,1,田中学,54,ダ1400,良,438(+2),1
ソレハソレデ,晴,1.9,1,山崎雅由,54,ダ1400,良,436(-1),0
ソレハソレデ,晴,2.7,2,松本幸祐,54,ダ1400,良,437(+3),0
ソレハソレデ,晴,268.8,10,山崎雅由,54,ダ1400,良,434(-4),0
ソレハソレデ,晴,29.9,8,吉村智洋,54,ダ1400,良,438(+1),0
ソレハソレデ,曇,67.2,9,杉浦健太,55,ダ1400,良,437(-2),0
ソレハソレデ,晴,29.7,7,宮下康一,54,ダ1400,稍,439(-4),1
ソレハソレデ,晴,23.7,7,高松亮,54,ダ1400,稍,443(+1),0
ソレハソレデ,晴,7.6,4,吉村智洋,54,ダ1400,稍,442(0),1
ソレハソレデ,晴,7.6,4,吉村智洋,54,ダ1400,良,442(+6),0
ソレハソレデ,晴,21.4,4,吉村智洋,54,ダ1400,重,436(+2),0
ソレハソレデ,晴,21.3,8,吉村智洋,54,ダ1400,稍,434(-1),1
ソレハソレデ,晴,5.7,3,吉村智洋,54,ダ1400,重,435(-2),0
ソレハソレデ,曇,9.0,4,吉村智洋,54,ダ1400,良,437(-3),0
ソレハソレデ,晴,34.8,5,吉村智洋,54,ダ1400,良,440(-10),0
ソレハソレデ,晴,8.3,5,吉村智洋,54,ダ1400,重,450(+6),0
ソレハソレデ,雨,5.2,3,吉村智洋,54,ダ1400,不,444(+10),0
ソレハソレデ,晴,6.2,4,吉村智洋,54,ダ1400,重,434(-3),0
ソレハソレデ,曇,149.9,9,山崎雅由,54,ダ1700,重,437(+5),0
ソレハソレデ,曇,42.4,7,吉村智洋,54,ダ1400,稍,432(-6),0
ソレハソレデ,曇,19.0,7,大山真吾,54,ダ1700,不,438(+5),0
ソレハソレデ,晴,88.1,10,板野央,54,ダ1400,稍,433(+3),0
ソレハソレデ,晴,15.3,6,吉村智洋,54,ダ1230,良,430(-6),0
ソレハソレデ,晴,105.0,11,藤本現暉,51,ダ1200,稍,436(+1),0
ソレハソレデ,晴,83.9,12,中野省吾,54,ダ1400,良,435(+1),0
ソレハソレデ,雨,60.5,7,笹川翼,54,ダ1200,重,434(-6),0
ソレハソレデ,曇,45.0,8,安藤洋一,54,ダ1200,重,440(+8),0
ソレハソレデ,晴,75.1,10,安藤洋一,54,ダ1400,不,432(-3),0
ソレハソレデ,晴,31.6,9,瀬川将輝,52,ダ1200,良,435(-4),0
ソレハソレデ,晴,10.8,5,瀬川将輝,52,ダ1200,稍,439(+2),0
ソレハソレデ,晴,3.3,1,横川怜央,54,ダ1200,稍,437(-6),0
ソレハソレデ,雨,12.4,5,笹川翼,54,ダ1200,不,443(+1),1
ソレハソレデ,曇,16.3,8,瀬川将輝,51,ダ1200,良,442(-2),1
ソレハソレデ,曇,20.5,7,笹川翼,54,ダ1200,不,444(+3),1
ソレハソレデ,晴,25.9,8,笹川翼,54,ダ1200,良,441(+1),0
ソレハソレデ,曇,24.0,8,笹川翼,54,ダ1200,良,440(+4),0
ソレハソレデ,曇,38.6,7,笹川翼,54,ダ1200,不,436(+4),0
ソレハソレデ,雨,73.4,12,笹川翼,54,ダ1200,不,432(-2),0
ソレハソレデ,晴,33.0,9,笹川翼,54,ダ1400,良,434(0),0
ソレハソレデ,曇,32.7,9,笹川翼,54,ダ1400,重,434(-1),0
ソレハソレデ,曇,24.4,12,笹川翼,54,ダ1400,不,435(+3),0
ソレハソレデ,晴,33.3,10,笹川翼,54,ダ1400,良,432(+2),0
ソレハソレデ,晴,21.3,7,笹川翼,54,ダ1200,稍,430(0),0
ソレハソレデ,曇,10.4,4,御神本訓,54,ダ1200,稍,430(+5),0
ソレハソレデ,晴,11.2,6,御神本訓,54,ダ1400,稍,425(-2),0
ソレハソレデ,晴,15.5,7,御神本訓,54,ダ1400,良,427(-2),0
ソレハソレデ,晴,11.6,5,御神本訓,54,ダ1200,良,429(+4),0
ソレハソレデ,晴,12.2,4,御神本訓,54,ダ1200,良,425(-5),1
ソレハソレデ,曇,9.2,4,上田健人,54,ダ1200,良,430(-2),0
ソレハソレデ,晴,3.6,2,上田健人,54,ダ1400,良,432(+2),0
ソレハソレデ,曇,55.0,8,上田健人,54,ダ1400,良,430(-8),1
ソレハソレデ,晴,89.7,8,岩橋勇二,54,ダ1200,稍,438(+2),0
ソレハソレデ,曇,46.3,9,阿部龍,54,ダ1200,重,436(0),0
ソレハソレデ,曇,74.9,8,黒沢愛斗,54,ダ1200,重,436(+8),0
ソレハソレデ,曇,94.8,9,小林靖幸,54,ダ1200,良,428(0),0
ソレハソレデ,晴,60.0,6,黒沢愛斗,54,ダ1200,稍,428(0),0
ソレハソレデ,曇,64.1,8,黒沢愛斗,54,ダ1200,重,428(0),0
ソレハソレデ,晴,59.6,8,桑村真明,54,ダ1200,重,428(0),0
ソレハソレデ,曇,58.2,8,黒沢愛斗,54,ダ1200,良,428(+2),0
ソレハソレデ,曇,10.6,5,黒沢愛斗,54,ダ1200,良,426(+2),0
ソレハソレデ,曇,59.3,8,黒沢愛斗,54,ダ1200,良,424(+4),0
ソレハソレデ,晴,12.2,4,黒沢愛斗,54,ダ1700,良,420(0),0
ソレハソレデ,晴,19.2,5,黒沢愛斗,54,ダ1200,良,420(+6),0
ソレハソレデ,晴,20.9,8,伊藤千尋,53,ダ1200,良,414(-6),0
ソレハソレデ,雨,52.2,8,黒沢愛斗,54,ダ1200,良,420(0),1
ソレハソレデ,曇,7.4,3,黒沢愛斗,54,ダ1200,良,420(0),0
ソレハソレデ,晴,8.9,5,黒沢愛斗,54,ダ1200,良,420(+2),1
ソレハソレデ,曇,17.2,6,黒沢愛斗,54,ダ1200,稍,418(+5),1
ソレハソレデ,晴,74.8,8,横井将人,54,ダ1400,重,413(-2),0
ソレハソレデ,曇,64.8,7,横井将人,54,ダ1400,稍,415(-4),0
ソレハソレデ,晴,46.0,7,横井将人,54,ダ1400,稍,419(-3),0
ソレハソレデ,晴,73.8,6,丸山真一,53,ダ1400,良,422(-1),0
ソレハソレデ,曇,47.0,6,横井将人,54,ダ1400,不,423(+5),0
ソレハソレデ,晴,10.8,4,横井将人,54,ダ1400,重,418(-7),0
ソレハソレデ,晴,36.0,5,横井将人,54,ダ1400,重,425(+1),0
ソレハソレデ,雨,6.7,3,横井将人,54,ダ1400,不,424(0),0
ソレハソレデ,晴,25.3,5,黒沢愛斗,54,ダ1400,重,424(0),1
ソレハソレデ,曇,3.0,3,黒沢愛斗,54,ダ1400,重,424(+5),0
ソレハソレデ,晴,12.3,4,黒沢愛斗,54,ダ1400,重,419(-3),0
ソレハソレデ,晴,5.7,3,黒沢愛斗,54,ダ1000,重,422(-2),1
ソレハソレデ,曇,5.4,2,黒沢愛斗,54,ダ1000,重,424(+2),0
ソレハソレデ,晴,2.4,1,桑村真明,54,ダ1000,良,422(-4),1
ソレハソレデ,晴,5.9,2,桑村真明,54,ダ1000,良,426(+4),1
ソレハソレデ,曇,19.6,7,桑村真明,54,ダ1000,稍,422(+8),1
ソレハソレデ,曇,7.7,5,岩橋勇二,54,ダ1000,良,414(-2),0
ソレハソレデ,曇,141.3,11,岩橋勇二,54,ダ1200,良,416(-2),0
ソレハソレデ,曇,222.9,12,黒沢愛斗,54,ダ1200,良,418(-6),0
ソレハソレデ,曇,31.3,8,黒沢愛斗,54,ダ1200,良,424(-2),0
ソレハソレデ,曇,65.9,11,黒沢愛斗,54,ダ1000,良,426(0),0
ソロショット,晴,20.6,5,寺島憂人,56,ダ1400,稍,478(+6),0
ソロショット,曇,12.2,4,森泰斗,56,ダ1400,重,472(-5),0
ソロショット,曇,6.9,3,中野省吾,56,ダ1500,稍,477(-3),0
ソロショット,晴,7.6,3,森泰斗,56,ダ1400,重,480(+5),0
ソロショット,晴,8.8,4,内田利雄,56,ダ1500,重,475(+6),1
ソロショット,曇,2.5,2,内田利雄,56,ダ1400,不,469(0),0
ソロショット,晴,3.4,2,森泰斗,56,ダ1400,稍,469(-12),0
ソロショット,曇,8.5,5,田知弘久,56,ダ1500,良,481(+18),1
ソロショット,晴,13.1,4,田知弘久,56,ダ1400,良,463(-18),1
ソロショット,晴,6.1,3,田知弘久,56,ダ1500,重,481(+4),0
ソロショット,晴,5.1,2,畑中信司,56,ダ1400,稍,477(-3),1
ソロショット,曇,7.8,4,畑中信司,56,ダ1500,良,480(+1),1
ソロショット,晴,3.0,2,田知弘久,56,ダ1400,良,479(-6),1
ソロショット,晴,3.5,2,田知弘久,56,ダ1400,良,485(-1),0
ソロショット,晴,3.0,2,田知弘久,56,ダ1500,良,486(+1),1
ソロショット,曇,2.3,2,米倉知,56,ダ1400,良,485(-6),1
ソロショット,曇,18.0,5,田知弘久,56,ダ1400,良,491(+3),1
ソロショット,晴,14.9,5,田知弘久,56,ダ1400,重,488(+10),0
ソロショット,晴,355.1,16,伴啓太,54,ダ1200,良,478(-6),0
ソロショット,曇,457.7,15,井上敏樹,52,ダ1600,良,484(+18),0
ソロショット,晴,37.0,10,田辺裕信,55,ダ1600,良,466(0),0
ソロダンサー,晴,11.9,5,津村明秀,55,ダ1150,良,480(+14),0
ソロダンサー,曇,42.9,10,伴啓太,54,ダ1200,重,466(-8),0
ソロダンサー,晴,69.1,15,伴啓太,52,ダ1150,重,474(0),1
ソロダンサー,晴,14.7,6,津村明秀,52,芝1000,良,474(+4),0
ソロダンサー,曇,23.4,7,内田博幸,52,ダ1200,良,470(+6),0
ソロダンサー,曇,10.2,4,大野拓弥,52,ダ1400,稍,464(+2),0
ソロダンサー,晴,6.1,3,内田博幸,54,ダ1200,稍,462(-6),0
ソロダンサー,曇,13.3,5,内田博幸,54,ダ1200,良,468(-8),1
ソロダンサー,晴,1.8,1,内田博幸,54,ダ1200,良,476(0),1
ソロフレーズ,晴,187.6,14,柴山雄一,56,芝1800,稍,460(+2),0
ソロフレーズ,曇,56.9,8,大野拓弥,55,ダ1400,良,458(0),0
ソロムコ,曇,16.0,5,安藤洋一,55,ダ1400,稍,513(-3),1
ソロムコ,雨,14.0,8,安藤洋一,55,ダ1500,稍,516(-10),0
ソロムコ,晴,18.6,5,安藤洋一,55,ダ1200,不,526(0),1
ソワンドタイガー,晴,20.5,8,瀧川寿希,56,ダ2000,良,504(-2),0
ソワンドタイガー,曇,29.7,11,本田正重,56,ダ1500,良,506(+9),0
ソワンドタイガー,曇,17.5,8,本田紀忠,56,ダ1600,良,497(+17),0
ソワンドタイガー,晴,137.1,14,武藤雅,54,ダ1400,良,480(-10),0
ソワンドタイガー,曇,151.0,11,松岡正海,57,ダ1800,不,490(-2),0
ソワンドタイガー,曇,224.2,15,杉原誠人,57,ダ1400,稍,492(+22),0
ソワンドタイガー,晴,111.4,13,中井裕二,56,ダ1700,良,470(+12),0
ソワンドタイガー,晴,207.9,12,中井裕二,57,芝2000,良,458(-16),0
ソワンドタイガー,晴,23.3,6,坂井瑠星,54,ダ1700,稍,474(-11),0
ソワンドタイガー,曇,2.9,1,杉原誠人,57,ダ1800,重,485(+9),0
ソワンドタイガー,晴,132.0,12,杉原誠人,57,ダ1400,良,476(0),0
ソワンドタイガー,晴,258.2,13,小崎綾也,52,芝2000,良,476(-10),0
ソワンドタイガー,晴,196.1,16,井上敏樹,54,ダ1600,稍,486(+6),0
ソワンドタイガー,晴,96.1,13,村田一誠,52,ダ1800,稍,480(-5),0
ソワンドタイガー,雨,34.2,8,黛弘人,57,ダ1800,不,485(+7),1
ソワンドタイガー,晴,39.8,12,木幡初也,52,ダ1700,良,478(+2),0
ソワンドタイガー,曇,117.6,10,黛弘人,55,ダ2100,良,476(-2),0
ソワンドタイガー,晴,121.9,14,松岡正海,55,ダ1200,不,478(+4),0
ソワンドタイガー,曇,119.4,11,松岡正海,54,ダ1300,良,474(-2),0
ソワンドタイガー,晴,83.7,11,松岡正海,56,ダ1400,稍,476(-2),0
ソワンドタイガー,曇,11.9,6,松岡正海,55,ダ1400,重,478(-2),1
ソワンドタイガー,晴,18.1,8,松岡正海,55,ダ1700,良,480(+6),1
ソワンドタイガー,晴,26.9,8,吉田隼人,54,ダ1700,良,474(0),0
ソングオブエース,晴,24.4,8,藤江渉,55,ダ1400,稍,535(+5),0
ソングオブエース,晴,22.2,8,藤江渉,56,ダ1500,良,530(-7),0
ソングオブエース,雨,12.0,3,藤江渉,56,ダ1400,重,537(-6),0
ソングオブエース,晴,27.1,6,藤江渉,55,ダ1600,稍,543(-4),1
ソングオブエース,曇,15.2,4,藤江渉,56,ダ1600,良,547(+2),0
ソングオブエース,晴,60.6,10,藤江渉,56,ダ1500,良,545(-2),0
ソングオブエース,晴,23.1,5,藤江渉,56,ダ1400,良,547(+1),0
ソングオブエース,晴,87.4,9,藤江渉,55,ダ1600,良,546(-6),0
ソングオブエース,晴,55.8,9,藤江渉,56,ダ1400,稍,552(+4),0
ソングオブエース,晴,82.4,10,藤江渉,55,ダ1800,重,548(-1),0
ソングオブエース,晴,63.7,9,藤江渉,56,ダ1500,良,549(+2),0
ソングオブエース,晴,231.4,11,藤江渉,56,ダ1400,良,547(0),1
ソングオブエース,晴,163.1,13,藤江渉,56,ダ1600,良,547(-5),0
ソングオブエース,晴,49.4,10,内田利雄,56,ダ1500,良,552(+10),0
ソングオブエース,雨,56.2,12,内田利雄,56,ダ1500,不,542(-10),0
ソングオブエース,晴,35.5,9,内田利雄,56,ダ1500,良,552(+1),0
ソングオブエース,曇,58.4,11,内田利雄,56,ダ1600,良,551(+17),0
ソングオブエース,曇,23.4,8,内田利雄,56,ダ2000,良,534(-8),0
ソングオブエース,晴,89.0,11,内田利雄,56,ダ1500,良,542(+5),1
ソングオブエース,晴,56.6,9,内田利雄,57,ダ1600,良,537(-5),0
ソングオブエース,晴,13.1,6,内田利雄,57,ダ1800,良,542(+5),0
ソングオブエース,晴,19.3,7,内田利雄,56,ダ1500,良,537(0),0
ソングオブエース,雨,44.2,11,内田利雄,56,ダ1600,不,537(+4),1
ソングオブエース,曇,23.9,9,内田利雄,56,ダ1600,良,533(-7),0
ソングオブエース,晴,10.9,5,内田利雄,56,ダ1400,良,540(+1),0
ソングオブエース,曇,16.1,6,内田利雄,56,ダ2000,稍,539(-3),1
ソングオブエース,晴,44.8,8,内田利雄,56,ダ1600,良,542(0),0
ソングオブエース,晴,195.1,13,内田利雄,55,ダ1800,稍,542(+15),0
ソングオブエース,晴,45.7,8,藤江渉,55,ダ1500,良,527(+1),0
ソングオブエース,晴,107.1,9,内田利雄,56,ダ1400,重,526(-4),0
ソングオブエース,曇,88.1,9,内田利雄,56,ダ1600,稍,530(-2),0
ソングオブエース,晴,70.6,10,藤江渉,56,ダ1600,良,532(+7),0
ソングオブエース,曇,112.5,12,藤江渉,56,ダ1600,稍,525(+9),0
ソングオブエース,曇,101.0,12,藤江渉,56,ダ1500,重,516(-9),0
ソングオブエース,晴,20.4,8,藤江渉,56,ダ1500,重,525(+8),0
ソングオブエース,晴,7.7,4,藤江渉,56,ダ1600,良,517(-8),1
ソングオブエース,曇,22.5,8,内田利雄,56,ダ1600,稍,525(0),0
ソングオブエース,曇,22.8,7,内田利雄,56,ダ1600,良,525(-1),1
ソングオブエース,雨,10.6,6,内田利雄,56,ダ1400,不,526(-1),0
ソングオブエース,曇,6.3,2,山崎誠士,56,ダ1500,重,527(-1),0
ソングオブエース,晴,10.2,6,内田利雄,57,ダ1600,不,528(-3),0
ソングオブエース,曇,7.7,4,藤江渉,56,ダ1600,良,531(-6),1
ソングオブエース,晴,17.7,9,内田利雄,56,ダ1600,良,537(+2),0
ソングオブエース,晴,11.5,4,藤江渉,56,ダ1600,良,535(-3),0
ソングオブエース,晴,10.7,3,藤江渉,56,ダ1400,稍,538(+1),1
ソングオブエース,晴,26.5,7,的場文男,56,ダ1500,良,537(0),0
ソングオブエース,晴,30.7,9,藤江渉,56,ダ1400,良,537(+3),1
ソングオブエース,晴,29.8,9,藤江渉,56,ダ1500,稍,534(0),0
ソングオブエース,晴,11.5,4,藤江渉,55,ダ1400,稍,534(-3),0
ソングオブエース,曇,37.7,10,藤江渉,56,ダ1500,良,537(-4),0
ソングオブエース,晴,9.7,5,藤江渉,56,ダ1500,良,541(+3),0
ソングオブエース,晴,16.8,7,藤江渉,56,ダ1600,稍,538(0),1
ソングオブエース,晴,26.2,8,藤江渉,56,ダ1400,重,538(+2),1
ソングオブエース,晴,26.6,7,藤江渉,56,ダ1500,重,536(-3),0
ソングオブエース,晴,34.7,7,藤江渉,56,ダ1400,良,539(+4),0
ソングオブエース,晴,72.1,10,藤江渉,56,ダ1500,良,535(+2),0
ソングオブエース,曇,105.5,12,内田利雄,56,ダ1500,良,533(-8),0
ソングオブエース,晴,33.2,8,吉本隆記,56,ダ1400,良,541(+12),0
ソングオブエース,晴,9.7,5,山崎誠士,54,ダ1400,良,529(+16),1
ソングオブエース,晴,38.0,8,山崎誠士,54,ダ1500,良,513(-8),0
ソングオブエース,晴,46.6,8,藤江渉,54,ダ1300,良,521(+8),0
ソングオブエース,晴,39.3,7,藤江渉,54,ダ800,良,513(0),0
ソングオブファイア,曇,47.4,8,三浦皇成,56,ダ1400,不,474(+2),0
ソングオブファイア,晴,1.3,1,三浦皇成,55,ダ1200,良,472(+4),1
ソングオブファイア,曇,5.7,3,津村明秀,55,ダ1150,稍,468(-2),1
ソングオブファイア,小雨,1.9,1,三浦皇成,54,ダ1200,重,470(0),0
ソングオブファイア,晴,6.1,4,三浦皇成,54,ダ1200,良,470(0),1
ソングオブローラン,晴,26.8,7,菱田裕二,56,ダ1800,良,518(+6),0
ソングオブローラン,晴,222.6,17,丹内祐次,55,芝2000,良,512(+4),0
ソングオブローラン,曇,40.2,9,丹内祐次,55,芝1800,良,508(0),0
ソングオブローラン,晴,44.7,6,黛弘人,54,芝1800,良,508(+2),0
ソングオブローラン,小雨,33.8,6,黛弘人,54,芝1800,重,506(+2),0
ソングオブローラン,曇,17.8,2,丹内祐次,54,芝1800,重,504(-4),1
ソングオブローラン,晴,60.1,6,丹内祐次,54,芝1800,良,508(0),0
ソングバトラー,晴,3.3,2,瀧川寿希,55,ダ1200,不,468(0),1
ゾンコラン,晴,47.9,7,大山真吾,56,ダ1400,良,464(+6),0
ゾンコラン,曇,165.3,8,杉浦健太,56,ダ1400,良,458(-2),0
ゾンコラン,雨,106.8,10,杉浦健太,56,ダ1400,稍,460(+2),0
ゾンコラン,雨,75.8,8,杉浦健太,56,ダ1400,不,458(+1),0
ゾンコラン,雨,74.3,7,杉浦健太,56,ダ1400,稍,457(-1),0
ゾンコラン,曇,4.6,3,吉村智洋,56,ダ1400,良,458(+4),1
ゾンコラン,晴,9.2,6,池田敦,56,ダ1400,重,454(-1),0
ゾンコラン,晴,9.1,4,池田敦,56,ダ1400,良,455(+1),0
ゾンコラン,晴,12.9,5,下原理,56,ダ1400,重,454(-11),0
ゾンコラン,雨,16.0,4,吉村智洋,56,ダ1400,良,465(-1),0
ゾンコラン,曇,25.1,8,山田雄大,56,ダ1400,稍,466(-3),0
ゾンコラン,曇,9.8,5,板野央,56,ダ1400,良,469(-3),0
ゾンコラン,晴,10.6,3,吉村智洋,56,ダ1400,良,472(-4),1
ゾンコラン,晴,51.4,9,バルジュ,56,ダ1700,良,476(-2),0
ゾンコラン,雨,6.5,3,戸崎圭太,56,ダ1400,不,478(-4),0
ゾンコラン,晴,5.1,2,岩田康誠,56,ダ1400,良,482(+5),0
ゾンコラン,晴,1.2,1,内田博幸,56,ダ1400,重,477(-5),1
ゾンコラン,曇,3.2,1,ベリー,56,ダ1400,重,482(0),1
ソンサー,晴,30.1,9,繁田健一,55,ダ1600,不,461(-1),0
ソンサー,晴,57.6,6,繁田健一,54,ダ1400,稍,462(-1),1
ソンサー,晴,28.4,7,達城龍次,54,ダ1600,稍,463(+4),0
ソンサー,曇,21.8,9,達城龍次,54,ダ1600,良,459(-1),0
ソンサー,雨,12.1,4,中野省吾,54,ダ1400,不,460(+3),0
ソンサー,曇,15.4,5,中野省吾,54,ダ1200,重,457(0),0
ソンサー,晴,18.6,7,中野省吾,54,ダ1600,良,457(+1),0
ソンサー,雨,9.2,4,中野省吾,54,ダ1800,良,456(-1),0
ソンサー,雨,2.2,1,中野省吾,54,ダ1500,不,457(-1),0
ソンサー,曇,9.6,4,中野省吾,54,ダ1400,稍,458(+2),1
ソンサー,晴,11.4,5,中野省吾,54,ダ1200,稍,456(+1),0
ソンサー,雨,2.6,2,中野省吾,54,ダ1200,良,455(+11),1
ソンサー,晴,5.9,3,井上俊彦,54,ダ1200,稍,444(+4),1
ソンサー,雨,7.4,5,井上俊彦,54,ダ1200,稍,440(-4),1
ソンサー,曇,4.9,2,井上俊彦,54,ダ1200,良,444(0),1
ソンサー,雨,2.4,1,井上俊彦,54,ダ1000,重,444(+2),0
ソンサー,曇,13.2,3,井上俊彦,54,ダ1000,不,442(0),1
ソンタク,曇,141.4,10,的場勇人,55,芝1200,良,446(-2),0
ソンタク,晴,55.9,9,的場勇人,55,芝1200,良,448(+4),0
ソンタク,晴,31.1,7,的場勇人,54,芝1200,良,444(+8),0
ソンタク,晴,304.0,8,的場勇人,54,芝1400,良,436(-4),0
ソンタク,小雨,40.9,7,的場勇人,54,芝1200,良,440(-4),0
ソンタク,曇,123.2,8,的場勇人,54,芝1200,良,444(+2),0
ソンタク,晴,85.2,10,的場勇人,54,芝1200,良,442(0),0
ゾンネンブルーメ,晴,4.2,3,石崎駿,54,ダ1500,良,449(-3),1
ゾンネンブルーメ,曇,1.9,1,石崎駿,54,ダ1000,良,452(0),1
ソーグリッタリング,晴,2.3,1,Ｍ．デム,56,芝1600,良,488(+2),1
ソーグリッタリング,晴,8.1,5,ボウマン,56,芝1600,良,486(+12),1
ソーグリッタリング,晴,6.1,3,Ｍ．デム,54,芝1600,良,474(+6),0
ソーグリッタリング,晴,2.9,1,Ｍ．デム,56,芝1600,良,468(-8),1
ソーグリッタリング,雨,5.6,3,浜中俊,56,芝1800,良,476(+8),1
ソーグリッタリング,晴,17.7,8,シュミノ,56,芝1800,良,468(-12),0
ソーグリッタリング,曇,14.6,7,Ｍ．デム,55,芝2000,良,480(-2),0
ソーグリッタリング,曇,1.6,1,川田将雅,55,芝1800,良,482(+12),1
ソーグリッタリング,晴,3.5,2,ホワイト,54,芝1800,良,470(-10),1
ソーグリッタリング,曇,7.0,4,ホワイト,54,芝1600,良,480(0),0
ソーグレア,晴,37.2,9,浜中俊,55,芝1600,良,472(-4),0
ソーグレア,晴,41.3,8,横山典弘,55,芝1800,良,476(0),0
ソーザサモンジ,晴,9.0,2,山田祥雄,56,ダ1400,重,473(-8),0
ソーザサモンジ,曇,5.7,3,山田祥雄,56,ダ1400,稍,481(-9),0
ソーザサモンジ,晴,17.6,5,阪野学,56,ダ1600,稍,490(-6),0
ソーザサモンジ,雨,26.0,6,阪野学,56,ダ1700,不,496(+2),1
ソーザサモンジ,曇,14.3,6,阪野学,56,ダ1000,重,494(0),0
ソーザサモンジ,曇,5.8,3,服部茂史,56,ダ1600,稍,494(-8),0
ソーザサモンジ,曇,1.4,1,服部茂史,56,ダ1700,稍,502(0),0
ソーザサモンジ,曇,4.1,2,阪野学,56,ダ1700,重,502(+12),1
ソーザサモンジ,晴,23.0,8,北村宏司,56,ダ1800,良,490(0),0
ソーディヴァイン,雨,2.6,1,川田将雅,55,ダ1400,不,540(+4),1
ソーディヴァイン,晴,3.1,1,ルメール,55,ダ1400,良,536(+8),1
ソーディヴァイン,曇,4.3,1,川田将雅,55,ダ1400,重,528(+2),1
ソーディヴァイン,晴,4.9,3,川田将雅,55,ダ1400,稍,526(0),1
ソーディヴァイン,晴,6.1,3,川田将雅,55,ダ1400,良,526(+4),1
ソーディヴァイン,曇,5.4,2,福永祐一,54,ダ1400,稍,522(-4),0
ソーディヴァイン,晴,2.0,1,川田将雅,53,ダ1400,良,526(+4),0
ソーディヴァイン,曇,4.2,2,川田将雅,53,ダ1400,良,522(+2),1
ソーディヴァイン,晴,8.1,5,川田将雅,54,ダ1400,良,520(-8),0
ソーディヴァイン,曇,30.3,10,佐藤友則,54,芝1400,良,528(-2),0
ソーディヴァイン,晴,6.1,3,佐藤友則,54,ダ1400,重,530(+10),1
ソーディヴァイン,晴,6.3,4,戸崎圭太,54,ダ1400,良,520(+10),0
ソーディヴァイン,曇,1.3,1,川田将雅,54,ダ1400,良,510(0),1
ソーディヴァイン,曇,3.9,2,川田将雅,54,ダ1400,良,510(-10),1
ソーディヴァイン,晴,5.1,3,川田将雅,54,ダ1400,良,520(0),1
ソーディスイズラヴ,晴,45.0,7,山本聡哉,54,ダ1600,稍,419(+6),0
ソーディスイズラヴ,晴,120.7,11,山本聡哉,54,ダ1500,稍,413(+1),0
ソーディスイズラヴ,晴,44.6,11,吉原寛人,54,ダ1500,良,412(-5),0
ソーディスイズラヴ,晴,33.4,8,吉原寛人,54,ダ1500,良,417(-6),0
ソーディスイズラヴ,雪,396.6,12,斉藤雄一,54,ダ2000,稍,423(-4),0
ソーディスイズラヴ,雨,96.7,10,Ｒ．クア,54,ダ2000,不,427(0),0
ソーディスイズラヴ,晴,9.5,4,山本聡哉,54,ダ2000,良,計不,0
ソーディスイズラヴ,晴,4.5,3,山本聡哉,54,芝1700,良,390(-12),0
ソーディスイズラヴ,曇,30.5,6,菅原辰徳,54,ダ2000,重,402(+4),0
ソーディスイズラヴ,曇,12.6,6,山本聡哉,54,芝1600,稍,398(-17),1
ソーディスイズラヴ,雨,11.0,5,藤田凌,51,ダ1800,良,415(+4),0
ソーディスイズラヴ,晴,54.3,9,笹川翼,54,ダ1600,稍,411(-1),1
ソーディスイズラヴ,晴,16.4,6,吉原寛人,54,ダ1600,良,412(-3),0
ソーディスイズラヴ,晴,3.9,3,吉原寛人,54,ダ1500,良,415(+4),1
ソーディスイズラヴ,晴,6.6,5,藤井勘一,54,ダ1400,不,411(-11),1
ソーディスイズラヴ,晴,37.6,8,吉原寛人,54,ダ1600,重,422(-6),0
ソーディスイズラヴ,曇,7.4,4,石川倭,54,ダ1200,良,428(+4),1
ソーディスイズラヴ,晴,2.9,2,吉原寛人,54,ダ1700,稍,424(-4),1
ソーディスイズラヴ,雨,3.7,2,服部茂史,54,ダ1600,稍,428(-2),0
ソーディスイズラヴ,曇,3.4,2,服部茂史,54,ダ1600,稍,430(+8),1
ソーディスイズラヴ,晴,3.2,2,吉原寛人,54,ダ1500,良,422(-14),1
ソーディスイズラヴ,曇,15.6,5,山本聡哉,54,ダ1200,不,436(+4),1
ソーディスイズラヴ,晴,19.7,5,阪野学,54,ダ1200,良,432(0),0
ソードヴァルキリー,晴,1.9,1,高橋悠里,54,ダ1400,不,435(-3),1
ソードヴァルキリー,小雨,2.6,1,高橋悠里,54,ダ1400,重,438(-3),1
ソードヴァルキリー,曇,6.3,3,高橋悠里,54,ダ1400,稍,441(+6),1
ソードヴァルキリー,雨,1.2,1,高橋悠里,54,ダ1200,稍,435(+9),1
ソードヴァルキリー,晴,3.8,2,菅原俊吏,54,ダ1200,重,426(+5),1
ソードヴァルキリー,曇,2.6,2,菅原俊吏,54,ダ1200,良,421(+5),1
ソードヴァルキリー,晴,100.8,13,柴山雄一,54,芝1200,重,416(+6),0
ソードヴァルキリー,曇,238.6,14,吉田豊,54,ダ1700,良,410(0),0
ソードヴァルキリー,晴,57.0,11,柴田大知,54,ダ1600,良,410(+6),0
ソードヴァルキリー,晴,187.9,11,吉田豊,54,芝1600,良,404(-18),0
ソードヴァルキリー,晴,161.3,14,柴田大知,54,ダ1200,良,422(-6),0
ソードヴァルキリー,晴,197.9,13,菊沢一樹,51,芝1200,稍,428(+20),0
ソードヴァルキリー,曇,118.4,13,菊沢一樹,51,芝1200,良,408(0),0
ソードオブホロウ,晴,128.5,7,桜井拓章,56,ダ1200,不,506(-4),0
ソードオブホロウ,晴,259.0,9,田野豊三,56,ダ1200,良,510(-6),0
ソードオブホロウ,晴,207.2,8,田野豊三,56,ダ1200,重,516(+4),0
ソードオブホロウ,晴,328.7,8,田野豊三,57,ダ1200,良,512(+4),0
ソードオブホロウ,雨,246.7,10,田野豊三,57,ダ1200,不,508(-6),0
ソードオブホロウ,雨,273.4,11,田野豊三,57,ダ1200,重,514(+14),0
ソードオブホロウ,曇,162.4,12,田野豊三,54,ダ1200,良,500(+8),0
ソードオブホロウ,雨,182.3,11,五十嵐冬,55,ダ1200,稍,492(-18),0
ソードオブホロウ,曇,40.1,7,五十嵐冬,55,ダ1800,稍,510(+8),0
ソードオブホロウ,曇,229.1,12,川島正太,56,ダ1500,良,502(0),0
ソードオブホロウ,晴,106.3,11,川島正太,56,ダ1400,稍,502(0),0
ソードオブホロウ,晴,194.5,12,川島正太,56,ダ1200,良,502(+2),0
ソードオブホロウ,晴,29.7,10,左海誠二,56,ダ1400,稍,500(-1),0
ソードオブホロウ,晴,113.2,11,左海誠二,56,ダ1200,重,501(+19),0
ソードオブホロウ,曇,33.4,9,左海誠二,56,ダ1600,稍,482(-10),0
ソードオブホロウ,晴,11.3,4,左海誠二,56,ダ1600,不,492(0),0
ソードオブホロウ,晴,65.8,9,山口達弥,56,ダ1600,稍,492(+28),0
ソードオブホロウ,晴,30.0,6,山口達弥,56,ダ1600,良,464(-30),0
ソードオブホロウ,晴,6.5,2,左海誠二,57,ダ1800,不,494(-8),0
ソードオブホロウ,雨,22.1,5,左海誠二,57,ダ1800,不,502(0),1
ソードオブホロウ,曇,82.4,8,左海誠二,57,ダ1800,重,502(-5),0
ソードオブホロウ,曇,6.2,3,左海誠二,56,ダ1600,重,507(-1),0
ソードオブホロウ,晴,35.1,9,左海誠二,56,ダ1600,良,508(-9),1
ソードオブホロウ,曇,15.3,7,左海誠二,56,ダ1600,良,517(+5),0
ソードオブホロウ,曇,4.8,2,左海誠二,56,ダ1500,重,512(0),0
ソードオブホロウ,晴,16.2,8,川島正太,56,ダ1500,良,512(+5),1
ソードオブホロウ,雨,16.6,7,山口達弥,56,ダ1500,不,507(+9),0
ソードオブホロウ,曇,22.6,10,左海誠二,56,ダ1600,不,498(+1),0
ソードオブホロウ,晴,74.7,9,左海誠二,56,ダ1200,良,497(+22),0
ソードオブホロウ,曇,33.5,8,左海誠二,56,ダ1200,稍,475(-4),0
ソードオブホロウ,曇,9.8,5,左海誠二,56,ダ1600,良,479(-2),0
ソードオブホロウ,晴,55.7,11,繁田健一,56,ダ1600,稍,481(+7),0
ソードオブホロウ,晴,19.3,7,左海誠二,56,ダ1600,重,474(+10),0
ソードオブホロウ,晴,29.5,10,左海誠二,54,ダ1700,良,464(-9),0
ソードオブホロウ,晴,16.6,7,左海誠二,57,ダ1600,稍,473(+9),1
ソードオブホロウ,晴,28.0,8,左海誠二,57,ダ1700,重,464(-20),0
ソードオブホロウ,晴,21.0,6,繁田健一,56,ダ1600,重,484(-4),0
ソードオブホロウ,晴,4.1,2,繁田健一,56,ダ1600,良,488(-6),1
ソードオブホロウ,晴,23.1,6,左海誠二,55,ダ1600,稍,494(+10),0
ソードオブホロウ,晴,5.3,3,左海誠二,55,ダ1500,稍,484(+1),0
ソードオブホロウ,曇,7.1,3,左海誠二,54,ダ1600,重,483(-5),1
ソードオブホロウ,晴,24.4,6,左海誠二,54,ダ1200,良,488(-1),0
ソードオブホロウ,小雨,2.6,1,左海誠二,54,ダ1000,不,489(0),1
ソーホワット,晴,15.8,7,瀧川寿希,56,ダ1400,稍,478(-8),0
ソーホワット,曇,12.9,4,瀧川寿希,56,ダ1400,稍,486(+3),0
ソーホワット,曇,6.0,3,町田直希,56,ダ1400,不,483(+4),0
ソーホワット,曇,3.1,2,瀧川寿希,56,ダ1400,良,479(-1),0
ソーホワット,晴,5.0,2,瀧川寿希,56,ダ1400,良,480(+3),1
ソーホワット,曇,26.5,6,町田直希,56,ダ1700,良,477(-2),0
ソーホワット,晴,4.5,2,瀧川寿希,56,ダ1500,稍,479(+2),0
ソーホワット,曇,9.9,5,瀧川寿希,56,ダ1500,良,477(+1),1
ソーホワット,晴,5.1,2,瀧川寿希,56,ダ1500,良,476(+10),0
ソーホワット,晴,15.9,7,瀧川寿希,56,ダ1500,良,466(-4),0
ソーホワット,晴,12.0,5,瀧川寿希,56,ダ1500,重,470(+3),0
ソーホワット,晴,10.7,4,町田直希,56,ダ1500,稍,467(-3),0
ソーホワット,曇,6.4,4,瀧川寿希,56,ダ1500,不,470(-7),0
ソーホワット,雨,14.3,6,瀧川寿希,56,ダ1500,不,477(+1),1
ソーホワット,曇,16.0,5,瀧川寿希,56,ダ1500,良,476(+11),0
ソーホワット,曇,16.7,7,瀧川寿希,56,ダ1400,稍,465(-4),1
ソーホワット,曇,27.8,7,酒井忍,56,ダ1500,不,469(-2),0
ソーホワット,晴,11.1,5,酒井忍,56,ダ1600,良,471(-8),0
ソーホワット,曇,20.0,7,酒井忍,56,ダ1500,重,479(+4),1
ソーホワット,晴,32.3,10,酒井忍,56,ダ1400,良,475(-4),0
ソーホワット,晴,22.8,8,町田直希,56,ダ1500,良,479(+7),0
ソーホワット,晴,32.9,7,村上忍,56,ダ1500,良,472(+1),0
ソーホワット,晴,5.2,2,瀧川寿希,56,ダ1500,良,471(-1),0
ソーホワット,晴,10.8,6,瀧川寿希,56,ダ2000,稍,472(-4),0
ソーホワット,雨,3.9,2,瀧川寿希,56,ダ1600,重,476(-3),0
ソーホワット,晴,2.7,2,瀧川寿希,56,ダ1400,良,479(+2),1
ソーホワット,晴,8.5,6,町田直希,56,ダ1800,良,477(+3),1
ソーホワット,曇,5.9,3,瀧川寿希,56,ダ1400,良,474(+4),1
ソーホワット,晴,3.1,1,山崎誠士,56,ダ1600,良,470(+5),0
ソーホワット,晴,2.9,1,森泰斗,56,ダ1400,良,465(-1),1
ソーホワット,曇,4.0,2,山崎誠士,56,ダ1400,稍,466(-7),1
ソーホワット,晴,2.3,1,森泰斗,56,ダ1400,不,473(+1),1
ソーホワット,雨,1.3,1,森泰斗,56,ダ1400,良,472(+1),1
ソーホワット,晴,2.1,1,森泰斗,56,ダ1400,稍,471(0),1
ソーホワット,曇,5.2,3,森泰斗,56,ダ1400,良,471(+12),1
ソーホワット,曇,3.8,2,森泰斗,56,ダ1400,不,459(+5),1
ソーホワット,晴,2.4,1,森泰斗,56,ダ1400,良,454(-15),0
ソーホワット,晴,3.1,1,森泰斗,56,ダ1400,稍,469(+8),1
ソーホワット,晴,18.9,4,今野忠成,56,ダ1400,良,461(-12),1
ソーホワット,晴,2.2,1,今野忠成,56,ダ1500,良,473(+6),0
ソーホワット,曇,7.2,2,今野忠成,56,ダ1500,重,467(-14),1
ソーホワット,曇,7.7,2,今野忠成,55,ダ1400,良,481(0),1
ソーメニーティアズ,晴,5.2,2,早田功駿,54,ダ1400,重,522(+6),1
ソーメニーティアズ,曇,9.4,3,Ｒ．クア,54,ダ1200,良,516(0),1
ソーメニーティアズ,曇,7.1,5,Ｒ．クア,54,ダ1000,良,516(+1),1
ソーメニーティアズ,晴,19.3,10,早田功駿,53,ダ1400,良,515(-5),0
ソーメニーティアズ,雨,28.5,10,早田功駿,54,ダ1200,不,520(+1),0
ソーメニーティアズ,曇,52.8,13,早田功駿,54,ダ1200,重,519(-1),0
ソーメニーティアズ,晴,37.0,13,早田功駿,54,ダ1200,良,520(-2),0
ソーメニーティアズ,曇,74.3,10,山崎誠士,54,ダ1200,稍,522(+7),0
ソーメニーティアズ,曇,41.5,10,早田功駿,54,ダ1600,重,515(-7),0
ソーメニーティアズ,晴,19.2,4,早田功駿,54,ダ1200,良,522(+14),0
ソーメニーティアズ,晴,14.5,6,早田功駿,54,ダ1200,良,508(-5),0
ソーメニーティアズ,晴,12.5,5,早田功駿,54,ダ1200,良,513(0),0
ソーメニーティアズ,晴,21.2,6,早田功駿,54,ダ1200,不,513(-3),1
ソーメニーティアズ,晴,33.1,7,早田功駿,54,ダ1400,重,516(+6),0
ソーメニーティアズ,曇,223.3,12,早田功駿,54,ダ1400,重,510(-3),0
ソーメニーティアズ,晴,35.7,10,笹川翼,54,ダ1600,稍,513(-2),0
ソーメニーティアズ,曇,14.0,4,早田功駿,54,ダ1500,不,515(+8),0
ソーメニーティアズ,晴,22.3,6,早田功駿,54,ダ1200,稍,507(-14),0
ソーメニーティアズ,曇,49.1,9,早田功駿,54,ダ1200,良,521(-1),0
ソーメニーティアズ,晴,3.9,1,早田功駿,54,ダ1200,良,522(+1),1
ソーメニーティアズ,晴,59.6,6,早田功駿,54,ダ1200,稍,521(+7),0
ソーメニーティアズ,晴,42.0,8,早田功駿,54,ダ1200,重,514(-5),0
ソーメニーティアズ,曇,11.8,4,早田功駿,54,ダ1400,重,519(-1),0
ソーメニーティアズ,晴,19.0,6,早田功駿,54,ダ1200,良,520(0),1
ソーメニーティアズ,晴,10.7,4,早田功駿,54,ダ1600,良,520(-4),0
ソーメニーティアズ,雨,7.6,3,早田功駿,54,ダ1500,重,524(+1),1
ソーメニーティアズ,晴,3.6,2,早田功駿,54,ダ1400,良,523(-7),1
ソーメニーティアズ,晴,19.6,6,早田功駿,54,ダ1600,不,530(0),0
ソーラーフレア,晴,4.2,2,田辺裕信,56,芝1600,良,464(-8),1
ソーラーフレア,曇,16.3,5,田辺裕信,55,芝1600,良,472(-4),1
ソーラーフレア,晴,26.5,6,津村明秀,55,芝1600,良,476(0),0
ソールインパクト,曇,7.7,5,福永祐一,54,芝2400,良,494(+4),0
ソールインパクト,晴,19.5,7,福永祐一,53,芝2500,良,490(0),1
ソールインパクト,晴,6.5,3,三浦皇成,56,芝2400,良,490(+2),1
ソールインパクト,曇,6.8,3,大野拓弥,57,芝2000,良,488(-2),0
ソールインパクト,晴,17.7,9,大野拓弥,53,芝2000,良,490(-2),0
ソールインパクト,晴,17.1,7,大野拓弥,53,芝2000,良,492(+2),1
ソールインパクト,雨,3.0,1,ルメール,57,芝2400,良,490(+2),1
ソールインパクト,晴,7.4,3,福永祐一,57,芝2400,良,488(0),1
ソールインパクト,晴,2.3,1,福永祐一,57,芝2000,良,488(-4),1
ソールインパクト,小雨,2.1,1,吉田隼人,57,芝1800,稍,492(+4),1
ソールインパクト,晴,5.0,2,吉田隼人,57,芝2000,良,488(0),1
ソールインパクト,雨,4.1,2,福永祐一,57,芝2200,重,488(-4),0
ソールインパクト,晴,2.4,1,戸崎圭太,57,芝1800,良,492(+2),1
ソールインパクト,曇,2.7,1,福永祐一,57,芝2000,稍,490(+2),1
ソールインパクト,晴,5.8,3,福永祐一,57,芝2200,良,488(0),1
ソールインパクト,晴,2.9,1,福永祐一,57,芝1600,良,488(+2),0
ソールインパクト,曇,3.9,2,横山典弘,57,芝1800,良,486(+2),1
ソールインパクト,晴,3.4,2,福永祐一,57,芝1800,良,484(-2),1
ソールインパクト,曇,4.4,2,ルメール,57,芝2000,良,486(-2),1
ソールインパクト,晴,11.2,6,池添謙一,56,芝1800,良,488(+10),1
ソールインパクト,晴,6.6,4,吉田豊,56,ダ1800,重,478(+4),0
ソールインパクト,晴,5.5,3,ムーア,55,芝1800,良,474(0),0
ソールインパクト,晴,4.1,1,北村宏司,54,芝2000,良,474(0),0
ソールインパクト,晴,2.7,1,戸崎圭太,54,芝1800,良,474(0),0
ソールインパクト,晴,1.5,1,戸崎圭太,56,芝2400,良,474(-8),1
ソールインパクト,晴,20.3,10,浜中俊,56,芝1800,良,482(0),0
ソールインパクト,晴,19.8,6,内田博幸,56,芝1800,良,482(0),0
ソールインパクト,晴,6.8,4,戸崎圭太,56,芝2000,良,482(-4),0
ソールインパクト,晴,9.1,5,福永祐一,55,芝2000,良,486(+10),0
ソールインパクト,晴,30.3,9,福永祐一,55,芝1800,良,476(+2),1
ソールインパクト,晴,1.1,1,福永祐一,55,芝1600,良,474(-2),1
ソールインパクト,晴,1.4,1,蛯名正義,54,芝1600,良,476(+2),1
ソールインパクト,曇,2.4,1,蛯名正義,54,芝1600,稍,474(0),1
ソールライト,晴,25.0,10,菱田裕二,56,ダ1800,稍,518(0),0
