ムイトオブリガード,4,2.50,1阪神8,阪神大賞典(G2),11,9,5,藤岡佑介,3000,良,486,-6,0
ムイトオブリガード,4,2.50,1小倉6,4歳上500万下,16,10,1,藤岡佑介,2600,良,492,0,1
ムイトオブリガード,4,2.50,1京都2,4歳上500万下,16,9,4,北村友一,2200,良,492,+4,0
ムイトオブリガード,4,2.50,5阪神4,3歳上500万下,10,6,2,ルメール,1800,良,488,+2,0
ムイトオブリガード,4,2.50,5京都5,3歳上500万下,16,4,1,四位洋文,1800,重,486,+2,0
ムイトオブリガード,4,2.50,4京都7,3歳上500万下,12,12,1,四位洋文,1900,不,484,+8,0
ムイトオブリガード,4,2.50,2小倉3,指宿特別(500万下),16,6,2,浜中俊,1700,良,476,-4,1
ムイトオブリガード,4,2.50,3中京6,3歳上500万下,16,13,2,松山弘平,1800,良,480,-2,1
ムイトオブリガード,4,2.50,3中京2,3歳上500万下,16,1,3,武豊,1900,稍,482,+4,0
ムイトオブリガード,4,2.50,2阪神6,3歳500万下,15,10,3,四位洋文,1800,不,478,-12,1
ムイトオブリガード,4,2.50,2京都8,3歳未勝利,16,11,1,四位洋文,1800,稍,490,+8,1
ムイトオブリガード,4,2.50,4京都9,2歳新馬,11,3,3,浜中俊,1800,良,482,0,1
ムカワシシャモ,14,0.00,園田,B3二　3歳以上,6,6,3,松平幸秀,1700,重,473,-3,0
ムカワシシャモ,14,0.00,名古屋,サラC4組,10,1,2,吉田稔,1400,良,476,0,1
ムカワシシャモ,14,0.00,名古屋,サラC4組,10,2,3,倉地学,800,良,476,+11,0
ムカワシシャモ,14,0.00,名古屋,サラC4組,10,9,1,倉地学,800,良,465,-12,0
ムカワシシャモ,14,0.00,名古屋,成田正充還暦祝い,10,10,1,倉地学,1300,良,477,+4,1
ムカワシシャモ,14,0.00,名古屋,サラC4組,10,1,2,吉田稔,1400,不,473,0,1
ムカワシシャモ,14,0.00,名古屋,祝・一成&宏美ウェデ,10,10,1,吉田稔,1400,不,473,+1,1
ムカワシシャモ,14,0.00,名古屋,ふらんす食堂ここりこ,10,7,1,吉田稔,1400,良,472,-10,1
ムカワシシャモ,14,0.00,名古屋,サラC12組,10,7,4,丸野勝虎,1400,不,482,+2,0
ムカワシシャモ,14,0.00,名古屋,サラC12組,10,7,5,竹下太,1400,良,480,-2,1
ムカワシシャモ,14,0.00,名古屋,サラC14組,10,10,3,倉地学,1400,良,482,-2,1
ムカワシシャモ,14,0.00,名古屋,サラC15組,9,2,3,柴田直樹,1400,重,484,-5,1
ムカワシシャモ,14,0.00,名古屋,サラC14組,10,4,4,柴田直樹,1300,重,489,-7,0
ムカワシシャモ,14,0.00,名古屋,サラC15組,10,1,3,柴田直樹,1300,良,496,+26,0
ムカワシシャモ,14,0.00,1札幌1,3歳未勝利,13,13,8,小原義之,1700,稍,470,+6,0
ムカワシシャモ,14,0.00,2函館1,3歳未勝利,13,12,8,小林徹弥,1700,良,464,-6,0
ムカワシシャモ,14,0.00,1函館6,3歳未勝利,11,11,9,津村明秀,1700,良,470,0,0
ムカワシシャモ,14,0.00,1函館3,3歳未勝利,16,9,15,小林徹弥,2000,良,470,+6,0
ムカワシシャモ,14,0.00,2中京1,3歳未勝利,18,18,10,小原義之,2000,良,464,+2,0
ムカワシシャモ,14,0.00,3京都4,3歳未勝利,13,3,12,小原義之,2000,良,462,+8,0
ムカワシシャモ,14,0.00,2阪神4,3歳未勝利,18,8,18,小原義之,1800,稍,454,-8,0
ムカワシシャモ,14,0.00,2札幌7,2歳未勝利,14,4,14,小林徹弥,1200,良,462,+6,0
ムカワシシャモ,14,0.00,2札幌4,2歳新馬,8,3,8,菊沢隆徳,1200,良,456,0,0
ムゲンノカノウセイ,3,0.00,水沢,2歳B2,7,2,2,山本政聡,1400,不,471,+3,1
ムゲンノカノウセイ,3,0.00,水沢,2歳B2,9,1,2,山本政聡,1400,不,468,-4,1
ムゲンノカノウセイ,3,0.00,盛岡,2歳B2,10,8,2,山本政聡,1400,稍,472,+3,1
ムゲンノカノウセイ,3,0.00,盛岡,2歳B1,9,5,2,山本政聡,1400,良,469,+2,1
ムゲンノカノウセイ,3,0.00,盛岡,2歳,8,4,3,山本政聡,1200,良,467,+8,1
ムゲンノカノウセイ,3,0.00,水沢,ファーストステップ2(新馬),7,5,2,山本政聡,850,良,459,0,1
ムサシイーグル,17,0.00,浦和,C2四　五,9,8,8,的場文男,1400,重,485,+3,0
ムサシイーグル,17,0.00,浦和,C2四　五,11,1,7,金子正彦,1400,良,482,+2,0
ムサシイーグル,17,0.00,大井,C2五　六,11,8,8,的場直之,1200,良,480,+8,0
ムサシイーグル,17,0.00,浦和,C1　C2　選抜馬,11,12,2,的場文男,1400,稍,472,+2,0
ムサシイーグル,17,0.00,浦和,C2三,12,4,9,金子正彦,1400,良,470,-13,1
ムサシイーグル,17,0.00,浦和,C2二,11,11,4,石崎隆之,1400,良,483,+11,0
ムサシイーグル,17,0.00,船橋,特選,10,2,4,酒井忍,1600,重,472,-11,0
ムサシイーグル,17,0.00,浦和,C2三,8,3,3,酒井忍,1400,不,483,0,0
ムサシイーグル,17,0.00,浦和,C2三　四,10,5,2,内田博幸,1400,良,483,-2,1
ムサシイーグル,17,0.00,浦和,C2五,11,6,1,的場文男,1400,重,485,+3,1
ムサシイーグル,17,0.00,浦和,4歳一,11,10,1,的場文男,1400,良,482,+1,1
ムサシイーグル,17,0.00,大井,3歳,14,1,3,的場文男,1600,良,481,+3,0
ムサシイーグル,17,0.00,浦和,3歳四　五,12,11,3,的場文男,1400,良,478,-10,1
ムサシイーグル,17,0.00,浦和,3歳四　五,12,9,3,内田博幸,1400,良,488,-4,0
ムサシイーグル,17,0.00,浦和,3歳二　三,10,10,3,的場文男,1400,稍,492,0,0
ムサシイーグル,17,0.00,浦和,3歳三　四,11,8,4,的場文男,1400,良,492,-6,1
ムサシイーグル,17,0.00,浦和,3歳四　五,9,9,7,秋元耕成,1400,良,498,0,0
ムサシイーグル,17,0.00,浦和,3歳六　七,10,9,1,的場文男,1400,良,498,-7,1
ムサシイーグル,17,0.00,浦和,3歳七　八,11,8,5,秋元耕成,1400,良,505,+3,0
ムサシイーグル,17,0.00,浦和,3歳九　十,11,11,1,秋元耕成,1400,稍,502,+4,0
ムサシイーグル,17,0.00,浦和,3歳　未出走(未出走),8,7,5,的場文男,1300,良,498,0,0
ムサシキングオー,9,2.75,大井,’17ムーンライトカ(OP),15,6,4,和田譲治,1600,稍,496,+2,1
ムサシキングオー,9,2.75,川崎,スパーキングサマーカ(OP),12,11,3,和田譲治,1600,良,494,0,1
ムサシキングオー,9,2.75,大井,サンタアニタトロフィ(OP),15,13,3,和田譲治,1600,良,494,-5,0
ムサシキングオー,9,2.75,船橋,京成盃グランドマイラ(OP),14,14,6,和田譲治,1600,不,499,+2,1
ムサシキングオー,9,2.75,大井,大井記念競走(OP),16,12,4,和田譲治,2000,良,497,-1,0
ムサシキングオー,9,2.75,大井,’17ブリリアントカ(OP),13,10,3,和田譲治,2000,稍,498,+5,1
ムサシキングオー,9,2.75,大井,隅田川オープン競走(OP),7,7,1,和田譲治,1600,重,493,-4,0
ムサシキングオー,9,2.75,船橋,報知グランプリC(OP),11,12,3,和田譲治,1800,良,497,+3,1
ムサシキングオー,9,2.75,川崎,報知オールスターカッ(OP),14,10,5,和田譲治,2100,良,494,-1,0
ムサシキングオー,9,2.75,大井,勝島王冠競走(OP),14,13,11,和田譲治,1800,稍,495,+1,1
ムサシキングオー,9,2.75,大井,マイルグランプリ競走(OP),16,15,10,楢崎功祐,1600,良,494,+3,0
ムサシキングオー,9,2.75,大井,’16ムーンライトカ(OP),15,9,4,楢崎功祐,1600,不,491,-1,1
ムサシキングオー,9,2.75,大井,サンタアニタトロフィ(OP),15,2,9,楢崎功祐,1600,重,492,-2,0
ムサシキングオー,9,2.75,船橋,京成盃グランドマイラ(OP),14,4,5,笹川翼,1600,重,494,-1,0
ムサシキングオー,9,2.75,大井,大井記念競走(OP),14,7,4,笹川翼,2000,重,495,-2,0
ムサシキングオー,9,2.75,大井,’16ブリリアントカ,12,9,2,笹川翼,2000,重,497,-1,1
ムサシキングオー,9,2.75,船橋,報知グランプリC(OP),14,4,3,笹川翼,1800,重,498,+3,1
ムサシキングオー,9,2.75,川崎,報知オールスターカッ(OP),12,5,1,笹川翼,2100,良,495,+1,1
ムサシキングオー,9,2.75,大井,勝島王冠競走(OP),16,4,2,笹川翼,1800,重,494,-3,1
ムサシキングオー,9,2.75,大井,マイルグランプリ競走(OP),14,8,5,笹川翼,1600,重,497,-1,1
ムサシキングオー,9,2.75,大井,’15ムーンライトカ(OP),11,5,1,笹川翼,1600,重,498,-2,1
ムサシキングオー,9,2.75,大井,池月・磨墨賞競走,12,2,1,笹川翼,1600,不,500,+8,1
ムサシキングオー,9,2.75,大井,サンタアニタトロフィ(OP),15,3,5,笹川翼,1600,良,492,-1,0
ムサシキングオー,9,2.75,大井,’15スターライトカ,7,6,3,笹川翼,1600,不,493,0,1
ムサシキングオー,9,2.75,大井,大井記念競走(OP),15,4,7,笹川翼,2000,良,493,+8,0
ムサシキングオー,9,2.75,大井,週刊ギャロップ新装刊,10,3,2,笹川翼,1600,重,485,-6,1
ムサシキングオー,9,2.75,大井,’15ブリリアントカ(OP),13,8,8,笹川翼,2000,稍,491,+3,1
ムサシキングオー,9,2.75,大井,隅田川オープン競走(OP),10,5,7,笹川翼,1600,重,488,-4,1
ムサシキングオー,9,2.75,大井,寒梅賞競走,14,14,3,森泰斗,1600,不,492,+1,0
ムサシキングオー,9,2.75,大井,金盃競走(OP),16,11,10,Ｄ．ホラ,2600,良,491,-4,0
ムサシキングオー,9,2.75,大井,ガーネット賞競走,14,9,9,Ｄ．ホラ,2000,良,495,-2,1
ムサシキングオー,9,2.75,大井,いたばし二輪草特別競,16,7,5,楢崎功祐,1600,不,497,+2,0
ムサシキングオー,9,2.75,大井,文の京特別競走,16,12,4,張田京,1800,不,495,-4,1
ムサシキングオー,9,2.75,大井,オフトひたちなか賞競,8,3,4,張田京,1600,良,499,+4,1
ムサシキングオー,9,2.75,大井,オーガスト賞競走,12,4,2,張田京,2000,重,495,-1,0
ムサシキングオー,9,2.75,大井,’14スターライトカ,14,9,4,和田譲治,1600,稍,496,+1,0
ムサシキングオー,9,2.75,大井,アルクツールス賞競走,11,3,5,和田譲治,1800,稍,495,-1,1
ムサシキングオー,9,2.75,大井,’14ブリリアントカ(OP),15,13,6,和田譲治,2000,稍,496,+2,0
ムサシキングオー,9,2.75,大井,寒梅賞競走,14,6,6,和田譲治,1600,良,494,-6,1
ムサシキングオー,9,2.75,大井,ガーネット賞競走,13,4,2,和田譲治,2000,良,500,+2,0
ムサシキングオー,9,2.75,大井,オープス磐梯賞競走,13,2,4,和田譲治,1600,重,498,+9,0
ムサシキングオー,9,2.75,大井,’13ブリリアントカ(OP),16,8,5,和田譲治,2000,良,489,-2,1
ムサシキングオー,9,2.75,大井,春麗賞競走,11,4,1,和田譲治,1800,稍,491,0,1
ムサシキングオー,9,2.75,大井,望春賞競走,16,7,2,和田譲治,1800,重,491,-1,1
ムサシキングオー,9,2.75,大井,LーWING賞競走,16,16,1,和田譲治,1800,稍,492,-2,0
ムサシキングオー,9,2.75,大井,夕刊フジ賞競走,14,1,2,和田譲治,1800,不,494,+5,1
ムサシキングオー,9,2.75,大井,アーバンステージ長月,13,6,1,和田譲治,1800,不,489,-2,1
ムサシキングオー,9,2.75,大井,新涼賞競走,13,8,3,和田譲治,1800,良,491,-4,1
ムサシキングオー,9,2.75,大井,アンタレス賞競走,14,2,4,和田譲治,1600,良,495,-10,0
ムサシキングオー,9,2.75,大井,デネブ賞競走,12,4,4,和田譲治,1800,重,505,+17,0
ムサシキングオー,9,2.75,大井,フォーチュネイトライ,11,11,2,和田譲治,1800,不,488,+1,1
ムサシキングオー,9,2.75,大井,3歳,8,2,1,和田譲治,1600,不,487,-1,1
ムサシキングオー,9,2.75,大井,マーガレット特別競走,12,7,7,和田譲治,1400,良,488,+1,0
ムサシキングオー,9,2.75,大井,3歳,11,9,4,和田譲治,1600,良,487,-1,1
ムサシキングオー,9,2.75,大井,君子蘭特別競走,16,3,10,和田譲治,1800,不,488,-3,0
ムサシキングオー,9,2.75,大井,3歳,14,15,3,和田譲治,1600,稍,491,-4,1
ムサシキングオー,9,2.75,大井,3歳　未出走(未出走),9,3,4,和田譲治,1400,良,495,0,1
ムサシトレジャー,5,2.83,大井,初夢賞競走,15,12,6,本田正重,1400,重,508,0,0
ムサシトレジャー,5,2.83,大井,アデュー2017賞競,16,9,3,本田正重,1200,良,508,-6,1
ムサシトレジャー,5,2.83,大井,ミラ賞競走,15,4,2,本田正重,1200,稍,514,+7,0
ムサシトレジャー,5,2.83,大井,にぎわい都市新宿賞競,16,3,12,本田正重,1200,稍,507,+12,1
ムサシトレジャー,5,2.83,大井,爽秋賞競走,15,5,6,本田正重,1200,重,495,-4,0
ムサシトレジャー,5,2.83,大井,サマーメモリー賞競走,16,4,14,本田正重,1200,良,499,+16,0
ムサシトレジャー,5,2.83,大井,オフト京王閣賞競走,14,5,7,和田譲治,1200,良,483,-1,0
ムサシトレジャー,5,2.83,大井,マーチ賞競走,14,11,5,和田譲治,1400,稍,484,-5,0
ムサシトレジャー,5,2.83,大井,フェブラリー賞競走,14,13,12,和田譲治,1200,良,489,-2,0
ムサシトレジャー,5,2.83,大井,初夢賞競走,16,13,15,和田譲治,1200,良,491,+1,0
ムサシトレジャー,5,2.83,大井,タンザナイト賞競走,15,14,10,和田譲治,1200,重,490,-4,0
ムサシトレジャー,5,2.83,大井,オフト大郷賞競走,16,13,5,楢崎功祐,1400,稍,494,+6,0
ムサシトレジャー,5,2.83,大井,すみだ特別競走,15,13,2,楢崎功祐,1200,良,488,+1,1
ムサシトレジャー,5,2.83,大井,爽秋賞競走,15,12,13,楢崎功祐,1400,不,487,+10,0
ムサシトレジャー,5,2.83,大井,アルビレオ賞競走,9,9,8,楢崎功祐,1400,良,477,+1,0
ムサシトレジャー,5,2.83,大井,トゥインクルバースデ,13,5,5,楢崎功祐,1400,良,476,-4,0
ムサシトレジャー,5,2.83,大井,優駿スプリント競走(OP),16,7,6,森泰斗,1200,不,480,0,0
ムサシトレジャー,5,2.83,大井,優駿スプリントトライ(OP),13,7,7,森泰斗,1200,良,480,-2,1
ムサシトレジャー,5,2.83,大井,オープス中郷賞競走,16,14,4,笹川翼,1200,稍,482,+2,0
ムサシトレジャー,5,2.83,大井,ひなげし特別競走,13,7,2,笹川翼,1200,稍,480,+4,0
ムサシトレジャー,5,2.83,大井,マーガレット特別競走,12,3,2,笹川翼,1200,不,476,-2,1
ムサシトレジャー,5,2.83,大井,菜の花特別競走,16,2,4,笹川翼,1200,重,478,-4,1
ムサシトレジャー,5,2.83,大井,特選,14,11,3,笹川翼,1200,良,482,+3,0
ムサシトレジャー,5,2.83,大井,たんちょう特別競走,16,11,2,笹川翼,1400,良,479,-2,0
ムサシトレジャー,5,2.83,大井,雷鳥特別競走,13,1,3,服部茂史,1200,稍,481,-8,1
ムサシトレジャー,5,2.83,大井,くまたか特別競走,14,11,5,笹川翼,1400,稍,489,0,1
ムサシトレジャー,5,2.83,大井,したまち台東賞競走,10,8,2,笹川翼,1200,重,489,+1,1
ムサシトレジャー,5,2.83,大井,2歳　新馬(新馬),8,2,5,笹川翼,1000,良,488,0,1
ムサシフィールド,3,0.00,大井,ムスカリ特別競走,12,2,7,和田譲治,1600,重,501,-5,0
ムサシフィールド,3,0.00,大井,若獅子特別競走,13,6,8,和田譲治,1800,良,506,-2,0
ムサシフィールド,3,0.00,大井,ゆきやなぎ特別競走,13,4,12,和田譲治,1700,重,508,0,0
ムサシフィールド,3,0.00,大井,白鳥特別競走,15,10,10,和田譲治,1800,良,508,+4,0
ムサシフィールド,3,0.00,大井,イヌワシ特別競走,10,5,4,和田譲治,1700,良,504,+2,0
ムサシフィールド,3,0.00,大井,はくたか特別競走,10,10,5,和田譲治,1400,重,502,-4,0
ムサシフィールド,3,0.00,大井,2歳　235万,11,2,1,和田譲治,1400,良,506,+8,0
ムサシフィールド,3,0.00,大井,2歳　50万,6,2,1,和田譲治,1400,稍,498,-1,1
ムサシフィールド,3,0.00,大井,2歳　新馬(新馬),5,2,4,和田譲治,1400,良,499,0,0
ムシカリ,3,0.00,大井,クラシックトライアル,13,3,6,山崎誠士,1800,不,479,-2,1
ムシカリ,3,0.00,大井,’18雲取賞競走(OP),16,3,10,瀧川寿希,1600,良,481,-1,0
ムシカリ,3,0.00,川崎,ジャニュアリーフラワ,11,1,2,真島大輔,1500,稍,482,+10,1
ムシカリ,3,0.00,川崎,若水特別,10,5,4,瀧川寿希,1600,良,472,-5,0
ムシカリ,3,0.00,川崎,川崎ジュニアOP,12,11,3,真島大輔,1600,良,477,0,1
ムシカリ,3,0.00,浦和,2歳二,11,9,1,瀧川寿希,1500,良,477,-3,1
ムシカリ,3,0.00,川崎,紅葉特別,14,8,1,真島大輔,1500,良,480,0,1
ムシカリ,3,0.00,川崎,ニュージェネレーショ,10,7,4,真島大輔,1600,良,480,+2,1
ムシカリ,3,0.00,川崎,2歳4　ロ,10,8,1,真島大輔,1400,重,478,-4,1
ムシカリ,3,0.00,川崎,サンライズ賞,7,3,6,真島大輔,1400,稍,482,-6,1
ムシカリ,3,0.00,川崎,スパーキングデビュー,8,8,2,森泰斗,900,良,488,0,0
ムスコローソ,3,3.63,2中京3,中スポ賞ファルコンS(G3),16,1,8,津村明秀,1400,良,494,0,0
ムスコローソ,3,3.63,1東京1,クロッカスS(OP),13,6,3,戸崎圭太,1400,稍,494,-6,1
ムスコローソ,3,3.63,5阪神6,朝日フューチュリティ(G1),16,9,12,池添謙一,1600,良,500,+2,0
ムスコローソ,3,3.63,5東京5,2歳500万下,13,5,2,戸崎圭太,1400,良,498,+4,1
ムスコローソ,3,3.63,2新潟10,新潟2歳S(G3),15,1,1,大野拓弥,1600,良,494,+2,0
ムスコローソ,3,3.63,3東京6,2歳新馬,15,7,2,戸崎圭太,1400,良,492,0,1
ムスターヴェルク,4,0.00,名古屋,C4組,8,8,1,宇都英樹,1400,稍,481,0,0
ムスターヴェルク,4,0.00,名古屋,3歳6組,9,5,2,宇都英樹,1400,不,481,+5,1
ムスターヴェルク,4,0.00,4中山3,3歳未勝利,18,9,2,戸崎圭太,2000,良,476,+12,1
ムスターヴェルク,4,0.00,3東京2,3歳未勝利,18,6,1,ルメール,2400,良,464,+6,0
ムスターヴェルク,4,0.00,2東京7,3歳未勝利,18,2,2,ルメール,2000,稍,458,0,1
ムスメジントーヨー,4,0.00,船橋,C3二　三イ,12,6,3,瀧川寿希,1500,稍,413,+3,1
ムスメジントーヨー,4,0.00,川崎,C3四　五六,11,9,5,町田直希,1400,不,410,-1,0
ムスメジントーヨー,4,0.00,川崎,C3六　七,10,8,6,瀧川寿希,1400,稍,411,-5,1
ムスメジントーヨー,4,0.00,船橋,C3　十,12,6,4,瀧川寿希,1500,良,416,+7,1
ムスメジントーヨー,4,0.00,川崎,C3十　1112,12,5,7,桜井光輔,1400,良,409,+3,0
ムスメジントーヨー,4,0.00,川崎,3歳8　ハ,11,5,9,桜井光輔,1400,良,406,+6,0
ムスメジントーヨー,4,0.00,名古屋,3歳6組,9,8,6,岡部誠,1400,不,400,-1,0
ムスメジントーヨー,4,0.00,名古屋,3歳6組,7,4,4,岡部誠,1400,不,401,-6,1
ムスメジントーヨー,4,0.00,名古屋,サラ3歳6組,9,3,5,岡部誠,1400,稍,407,-1,0
ムスメジントーヨー,4,0.00,名古屋,サラ3歳6組,8,8,4,大畑雅章,1400,重,408,-3,0
ムスメジントーヨー,4,0.00,名古屋,サラ3歳5組,8,7,4,大畑雅章,1400,重,411,+2,0
ムスメジントーヨー,4,0.00,名古屋,サラ3歳8組,8,4,3,大畑雅章,1400,良,409,-7,1
ムスメジントーヨー,4,0.00,名古屋,サラ3歳9組,8,4,3,戸部尚実,1400,重,416,-4,1
ムスメジントーヨー,4,0.00,名古屋,サラ3歳8組,9,8,5,大畑雅章,1400,良,420,-3,0
ムスメジントーヨー,4,0.00,名古屋,サラ3歳9組,9,7,1,大畑雅章,800,重,423,0,1
ムスメジントーヨー,4,0.00,名古屋,サラ3歳9組,7,5,1,大畑雅章,800,重,423,0,1
ムスメジントーヨー,4,0.00,名古屋,サラ3歳8組,9,2,4,東川公則,1400,重,423,+6,1
ムスメジントーヨー,4,0.00,名古屋,サラ3歳9組,9,8,1,大畑雅章,1400,重,417,-3,1
ムスメジントーヨー,4,0.00,名古屋,サラ3歳10組,8,4,2,大畑雅章,1400,良,420,+4,1
ムスメジントーヨー,4,0.00,名古屋,サラ3歳10組,8,8,2,大畑雅章,800,良,416,+4,1
ムスメジントーヨー,4,0.00,川崎,ダイヤモンドフラワー,12,1,7,丹内祐次,1400,稍,412,+2,0
ムスメジントーヨー,4,0.00,1東京1,3歳未勝利,15,9,14,柴山雄一,1400,良,410,-4,0
ムスメジントーヨー,4,0.00,5中山1,2歳未勝利,17,17,15,勝浦正樹,2000,良,414,+2,0
ムスメジントーヨー,4,0.00,5東京5,2歳新馬,15,8,12,柴田善臣,1400,重,412,0,0
ムタア,4,0.00,大井,サザンクロス賞,14,9,11,仲野光馬,1800,良,397,-11,0
ムタア,4,0.00,浦和,春待月特別,12,8,11,仲野光馬,1400,稍,408,+4,0
ムタア,4,0.00,川崎,一閃賞,7,6,7,柿本量平,900,良,404,-6,0
ムタア,4,0.00,船橋,よみうりランド☆ジュ,14,12,13,横川尚央,1000,良,410,+13,0
ムタア,4,0.00,川崎,スカメシ特別,12,12,12,山中悠希,1600,良,397,+1,0
ムタア,4,0.00,船橋,ヤングジョッキーズT,12,2,11,野中悠太,1600,不,396,+4,0
ムタア,4,0.00,川崎,悪質宇宙人「メフィラ,10,2,10,高橋利幸,1600,稍,392,-8,0
ムタア,4,0.00,船橋,薄特別,10,2,10,高橋利幸,1600,重,400,-1,0
ムタア,4,0.00,浦和,鴻巣川幅日本一賞,12,11,11,田中力,1500,稍,401,+5,0
ムタア,4,0.00,川崎,全国餃子サミット・か,14,1,9,中野省吾,1500,稍,396,-7,0
ムタア,4,0.00,船橋,有りの実特別,13,3,10,仲野光馬,1600,稍,403,+7,0
ムタア,4,0.00,浦和,3歳二,8,1,8,仲野光馬,1400,不,396,+1,1
ムタア,4,0.00,船橋,お盆のサンタは馬に乗,10,6,10,高橋利幸,1600,良,395,+7,0
ムタア,4,0.00,船橋,3歳二,10,10,10,高橋利幸,1500,良,388,-7,0
ムタア,4,0.00,大井,3歳　325万,12,9,8,笹川翼,1600,良,395,+2,0
ムタア,4,0.00,船橋,3歳三,6,5,4,中野省吾,1500,稍,393,-4,0
ムタア,4,0.00,川崎,ききょう賞,11,6,10,中野省吾,1500,良,397,+11,0
ムタア,4,0.00,川崎,3歳3　イ,12,5,11,桜井光輔,1500,重,386,-6,0
ムタア,4,0.00,船橋,3歳三,7,3,7,矢野貴之,1500,良,392,-2,0
ムタア,4,0.00,浦和,3歳三,10,1,8,中野省吾,1400,稍,394,-1,0
ムタア,4,0.00,船橋,3歳三,9,3,9,内田利雄,1500,重,395,-1,0
ムタア,4,0.00,川崎,3歳3,8,6,7,中野省吾,1500,稍,396,-2,1
ムタア,4,0.00,浦和,3歳三,11,2,11,西村栄喜,1400,不,398,-5,0
ムタア,4,0.00,船橋,3歳三,12,11,12,山中悠希,1500,良,403,+4,0
ムタア,4,0.00,浦和,ツインアタック特別,12,8,10,森泰斗,1400,稍,399,+1,0
ムタア,4,0.00,船橋,ベストレイン特別,14,8,13,和田譲治,1600,稍,398,+2,0
ムタア,4,0.00,川崎,雪晴賞,10,8,10,森泰斗,1500,良,396,-4,0
ムタア,4,0.00,船橋,水仙賞,8,3,8,笹川翼,1200,重,400,+4,0
ムタア,4,0.00,川崎,門松特別,9,6,9,吉原寛人,1500,良,396,+2,0
ムタア,4,0.00,川崎,カンツバキ特別,9,8,8,笹川翼,1500,重,394,-7,0
ムタア,4,0.00,船橋,2歳二,12,4,9,張田昂,1500,重,401,-3,0
ムタア,4,0.00,浦和,若潮特別,11,1,9,張田昂,1600,不,404,+3,0
ムタア,4,0.00,船橋,2歳二,12,3,8,中野省吾,1500,良,401,+3,0
ムタア,4,0.00,川崎,紅葉特別,13,10,9,中野省吾,1500,重,398,+3,0
ムタア,4,0.00,川崎,2歳6,10,1,8,中野省吾,1400,稍,395,-4,1
ムタア,4,0.00,船橋,2歳四,12,7,9,中野省吾,1200,重,399,-4,0
ムタア,4,0.00,船橋,2歳　未受賞,9,2,3,森泰斗,1200,重,403,+2,1
ムタア,4,0.00,川崎,2歳4,12,5,10,山中悠希,1400,不,401,-6,0
ムタア,4,0.00,船橋,2歳　未受賞,11,2,4,笹川翼,1200,稍,407,+2,0
ムタア,4,0.00,船橋,リアトリスデビュー,7,1,7,田中力,1000,不,405,0,0
ムチャチャマヒカ,5,0.00,園田,C1,12,10,8,下原理,1230,重,460,-4,0
ムチャチャマヒカ,5,0.00,園田,そのだライオンズクラ,12,8,9,渡瀬和幸,1400,稍,464,-2,0
ムチャチャマヒカ,5,0.00,園田,B2,12,7,9,川原正一,1400,良,466,+4,0
ムチャチャマヒカ,5,0.00,園田,B2二,12,4,9,川原正一,1400,不,462,-2,0
ムチャチャマヒカ,5,0.00,園田,B2二,10,9,7,川原正一,1400,良,464,0,0
ムチャチャマヒカ,5,0.00,園田,日高軽種馬農業協同組,12,1,5,松浦政宏,1400,良,464,+3,0
ムチャチャマヒカ,5,0.00,金沢,林広昭知子結婚おめで,11,4,3,鈴木太一,1500,重,461,-5,1
ムチャチャマヒカ,5,0.00,金沢,B22,11,5,3,桑野等,1500,重,466,0,0
ムチャチャマヒカ,5,0.00,金沢,「10.22みんな投,10,9,4,鈴木太一,1500,重,466,+2,1
ムチャチャマヒカ,5,0.00,金沢,のと鉄道フェスティバ,9,5,4,鈴木太一,1400,不,464,-3,1
ムチャチャマヒカ,5,0.00,金沢,こいこい祭特別,11,1,2,鈴木太一,1500,重,467,+18,1
ムチャチャマヒカ,5,0.00,金沢,妙成寺五重塔まつり賞,5,4,4,桑野等,1400,良,449,-11,0
ムチャチャマヒカ,5,0.00,金沢,御贄祭特別,9,5,4,桑野等,1500,良,460,+6,1
ムチャチャマヒカ,5,0.00,金沢,北前船特別,9,1,5,桑野等,1400,不,454,-5,1
ムチャチャマヒカ,5,0.00,金沢,能登桜まつり特別,10,10,8,青柳正義,1500,良,459,-3,0
ムチャチャマヒカ,5,0.00,金沢,B24,9,9,6,鈴木太一,1400,重,462,+7,0
ムチャチャマヒカ,5,0.00,船橋,東京散歩の会第100,11,1,9,川島正太,1600,重,455,-2,0
ムチャチャマヒカ,5,0.00,船橋,師走特別,14,13,4,川島正太,1600,重,457,0,0
ムチャチャマヒカ,5,0.00,船橋,谷津干潟特別,9,6,3,川島正太,1600,良,457,+7,0
ムチャチャマヒカ,5,0.00,2新潟12,3歳未勝利,15,10,6,木幡初也,1800,良,450,+4,0
ムチャチャマヒカ,5,0.00,2新潟5,3歳未勝利,15,10,6,木幡初也,1800,良,446,-6,1
ムチャチャマヒカ,5,0.00,2福島5,3歳未勝利,15,3,5,木幡初也,1700,良,452,-10,0
ムチャチャマヒカ,5,0.00,3東京8,3歳未勝利,16,11,10,木幡初也,1600,稍,462,0,0
ムッシュレノ,4,0.00,園田,B1,12,12,3,鴨宮祥行,1230,稍,480,-2,1
ムッシュレノ,4,0.00,園田,B1,12,9,2,鴨宮祥行,1230,稍,482,+7,0
ムッシュレノ,4,0.00,園田,B1,11,11,4,鴨宮祥行,1230,稍,475,-4,1
ムッシュレノ,4,0.00,園田,B2一,10,2,2,鴨宮祥行,1400,良,479,-6,1
ムッシュレノ,4,0.00,園田,B2一,10,8,5,鴨宮祥行,1230,良,485,+8,0
ムッシュレノ,4,0.00,園田,B2一,11,5,4,鴨宮祥行,1400,重,477,-1,0
ムッシュレノ,4,0.00,園田,B2二,10,5,8,鴨宮祥行,1400,不,478,-4,1
ムッシュレノ,4,0.00,園田,B2二,10,7,8,鴨宮祥行,1400,稍,482,-1,0
ムッシュレノ,4,0.00,船橋,清涼スプリント,9,7,6,繁田健一,1200,重,483,+13,0
ムッシュレノ,4,0.00,船橋,船橋酒場青空4周年記,7,5,5,笹川翼,1600,稍,470,-1,0
ムッシュレノ,4,0.00,浦和,若駒特別,7,6,2,森泰斗,1600,稍,471,-7,0
ムッシュレノ,4,0.00,浦和,若鷹特別,11,8,10,森泰斗,1500,稍,478,-2,1
ムッシュレノ,4,0.00,船橋,リバーサイドアイドル,10,4,8,繁田健一,1200,稍,480,+6,0
ムッシュレノ,4,0.00,船橋,シーサイドアイドル特,11,5,7,森泰斗,1200,稍,474,+12,0
ムッシュレノ,4,0.00,船橋,紅花特別,12,3,2,森泰斗,1500,重,462,0,0
ムッシュレノ,4,0.00,大井,2歳,7,5,3,森泰斗,1000,稍,462,+2,1
ムッシュレノ,4,0.00,船橋,スズランデビュー,6,5,2,森泰斗,1000,稍,460,0,1
ムツミサムソン,6,0.00,園田,リミテッド競走C2,9,2,1,下原理,1400,稍,457,+3,0
ムツミサムソン,6,0.00,園田,C2二,9,4,2,下原理,1400,重,454,+4,1
ムツミサムソン,6,0.00,園田,C2三,10,2,1,下原理,1400,稍,450,-6,1
ムツミサムソン,6,0.00,園田,C3一,10,5,2,下原理,1400,稍,456,-4,1
ムツミサムソン,6,0.00,園田,C2三,10,2,1,山崎雅由,1400,良,460,+1,1
ムツミサムソン,6,0.00,園田,C3一,10,6,4,竹村達也,1400,稍,459,+9,1
ムツミサムソン,6,0.00,園田,C3二,10,2,1,下原理,1400,良,450,-7,1
ムツミサムソン,6,0.00,園田,リミテッド競走C3,8,7,2,下原理,1400,良,457,0,0
ムツミサムソン,6,0.00,園田,C3二,10,2,3,高畑皓一,1400,良,457,-7,0
ムツミサムソン,6,0.00,園田,3歳C2,12,10,2,下原理,1230,不,464,+13,1
ムツミサムソン,6,0.00,園田,3歳C2,7,7,2,下原理,1400,不,451,0,1
ムテキノオジョウ,3,0.00,1東京3,3歳未勝利,16,9,4,三浦皇成,1300,不,444,+4,0
ムテキノオジョウ,3,0.00,1中山7,3歳未勝利,16,6,10,三浦皇成,1200,稍,440,-14,1
ムテキノオジョウ,3,0.00,5中山3,2歳未勝利,16,16,7,三浦皇成,1200,良,454,-4,0
ムテキノオジョウ,3,0.00,5東京5,2歳新馬,16,12,8,三浦皇成,1400,良,458,0,0
ムテキングス,4,0.00,大井,C1五　六七,12,13,12,有年淳,1200,重,454,0,0
ムテキングス,4,0.00,大井,C1六　七,15,14,15,有年淳,1200,良,454,-1,0
ムテキングス,4,0.00,大井,トナカイ賞,11,5,10,有年淳,1000,稍,455,-5,0
ムテキングス,4,0.00,大井,C1五　六,12,1,9,有年淳,1200,稍,460,-2,0
ムテキングス,4,0.00,大井,C1三　四,14,13,9,早田功駿,1200,良,462,-2,0
ムテキングス,4,0.00,大井,フォーチュネイトきき,11,1,4,瀧川寿希,1200,良,464,+2,0
ムテキングス,4,0.00,1札幌5,3歳未勝利,14,13,13,荻野琢真,1700,不,462,-2,0
ムテキングス,4,0.00,2函館5,3歳未勝利,12,1,7,藤岡康太,1000,不,464,+4,0
ムテキングス,4,0.00,2函館2,3歳未勝利,12,4,8,鮫島克駿,1000,良,460,-4,0
ムテキングス,4,0.00,1函館5,3歳未勝利,12,9,4,岩田康誠,1000,良,464,+4,0
ムテキングス,4,0.00,1福島4,3歳未勝利,16,5,3,木幡巧也,1150,良,460,-4,0
ムテキングス,4,0.00,3中山3,3歳未勝利,16,14,1,田辺裕信,1200,不,464,0,0
ムテキングス,4,0.00,1京都6,3歳未勝利,13,12,2,浜中俊,1400,重,464,+2,0
ムテキングス,4,0.00,5阪神8,2歳未勝利,18,1,8,岩田康誠,1400,稍,462,+6,0
ムテキングス,4,0.00,2小倉6,2歳未勝利,10,9,2,川田将雅,1200,良,456,+2,1
ムテキングス,4,0.00,3中京6,2歳未勝利,11,1,3,川田将雅,1400,良,454,0,0
ムテキングス,4,0.00,3阪神7,2歳未勝利,10,6,1,Ｍ．デム,1600,重,454,-8,0
ムテキングス,4,0.00,3阪神3,2歳新馬,11,2,3,岩田康誠,1400,良,462,0,1
ムルガン,3,0.00,5京都7,2歳未勝利,16,10,7,幸英明,1800,稍,480,-4,0
ムルガン,3,0.00,5東京1,2歳新馬,13,6,4,浜中俊,1300,良,484,0,0
ムルシェラゴ,3,0.00,1東京1,3歳500万下,15,2,9,松岡正海,1600,不,524,-2,0
ムルシェラゴ,3,0.00,1中山1,3歳500万下,16,12,10,川田将雅,1800,良,526,-2,0
ムルシェラゴ,3,0.00,門別,北海道2歳優駿〔Jp(G3),9,9,6,戸崎圭太,1800,重,528,+2,0
ムルシェラゴ,3,0.00,4東京1,2歳未勝利,16,10,3,戸崎圭太,1600,不,526,0,1
ムルシェラゴ,3,0.00,4中山3,2歳未勝利,16,14,4,戸崎圭太,1800,良,526,+12,0
ムルシェラゴ,3,0.00,3東京5,2歳新馬,15,6,3,北村宏司,1400,良,514,0,0
ムルムル,4,0.00,高知,岡山県吉備の温羅特別,8,5,3,岡村卓弥,1300,不,495,-3,1
ムルムル,4,0.00,高知,C3ー9,8,4,4,岡村卓弥,1300,稍,498,0,0
ムルムル,4,0.00,高知,C3ー10,9,9,3,岡村卓弥,1300,不,498,+1,1
ムルムル,4,0.00,高知,ファイナルレース,10,8,1,郷間勇太,1300,重,497,-1,0
ムルムル,4,0.00,高知,C3ー12,8,4,4,別府真衣,1400,不,498,+1,0
ムルムル,4,0.00,高知,ファイナルレース,12,3,4,上田将司,1300,不,497,-6,0
ムルムル,4,0.00,高知,高知の皆様に感謝特別,10,9,9,西森将司,1300,重,503,0,0
ムルムル,4,0.00,高知,C3ー10,12,9,10,倉兼育康,1300,重,503,+4,0
ムルムル,4,0.00,高知,C3ー12,12,11,7,上田将司,1300,重,499,-3,0
ムルムル,4,0.00,高知,じねんじょのすまし汁,12,8,6,上田将司,1300,不,502,+9,0
ムルムル,4,0.00,高知,ファイナルレース,12,11,2,岡村卓弥,1300,重,493,-5,1
ムルムル,4,0.00,高知,銀ぶろう寿司特別,11,11,8,佐原秀泰,1300,不,498,+5,0
ムルムル,4,0.00,高知,川訓同期四国遍路特別,12,12,3,上田将司,1300,稍,493,+4,0
ムルムル,4,0.00,高知,C3ー16,11,7,3,岡村卓弥,1300,不,489,-3,0
ムルムル,4,0.00,高知,3歳ー2,12,4,5,西川敏弘,1300,重,492,+4,1
ムルムル,4,0.00,高知,土佐一絃琴特別,11,10,6,上田将司,1300,不,488,+1,0
ムルムル,4,0.00,高知,シイノトモシビタケ特,11,1,7,西川敏弘,1300,良,487,+3,0
ムルムル,4,0.00,高知,3歳ー2,12,1,7,赤岡修次,1300,良,484,-3,0
ムルムル,4,0.00,高知,C3ロ,11,2,4,上田将司,1300,稍,487,-1,0
ムルムル,4,0.00,高知,土佐あかうし特別,11,9,6,上田将司,1300,不,488,-1,0
ムルムル,4,0.00,高知,三木慶子帰還特別,12,9,5,上田将司,1300,不,489,-5,1
ムルムル,4,0.00,高知,鮎特別,11,8,5,郷間勇太,1300,重,494,+2,0
ムルムル,4,0.00,高知,3歳ー2,12,4,6,上田将司,1300,良,492,-2,0
ムルムル,4,0.00,高知,3歳ー2,10,8,4,上田将司,1300,稍,494,+4,0
ムルムル,4,0.00,高知,3歳ー2,8,9,2,上田将司,1300,良,490,-4,0
ムルムル,4,0.00,高知,3歳ー2,11,2,7,中西達也,1300,不,494,+3,1
ムルムル,4,0.00,高知,3歳ー3,10,3,4,上田将司,1300,重,491,-4,1
ムルムル,4,0.00,高知,3歳ー1,12,9,12,上田将司,1300,重,495,+5,0
ムルムル,4,0.00,高知,3歳ー3,12,11,3,上田将司,1300,良,490,+2,1
ムルムル,4,0.00,高知,3歳ー1,9,4,7,上田将司,1300,重,488,-6,0
ムルムル,4,0.00,高知,3歳ー2,9,7,1,上田将司,1300,重,494,-2,1
ムルムル,4,0.00,高知,3歳ー1,9,1,7,西川敏弘,1300,重,496,+3,0
ムルムル,4,0.00,高知,3歳ー1,7,6,4,中西達也,1300,稍,493,+6,0
ムルムル,4,0.00,高知,清水サバの姿寿司特別,8,5,4,中西達也,1300,不,487,-7,0
ムルムル,4,0.00,高知,C3ー10,12,8,10,西川敏弘,1300,重,494,-2,0
ムルムル,4,0.00,高知,こんにゃく寿司特別,8,6,3,西川敏弘,1300,重,496,-4,1
ムルムル,4,0.00,高知,黒潮ジュニアチャンピ,10,2,8,西川敏弘,1400,不,500,0,0
ムルムル,4,0.00,高知,2歳ー1,11,7,5,西川敏弘,1300,稍,500,-6,0
ムルムル,4,0.00,高知,2歳ー1,11,10,6,西川敏弘,1300,重,506,-4,0
ムルムル,4,0.00,高知,2歳ー1,9,7,5,西川敏弘,1300,稍,510,-5,0
ムルムル,4,0.00,高知,2歳ー1,5,1,3,西川敏弘,800,良,515,+2,0
ムルムル,4,0.00,高知,2歳新馬(新馬),5,6,5,西川敏弘,800,良,513,0,1
ムーヴィング,3,0.00,4京都9,2歳新馬,14,1,4,浜中俊,1800,不,510,0,0
ムーヴザワールド,4,3.88,2京都5,琵琶湖特別(1000万下),12,7,1,福永祐一,2400,稍,524,+2,1
ムーヴザワールド,4,3.88,5京都6,3歳上500万下,15,3,1,ルメール,2400,稍,522,-4,1
ムーヴザワールド,4,3.88,4京都6,3歳上500万下,12,9,1,和田竜二,2200,重,526,+22,0
ムーヴザワールド,4,3.88,1阪神5,ゆきやなぎ賞(500万下),8,3,1,浜中俊,2400,良,504,-4,0
ムーヴザワールド,4,3.88,1東京6,共同通信杯(G3),11,4,1,戸崎圭太,1800,良,508,0,1
ムーヴザワールド,4,3.88,5東京5,東京スポーツ杯2歳S(G3),10,1,1,ルメール,1800,稍,508,-2,1
ムーヴザワールド,4,3.88,4阪神6,2歳新馬,10,7,2,ルメール,1800,良,510,0,1
ムードン,4,0.00,船橋,C3四　五,12,9,11,和田譲治,1500,稍,440,-9,0
ムードン,4,0.00,川崎,C3四　五六,12,9,10,笹川翼,1500,不,449,+5,0
ムードン,4,0.00,川崎,C3六　七,10,9,5,和田譲治,1400,稍,444,-6,0
ムードン,4,0.00,川崎,C3七　八九,10,5,5,和田譲治,1500,良,450,+5,0
ムードン,4,0.00,川崎,3歳6　イ,11,10,1,和田譲治,1400,良,445,+1,1
ムードン,4,0.00,門別,3歳以上C3ー3C4,8,4,5,亀井洋司,1700,重,444,-4,0
ムードン,4,0.00,門別,夕陽とかずの子のマチ,8,8,4,亀井洋司,1200,不,448,+4,0
ムードン,4,0.00,門別,JAびらとりゆめぴり,12,3,4,阿部龍,1600,稍,444,-2,1
ムードン,4,0.00,門別,森と湖の里ふれ愛館1,12,4,5,阿部龍,1700,不,446,-6,0
ムードン,4,0.00,門別,門別プロパンガス事業,12,3,7,桑村真明,1600,不,452,+2,1
ムードン,4,0.00,門別,上杉周大来場記念賞,9,5,5,亀井洋司,1200,稍,450,-4,0
ムードン,4,0.00,門別,新冠湖賞,12,8,7,亀井洋司,1700,稍,454,-10,0
ムードン,4,0.00,門別,3歳以上C4ー3,7,3,6,亀井洋司,1200,良,464,-2,1
ムードン,4,0.00,門別,3歳以上C4ー4,11,6,3,亀井洋司,1200,稍,466,0,0
ムードン,4,0.00,門別,天馬街道賞,9,7,4,亀井洋司,1200,良,466,+2,1
ムードン,4,0.00,1新潟4,3歳未勝利,11,10,11,原田和真,1800,重,464,-6,0
ムードン,4,0.00,1福島6,3歳未勝利,15,14,15,加藤祥太,1700,良,470,-12,0
ムードン,4,0.00,1東京3,3歳新馬,16,7,16,柴田大知,1800,良,482,0,0
ムービンオン,28,0.00,1福島8,4歳上500万下,12,12,2,植野貴也,1700,重,440,+2,1
ムービンオン,28,0.00,1福島4,4歳上500万下,12,10,3,植野貴也,1700,重,438,-2,1
ムービンオン,28,0.00,4京都8,4歳上500万下,16,3,3,植野貴也,1800,稍,440,0,0
ムービンオン,28,0.00,1中京8,4歳上500万下,11,9,5,植野貴也,1700,不,440,0,1
ムービンオン,28,0.00,1中京4,4歳上500万下,10,7,3,植野貴也,1700,重,440,-4,0
ムービンオン,28,0.00,1中京2,4歳上500万下,15,7,1,安藤賢一,1700,良,444,0,0
ムービンオン,28,0.00,2京都7,4歳上500万下,9,2,5,安藤賢一,1800,良,444,-6,1
ムービンオン,28,0.00,2京都3,4歳上500万下,14,5,7,安藤賢一,1800,良,450,+2,0
ムービンオン,28,0.00,1京都4,4歳上500万下,13,12,5,安藤賢一,1800,良,448,+4,1
ムービンオン,28,0.00,4中京8,4歳上500万下,16,6,2,安藤賢一,1700,良,444,0,1
ムービンオン,28,0.00,4中京5,4歳上500万下,15,11,5,安藤賢一,1700,稍,444,-2,0
ムービンオン,28,0.00,1京都7,4歳上500万下,9,4,7,安藤賢一,1200,良,446,-2,0
ムービンオン,28,0.00,1京都3,4歳上500万下,12,12,11,安藤賢一,2000,良,448,+2,0
ムービンオン,28,0.00,6阪神6,4歳上500万下,11,8,6,安藤賢一,1800,良,446,0,1
ムービンオン,28,0.00,6阪神3,4歳上500万下,10,1,3,幸英明,1200,良,446,-2,0
ムービンオン,28,0.00,3中京7,4歳上500万下,14,10,1,幸英明,1200,良,448,+2,0
ムービンオン,28,0.00,3中京4,4歳上500万下,16,4,5,安藤賢一,1200,稍,446,-8,0
ムービンオン,28,0.00,4小倉4,4歳上500万下,14,7,5,安藤賢一,1200,良,454,0,0
ムービンオン,28,0.00,3小倉8,4歳上500万下,13,8,10,安藤賢一,1000,良,454,-6,1
ムービンオン,28,0.00,3小倉6,4歳上500万下,13,7,11,安藤賢一,1700,良,460,+12,0
ムービンオン,28,0.00,2中京2,4歳上500万下,14,11,7,安藤賢一,1600,不,448,+2,0
ムービンオン,28,0.00,5阪神4,4歳上500万下,14,1,1,安藤賢一,1800,良,446,-2,0
ムービンオン,28,0.00,4阪神8,4歳上500万下,13,3,2,安藤賢一,1800,不,448,+4,0
ムービンオン,28,0.00,3阪神1,4歳上500万下,16,1,13,安藤賢一,1200,良,444,-2,1
ムービンオン,28,0.00,4京都6,4歳500万下,12,5,6,安藤賢一,1800,重,446,-2,0
ムービンオン,28,0.00,3京都8,4歳500万下,16,13,7,安藤賢一,1800,良,448,+8,0
ムービンオン,28,0.00,3京都2,たちばな賞(500万下),15,15,9,安藤賢一,1800,稍,440,+2,0
ムービンオン,28,0.00,2阪神2,毎日杯(G3),13,7,12,安藤賢一,2000,稍,438,+6,0
ムービンオン,28,0.00,1東京7,カトレア賞(500万下),16,3,13,安藤賢一,1600,良,432,-4,0
ムービンオン,28,0.00,2京都4,4歳500万下,11,9,4,安藤賢一,1400,良,436,0,0
ムービンオン,28,0.00,1京都6,4歳未勝利,12,3,2,安藤賢一,1800,重,436,-10,1
ムービンオン,28,0.00,1京都2,4歳未勝利,12,5,4,安藤賢一,1800,良,446,+2,1
ムービンオン,28,0.00,5阪神7,3歳未勝利,16,5,7,安藤賢一,2000,良,444,0,0
ムービンオン,28,0.00,5阪神4,3歳未勝利,13,5,5,安藤賢一,2000,良,444,+8,0
ムービンオン,28,0.00,5京都5,3歳未勝利,13,12,11,安藤賢一,1800,重,436,+4,1
ムービンオン,28,0.00,4京都7,3歳新馬,10,5,7,安藤賢一,1400,良,432,-8,0
ムービンオン,28,0.00,4京都3,3歳新馬,9,3,9,安藤賢一,1400,良,440,0,0
ムービングスエルテ,3,0.00,船橋,桃の花賞,12,4,12,山崎誠士,1200,稍,442,-8,0
ムービングスエルテ,3,0.00,船橋,ベストレイン特別,12,12,9,山崎誠士,1600,稍,450,-1,0
ムービングスエルテ,3,0.00,船橋,水仙賞,12,8,8,山崎誠士,1200,良,451,+3,0
ムービングスエルテ,3,0.00,大井,白鳥特別競走,15,3,12,山崎誠士,1800,良,448,+4,0
ムービングスエルテ,3,0.00,船橋,クラーベセクレタ・メ,11,2,4,山崎誠士,1600,良,444,+7,0
ムービングスエルテ,3,0.00,川崎,ローレル賞(OP),14,5,13,柏木健宏,1600,良,437,-10,0
ムービングスエルテ,3,0.00,船橋,シーサイドジュニア特,6,1,4,山崎誠士,1600,重,447,0,1
ムービングスエルテ,3,0.00,船橋,2歳二,12,12,3,山崎誠士,1500,重,447,-6,1
ムービングスエルテ,3,0.00,船橋,サプライズパワー・メ,14,9,12,山崎誠士,1600,稍,453,-2,0
ムービングスエルテ,3,0.00,船橋,アブクマポーロ・メモ,6,2,5,山崎誠士,1500,良,455,+12,0
ムービングスエルテ,3,0.00,浦和,新生特別,12,8,9,山崎誠士,1400,稍,443,+4,0
ムービングスエルテ,3,0.00,船橋,紅花特別,6,6,5,山崎誠士,1500,不,439,+13,1
ムービングスエルテ,3,0.00,船橋,スズランデビュー(新馬),5,1,4,山崎誠士,1000,稍,426,0,0
ムーランジュビリー,3,3.67,5中山5,2歳新馬,16,14,1,Ｃ．デム,1800,良,454,0,0
ムーランナヴァン,3,2.13,2中山6,アネモネS(OP),13,4,12,津村明秀,1600,稍,432,+12,0
ムーランナヴァン,3,2.13,3福島2,きんもくせい特別(500万下),7,7,2,津村明秀,1800,良,420,0,0
ムーランナヴァン,3,2.13,4中山4,2歳未勝利,10,10,1,津村明秀,1800,稍,420,0,1
ムーランナヴァン,3,2.13,2福島6,2歳新馬,15,9,1,津村明秀,1800,良,420,0,1
ムールヴェードル,3,0.00,1東京4,3歳未勝利,16,15,4,浜中俊,1600,不,502,+22,0
ムールヴェードル,3,0.00,5東京7,2歳未勝利,18,9,3,ルメール,1600,良,480,0,0
ムールヴェードル,3,0.00,4東京9,2歳新馬,16,6,1,ルメール,1400,不,480,0,0
ムーンアンドスター,3,0.00,1阪神2,3歳未勝利,16,2,11,義英真,1800,良,500,-16,0
ムーンアンドスター,3,0.00,2京都4,3歳新馬,14,3,5,北村友一,1800,稍,516,0,0
ムーンカプチーノ,12,0.00,園田,C3四,10,4,6,松本幸祐,1400,不,430,+2,0
ムーンカプチーノ,12,0.00,園田,C3四,10,1,5,松本幸祐,1400,稍,428,+1,0
ムーンカプチーノ,12,0.00,園田,C3二,10,9,6,松本幸祐,1400,良,427,0,0
ムーンカプチーノ,12,0.00,園田,C3二,10,1,4,池田敦,1400,良,427,+2,0
ムーンカプチーノ,12,0.00,園田,リミテッド競走C3,10,7,10,池田敦,1400,稍,425,+3,0
ムーンカプチーノ,12,0.00,園田,NEXTスタージョッ,10,2,9,中田貴士,1400,良,422,-9,0
ムーンカプチーノ,12,0.00,園田,NEXTスタージョッ,10,7,10,小谷周平,1230,稍,431,+10,0
ムーンカプチーノ,12,0.00,園田,C3二,10,7,8,松本幸祐,1400,稍,421,-7,0
ムーンカプチーノ,12,0.00,園田,C3二,10,4,9,西川進也,1400,重,428,-7,0
ムーンカプチーノ,12,0.00,園田,C2三,10,2,10,西川進也,1400,重,435,+7,0
ムーンカプチーノ,12,0.00,園田,C2三,10,4,7,西川進也,1400,稍,428,0,0
ムーンカプチーノ,12,0.00,園田,C2三,9,8,8,西川進也,1400,稍,428,-5,0
ムーンカプチーノ,12,0.00,園田,C2二,10,9,10,西川進也,1400,稍,433,+15,0
ムーンカプチーノ,12,0.00,園田,C3二,10,10,4,西川進也,1400,良,418,-15,1
ムーンカプチーノ,12,0.00,園田,C3,9,7,9,小谷周平,1400,良,433,-6,0
ムーンカプチーノ,12,0.00,園田,C3三,10,5,5,松本幸祐,1400,良,439,-3,0
ムーンカプチーノ,12,0.00,園田,C3三,10,7,4,松本幸祐,1400,重,442,+12,1
ムーンカプチーノ,12,0.00,園田,C3二,10,4,7,西川進也,1400,稍,430,-12,0
ムーンカプチーノ,12,0.00,園田,C3四,9,5,1,松本幸祐,1400,良,442,+15,0
ムーンカプチーノ,12,0.00,園田,リミテッド競走C3,10,8,8,西川進也,1400,良,427,+1,0
ムーンカプチーノ,12,0.00,園田,C3,9,3,5,杉浦健太,1400,良,426,-2,0
ムーンカプチーノ,12,0.00,園田,C3一,10,6,10,西川進也,1400,重,428,-5,0
ムーンカプチーノ,12,0.00,園田,リミテッド競走C3,6,2,6,小谷周平,1400,良,433,+6,0
ムーンカプチーノ,12,0.00,園田,C3一,9,8,9,田村直也,1400,重,427,-4,0
ムーンカプチーノ,12,0.00,園田,C2三,10,8,9,田村直也,1400,不,431,+1,0
ムーンカプチーノ,12,0.00,園田,C2三,10,1,8,田村直也,1400,稍,430,-6,0
ムーンカプチーノ,12,0.00,園田,リミテッド競走C2,12,7,12,西川進也,1400,稍,436,-1,0
ムーンカプチーノ,12,0.00,園田,C2四,10,3,9,田村直也,1400,稍,437,-6,1
ムーンカプチーノ,12,0.00,園田,C3二,8,2,1,小谷周平,1400,良,443,+12,1
ムーンカプチーノ,12,0.00,園田,C3四,10,4,3,西川進也,1400,不,431,+2,0
ムーンカプチーノ,12,0.00,園田,リミテッド競走C3,10,1,7,西川進也,1400,不,429,+6,0
ムーンカプチーノ,12,0.00,園田,C3,8,5,6,西川進也,1230,不,423,+3,0
ムーンカプチーノ,12,0.00,園田,リミテッド競走C3,7,7,4,松本幸祐,1400,良,420,-14,0
ムーンカプチーノ,12,0.00,園田,C2三,10,7,3,西川進也,1400,良,434,-3,0
ムーンカプチーノ,12,0.00,園田,C3,10,2,4,西川進也,1230,不,437,+9,1
ムーンカプチーノ,12,0.00,園田,C3,9,3,2,西川進也,1230,良,428,+2,1
ムーンカプチーノ,12,0.00,園田,C3,10,4,6,西川進也,1230,重,426,-6,1
ムーンカプチーノ,12,0.00,園田,リミテッド競走C3,9,3,8,渡瀬和幸,1400,良,432,-8,1
ムーンカプチーノ,12,0.00,園田,C3,10,7,9,西川進也,1230,良,440,-2,0
ムーンカプチーノ,12,0.00,園田,C3一,10,6,10,西川進也,1400,良,442,+4,0
ムーンカプチーノ,12,0.00,園田,C3一,10,2,7,杉浦健太,1400,良,438,+3,0
ムーンカプチーノ,12,0.00,園田,リミテッド競走C2,10,9,9,西川進也,1230,重,435,+3,0
ムーンカプチーノ,12,0.00,園田,リミテッド競走C2,12,9,9,西川進也,1400,不,432,-2,0
ムーンカプチーノ,12,0.00,園田,C2三,8,4,6,渡瀬和幸,1400,重,434,-4,0
ムーンカプチーノ,12,0.00,園田,C3一,10,10,7,渡瀬和幸,1400,良,438,-3,1
ムーンカプチーノ,12,0.00,園田,C3三,9,5,4,西川進也,1400,良,441,+6,1
ムーンカプチーノ,12,0.00,園田,C3,10,4,7,渡瀬和幸,1400,良,435,-1,0
ムーンカプチーノ,12,0.00,園田,リミテッド競走C2,8,1,6,渡瀬和幸,1400,稍,436,-1,0
ムーンカプチーノ,12,0.00,園田,C3一,10,8,4,西川進也,1400,良,437,+10,1
ムーンカプチーノ,12,0.00,園田,C3三,9,7,3,渡瀬和幸,1400,稍,427,+1,1
ムーンカプチーノ,12,0.00,園田,C3一,9,3,3,渡瀬和幸,1400,良,426,-9,0
ムーンカプチーノ,12,0.00,園田,C3二,9,6,5,渡瀬和幸,1400,重,435,0,0
ムーンカプチーノ,12,0.00,園田,C3一,10,6,6,渡瀬和幸,1400,重,435,-2,0
ムーンカプチーノ,12,0.00,園田,リミテッド競走C2,8,8,8,渡瀬和幸,1400,稍,437,-3,0
ムーンカプチーノ,12,0.00,園田,C2一,11,1,10,渡瀬和幸,1400,良,440,0,0
ムーンカプチーノ,12,0.00,園田,C2一,10,3,5,西川進也,1400,良,440,+2,0
ムーンカプチーノ,12,0.00,園田,C2一,10,6,6,渡瀬和幸,1400,重,438,-1,1
ムーンカプチーノ,12,0.00,園田,C2三,10,7,2,渡瀬和幸,1400,稍,439,+1,0
ムーンカプチーノ,12,0.00,園田,C2二,10,10,5,渡瀬和幸,1400,稍,438,+3,0
ムーンカプチーノ,12,0.00,園田,C2二,9,8,3,渡瀬和幸,1400,稍,435,-8,1
ムーンカプチーノ,12,0.00,園田,C3一,10,3,1,渡瀬和幸,1400,稍,443,+22,1
ムーンカプチーノ,12,0.00,園田,C3一,12,9,5,渡瀬和幸,1400,重,421,-12,0
ムーンカプチーノ,12,0.00,園田,C2一,10,6,9,渡瀬和幸,1400,良,433,+3,0
ムーンカプチーノ,12,0.00,園田,C2一,10,1,4,渡瀬和幸,1400,良,430,-2,0
ムーンカプチーノ,12,0.00,園田,C2一,10,6,7,渡瀬和幸,1400,良,432,+3,0
ムーンカプチーノ,12,0.00,園田,C2二,10,5,4,渡瀬和幸,1400,稍,429,-3,1
ムーンカプチーノ,12,0.00,園田,リミテッド競走C2,9,6,6,渡瀬和幸,1400,良,432,+3,0
ムーンカプチーノ,12,0.00,園田,C3二,10,2,3,渡瀬和幸,1400,良,429,+4,1
ムーンカプチーノ,12,0.00,園田,C2二,10,3,6,渡瀬和幸,1400,稍,425,-7,0
ムーンカプチーノ,12,0.00,園田,C2三,9,4,5,田野豊三,1400,不,432,+9,0
ムーンカプチーノ,12,0.00,園田,リミテッド競走C3,10,5,3,田野豊三,1400,良,423,-7,1
ムーンカプチーノ,12,0.00,園田,C3一,10,3,3,渡瀬和幸,1400,良,430,-9,1
ムーンカプチーノ,12,0.00,園田,リミテッド競走C2,10,1,10,渡瀬和幸,1400,良,439,+3,0
ムーンカプチーノ,12,0.00,園田,C2三,10,10,10,渡瀬和幸,1400,良,436,-1,0
ムーンカプチーノ,12,0.00,園田,リミテッド競走C2,11,5,11,渡瀬和幸,1400,稍,437,+2,0
ムーンカプチーノ,12,0.00,園田,リミテッド競走C2,10,6,9,田野豊三,1400,不,435,0,0
ムーンカプチーノ,12,0.00,園田,C3二,10,3,2,田野豊三,1400,良,435,-3,1
ムーンカプチーノ,12,0.00,園田,C3一,10,5,2,田野豊三,1400,良,438,0,0
ムーンカプチーノ,12,0.00,園田,リミテッド競走C3,10,10,1,渡瀬和幸,1400,良,438,+4,0
ムーンカプチーノ,12,0.00,園田,C2一,10,4,8,渡瀬和幸,1400,良,434,-1,0
ムーンカプチーノ,12,0.00,園田,C2一,10,1,6,渡瀬和幸,1400,稍,435,-7,0
ムーンカプチーノ,12,0.00,園田,C2一,10,7,6,渡瀬和幸,1400,良,442,+6,0
ムーンカプチーノ,12,0.00,園田,リミテッド競走C2,10,6,9,渡瀬和幸,1400,良,436,+13,1
ムーンカプチーノ,12,0.00,園田,C3,10,5,1,田野豊三,1400,良,423,-6,1
ムーンカプチーノ,12,0.00,園田,C2二,10,7,4,田野豊三,1400,良,429,+3,0
ムーンカプチーノ,12,0.00,園田,リミテッド競走C3,10,5,1,田中学,1400,稍,426,+1,1
ムーンカプチーノ,12,0.00,園田,リミテッド競走C3,9,4,2,田野豊三,1400,重,425,-2,1
ムーンカプチーノ,12,0.00,園田,C2　4歳以上,8,4,5,田野豊三,1400,重,427,-2,0
ムーンカプチーノ,12,0.00,園田,C2　4歳以上,10,4,7,田野豊三,1700,良,429,-1,1
ムーンカプチーノ,12,0.00,園田,C1　4歳以上,11,1,7,田野豊三,1700,良,430,+3,0
ムーンカプチーノ,12,0.00,園田,リミテッド競走,9,6,1,田野豊三,1400,不,427,-1,0
ムーンカプチーノ,12,0.00,園田,C2二　4歳以上,10,6,4,田野豊三,1400,不,428,0,1
ムーンカプチーノ,12,0.00,園田,C2一　4歳以上,10,5,5,永島太郎,1400,良,428,-1,0
ムーンカプチーノ,12,0.00,園田,C2二　3歳以上,9,4,4,田野豊三,1400,良,429,+3,1
ムーンカプチーノ,12,0.00,園田,C2三　3歳以上,12,11,5,永島太郎,1400,良,426,-6,1
ムーンカプチーノ,12,0.00,園田,リミテッド競走,10,5,6,田野豊三,1400,良,432,+1,0
ムーンカプチーノ,12,0.00,園田,C3一　3歳以上,10,2,2,田野豊三,1400,良,431,-4,1
ムーンカプチーノ,12,0.00,園田,C3一　3歳以上,10,7,2,田野豊三,1400,良,435,-3,1
ムーンカプチーノ,12,0.00,園田,C2三　3歳以上,10,4,9,田野豊三,1400,良,438,-9,1
ムーンカプチーノ,12,0.00,園田,C2二　3歳以上,10,5,7,田野豊三,1400,良,447,+18,0
ムーンカプチーノ,12,0.00,園田,C3三　3歳以上,9,5,1,田野豊三,1400,重,429,+5,1
ムーンカプチーノ,12,0.00,園田,リミテッド競走,12,4,10,北野真弘,1400,不,424,-1,0
ムーンカプチーノ,12,0.00,園田,C2　3歳以上,12,5,11,北野真弘,1400,不,425,+2,0
ムーンカプチーノ,12,0.00,園田,リミテッド競走,10,3,6,北野真弘,1400,良,423,-6,0
ムーンカプチーノ,12,0.00,園田,リミテッド競走,8,8,2,北野真弘,1400,稍,429,+6,1
ムーンカプチーノ,12,0.00,園田,C2一　3歳以上,11,1,4,北野真弘,1400,良,423,0,0
ムーンカプチーノ,12,0.00,園田,C2二　3歳以上,9,5,2,北野真弘,1400,不,423,+3,1
ムーンカプチーノ,12,0.00,姫路,C2一　4歳以上,10,3,2,北野真弘,1400,不,420,-2,0
ムーンカプチーノ,12,0.00,姫路,C2二　4歳以上,10,4,1,北野真弘,1400,良,422,+5,1
ムーンカプチーノ,12,0.00,姫路,C3　4歳以上,12,12,5,坂本和也,1400,稍,417,-11,1
ムーンカプチーノ,12,0.00,園田,C3一　4歳以上,9,3,5,北野真弘,1400,良,428,+5,0
ムーンカプチーノ,12,0.00,園田,C3二　4歳以上,12,10,3,北野真弘,1400,重,423,-1,1
ムーンカプチーノ,12,0.00,園田,C3二　4歳以上,7,5,3,北野真弘,1400,良,424,0,0
ムーンカプチーノ,12,0.00,園田,C3一　4歳以上,12,6,3,北野真弘,1400,不,424,+8,0
ムーンカプチーノ,12,0.00,園田,リミテッド競走,12,1,3,北野真弘,1400,良,416,-25,0
ムーンカプチーノ,12,0.00,園田,C2二　3歳以上,12,11,5,北野真弘,1400,良,441,+11,0
ムーンカプチーノ,12,0.00,園田,C3一　3歳以上,12,12,3,北野真弘,1400,重,430,-5,1
ムーンカプチーノ,12,0.00,園田,C3二　3歳以上,12,10,6,松浦聡志,1400,良,435,0,1
ムーンカプチーノ,12,0.00,園田,リミテッド競走,12,12,4,北野真弘,1400,良,435,+5,0
ムーンカプチーノ,12,0.00,姫路,C2　3歳,12,4,12,大柿一真,1400,重,430,+2,0
ムーンカプチーノ,12,0.00,姫路,C2二　3歳,10,1,9,北野真弘,1400,良,428,-4,0
ムーンカプチーノ,12,0.00,姫路,C2　3歳,12,10,7,北野真弘,1400,良,432,0,0
ムーンカプチーノ,12,0.00,園田,C3　3歳,12,2,1,北野真弘,1400,良,432,-5,1
ムーンカプチーノ,12,0.00,園田,C3　3歳,12,1,3,北野真弘,1400,良,437,-1,0
ムーンカプチーノ,12,0.00,園田,C3　3歳,12,4,4,板野央,1400,稍,438,+8,1
ムーンカプチーノ,12,0.00,園田,F6一　3歳,11,9,4,北野真弘,1400,良,430,0,1
ムーンカプチーノ,12,0.00,園田,F5一　3歳,12,1,2,北野真弘,1400,不,430,-3,0
ムーンカプチーノ,12,0.00,園田,F5一　3歳,12,1,1,北野真弘,1400,稍,433,0,0
ムーンカプチーノ,12,0.00,園田,F4三　3歳,9,5,2,北野真弘,1400,良,433,-4,1
ムーンカプチーノ,12,0.00,園田,F5　3歳,11,4,3,北野真弘,1400,良,437,0,0
ムーンクエイク,5,4.04,2京都5,洛陽S(OP),12,9,3,バルジュ,1600,稍,504,+18,0
ムーンクエイク,5,4.04,5京都2,長岡京S(1600万下),7,6,1,ルメール,1600,良,486,-8,1
ムーンクエイク,5,4.04,4阪神7,甲東特別(1000万下),9,1,1,ルメール,1600,良,494,+2,1
ムーンクエイク,5,4.04,2東京11,葉山特別(1000万下),12,12,1,ルメール,1600,良,492,+8,1
ムーンクエイク,5,4.04,2阪神6,4歳上1000万下,18,11,1,ルメール,1600,重,484,-4,1
ムーンクエイク,5,4.04,1東京1,4歳上500万下,16,16,1,ルメール,1600,良,488,-14,1
ムーンクエイク,5,4.04,5東京3,3歳上500万下,17,7,2,戸崎圭太,1600,稍,502,+6,0
ムーンクエイク,5,4.04,3東京1,国分寺特別(500万下),12,8,2,ベリー,1600,良,496,-8,1
ムーンクエイク,5,4.04,2東京10,3歳500万下,14,12,1,ルメール,1600,良,504,+6,0
ムーンクエイク,5,4.04,2中山4,3歳未勝利,16,4,1,ルメール,1800,良,498,+6,1
ムーンクエイク,5,4.04,1東京8,3歳新馬,16,16,2,ヴェロン,1800,重,492,0,1
ムーンクレスト,6,3.67,2中山6,東風S(OP),12,11,4,石橋脩,1600,稍,470,-8,0
ムーンクレスト,6,3.67,1阪神2,阪急杯(G3),18,7,12,荻野極,1400,良,478,-2,0
ムーンクレスト,6,3.67,5阪神7,阪神C(G2),18,1,14,藤岡佑介,1400,良,480,+8,0
ムーンクレスト,6,3.67,5京都6,マイルチャンピオンS(G1),18,15,18,藤岡佑介,1600,稍,472,+2,0
ムーンクレスト,6,3.67,4京都8,毎日放送賞スワンS(G2),18,16,10,荻野極,1400,重,470,-6,0
ムーンクレスト,6,3.67,4阪神9,ポートアイランドS(OP),13,12,9,藤岡佑介,1600,良,476,+2,1
ムーンクレスト,6,3.67,2新潟10,朱鷺S(OP),10,4,4,中谷雄太,1400,良,474,+2,0
ムーンクレスト,6,3.67,3中京8,トヨタ賞中京記念(G3),16,13,16,中谷雄太,1600,良,472,+6,0
ムーンクレスト,6,3.67,3阪神6,米子S(OP),10,3,8,太宰啓介,1600,良,466,-6,0
ムーンクレスト,6,3.67,3京都12,安土城S(OP),16,10,2,浜中俊,1400,良,472,+2,0
ムーンクレスト,6,3.67,2阪神6,大阪ーハンブルクC(OP),12,8,6,藤岡佑介,1400,稍,470,-6,1
ムーンクレスト,6,3.67,1阪神2,阪急杯(G3),12,6,8,藤岡佑介,1400,良,476,+2,0
ムーンクレスト,6,3.67,1京都1,スポニチ賞京都金杯(G3),18,17,13,藤岡佑介,1600,良,474,+2,0
ムーンクレスト,6,3.67,5阪神2,タンザナイトS(OP),14,8,1,松田大作,1400,稍,472,+4,0
ムーンクレスト,6,3.67,4京都8,毎日放送賞スワンS(G2),18,6,13,松田大作,1400,良,468,0,0
ムーンクレスト,6,3.67,4京都4,清水S(1600万下),11,6,2,浜中俊,1600,良,468,0,1
ムーンクレスト,6,3.67,4阪神4,仲秋S(1600万下),11,11,3,ルメール,1400,重,468,0,1
ムーンクレスト,6,3.67,2新潟5,新潟日報賞(1600万下),17,8,3,木幡初広,1400,良,468,0,0
ムーンクレスト,6,3.67,3中京3,知多特別(1000万下),15,6,2,ルメール,1400,不,468,-8,1
ムーンクレスト,6,3.67,3阪神3,舞子特別(1000万下),15,10,4,松田大作,1400,良,476,+4,1
ムーンクレスト,6,3.67,2京都5,飛鳥S(1600万下),14,11,8,藤岡佑介,1800,良,472,+8,0
ムーンクレスト,6,3.67,1中山6,初富士S(1600万下),14,2,4,吉田豊,1800,良,464,-6,0
ムーンクレスト,6,3.67,5阪神8,カウントダウンS(1600万下),13,9,2,武豊,2000,良,470,+8,0
ムーンクレスト,6,3.67,5阪神1,逆瀬川S(1600万下),9,3,4,松若風馬,1800,良,462,+6,0
ムーンクレスト,6,3.67,5京都1,近江特別(1000万下),11,2,2,武豊,1800,良,456,+4,1
ムーンクレスト,6,3.67,4京都7,北野特別(1000万下),8,5,2,武豊,2000,良,452,-6,0
ムーンクレスト,6,3.67,3中京4,有松特別(1000万下),16,16,2,武豊,1600,良,458,+2,0
ムーンクレスト,6,3.67,3阪神1,三木特別(1000万下),11,3,3,武豊,1800,良,456,+6,1
ムーンクレスト,6,3.67,2東京5,プリンシパルS(OP),18,14,16,木幡初広,2000,良,450,-4,0
ムーンクレスト,6,3.67,3京都1,3歳500万下,12,9,2,松山弘平,1600,良,454,+2,1
ムーンクレスト,6,3.67,2阪神5,3歳500万下,12,9,2,太宰啓介,1600,重,452,+2,1
ムーンクレスト,6,3.67,1阪神4,アルメリア賞(500万下),9,6,4,太宰啓介,1800,稍,450,+2,1
ムーンクレスト,6,3.67,2京都4,きさらぎ賞(G3),8,1,7,太宰啓介,1800,良,448,0,0
ムーンクレスト,6,3.67,1中京3,なずな賞(500万下),14,8,5,国分優作,1400,稍,448,-4,1
ムーンクレスト,6,3.67,4中京6,2歳未勝利,18,12,4,国分優作,1400,重,452,0,1
ムーンクレスト,6,3.67,5京都8,2歳未勝利,15,6,4,武豊,1600,稍,452,-4,0
ムーンクレスト,6,3.67,5京都4,2歳未勝利,14,5,4,武豊,1400,良,456,0,1
ムーンクレスト,6,3.67,4京都8,2歳新馬,12,9,3,太宰啓介,1600,良,456,0,0
ムーンケリー,3,0.00,2中山6,3歳新馬,16,12,10,宮崎北斗,1800,稍,512,0,0
ムーンザムーン,4,0.00,1小倉7,4歳上500万下,10,9,3,藤岡佑介,2000,良,482,-2,0
ムーンザムーン,4,0.00,1小倉1,4歳上500万下,15,8,9,藤岡佑介,1800,稍,484,+10,0
ムーンザムーン,4,0.00,3福島1,西郷特別(500万下),16,1,4,吉田隼人,1800,良,474,-6,0
ムーンザムーン,4,0.00,4東京1,3歳上500万下,18,5,4,三浦皇成,1800,稍,480,+30,0
ムーンザムーン,4,0.00,2東京9,カーネーションC(500万下),13,8,3,田辺裕信,1800,良,450,-4,0
ムーンザムーン,4,0.00,2東京4,スイートピーS(OP),18,11,5,藤岡佑介,1800,良,454,-2,1
ムーンザムーン,4,0.00,2中山1,水仙賞(500万下),10,6,2,戸崎圭太,2200,良,456,-2,0
ムーンザムーン,4,0.00,1東京3,ゆりかもめ賞(500万下),8,2,5,大野拓弥,2400,良,458,0,0
ムーンザムーン,4,0.00,1中山6,若竹賞(500万下),14,8,9,大野拓弥,1800,良,458,-6,1
ムーンザムーン,4,0.00,4東京7,2歳未勝利,12,2,1,戸崎圭太,1800,良,464,+4,1
ムーンザムーン,4,0.00,4中山5,2歳未勝利,14,4,1,戸崎圭太,1800,稍,460,+8,1
ムーンザムーン,4,0.00,2新潟11,2歳未勝利,16,12,2,蛯名正義,2000,良,452,0,1
ムーンザムーン,4,0.00,2新潟4,2歳未勝利,15,12,2,蛯名正義,1600,良,452,-18,1
ムーンザムーン,4,0.00,3東京7,2歳新馬,16,4,3,蛯名正義,1600,稍,470,0,0
ムーンシャイナー,32,0.00,3小倉7,4歳上500万下,12,6,5,安田康彦,1700,良,506,+4,0
ムーンシャイナー,32,0.00,3小倉4,4歳上500万下,8,4,3,安田康彦,1700,良,502,-6,0
ムーンシャイナー,32,0.00,3中京3,桑名特別(500万下),11,10,3,田島信行,1700,不,508,+6,0
ムーンシャイナー,32,0.00,3小倉6,唐津特別(500万下),9,9,3,田島信行,1700,良,502,-8,1
ムーンシャイナー,32,0.00,3小倉2,指宿特別(500万下),11,5,4,田島信行,1700,重,510,-8,1
ムーンシャイナー,32,0.00,2小倉3,4歳上500万下,12,8,3,押田年郎,1700,良,518,+10,0
ムーンシャイナー,32,0.00,2中京6,4歳上500万下,11,1,2,押田年郎,1700,不,508,+4,1
ムーンシャイナー,32,0.00,2中京1,4歳上500万下,16,8,2,押田年郎,1700,不,504,-4,0
ムーンシャイナー,32,0.00,4阪神4,4歳上500万下,16,14,11,押田年郎,1800,良,508,-2,0
ムーンシャイナー,32,0.00,2京都2,4歳上500万下,18,5,18,内田浩一,2400,良,510,-10,0
ムーンシャイナー,32,0.00,3阪神3,4歳上500万下,16,9,15,小原義之,1800,重,520,+6,0
ムーンシャイナー,32,0.00,2函館2,湯川特別(400万下),9,8,4,石橋守,2000,良,514,-4,0
ムーンシャイナー,32,0.00,1札幌6,4歳未勝利,12,10,1,石橋守,1700,良,518,-10,1
ムーンシャイナー,32,0.00,1札幌2,4歳未勝利,12,2,9,石橋守,1700,良,528,0,0
ムーンシュトラール,4,3.75,笠松,サラ系C22組,9,9,1,佐藤友則,1400,不,503,+2,1
ムーンシュトラール,4,3.75,笠松,サラ系C22組,9,9,1,佐藤友則,1400,不,501,-6,1
ムーンシュトラール,4,3.75,笠松,サラ系C22組,10,2,3,佐藤友則,1400,良,507,+2,1
ムーンシュトラール,4,3.75,笠松,第32回畜産フェア特,10,10,2,岡部誠,1600,重,505,+4,0
ムーンシュトラール,4,3.75,笠松,サラ系C27組,8,6,1,佐藤友則,1400,良,501,-4,1
ムーンシュトラール,4,3.75,笠松,サラ系3歳12組,10,8,1,佐藤友則,1400,重,505,+11,1
ムーンシュトラール,4,3.75,4阪神3,3歳未勝利,16,6,3,ルメール,1400,稍,494,-6,0
ムーンシュトラール,4,3.75,2小倉7,3歳未勝利,16,15,3,松山弘平,1800,良,500,0,0
ムーンチャイム,3,0.00,1阪神4,3歳未勝利,16,6,2,Ｍ．デム,1600,良,436,-4,1
ムーンチャイム,3,0.00,1小倉2,3歳新馬,17,1,6,丸田恭介,1200,稍,440,0,1
ムーンドライヴ,3,0.00,大井,3歳　135万,11,1,3,森泰斗,1200,重,449,-6,0
ムーンドライヴ,3,0.00,盛岡,2歳B2,10,4,1,山本聡哉,1400,稍,455,+3,1
ムーンドライヴ,3,0.00,盛岡,若駒賞,10,8,5,菅原俊吏,1600,稍,452,+8,0
ムーンドライヴ,3,0.00,盛岡,2歳,7,6,1,菅原俊吏,1200,良,444,-8,1
ムーンドライヴ,3,0.00,門別,JRA認定アタックチ(未勝利),10,3,9,服部茂史,1200,重,452,+12,0
ムーンドライヴ,3,0.00,門別,2歳牝馬未勝利(未勝利),7,3,4,岩橋勇二,1200,稍,440,-20,1
ムーンドライヴ,3,0.00,門別,JRA認定フレッシュ(新馬),11,11,2,岩橋勇二,1200,良,460,0,0
ムーントラベラー,7,0.00,園田,川西源氏特別B2,12,1,11,松本幸祐,1400,不,453,+3,0
ムーントラベラー,7,0.00,園田,第21回大日本プロレ,12,9,12,田村直也,1400,良,450,-6,0
ムーントラベラー,7,0.00,園田,小野市白雲谷温泉ゆぴ,11,9,11,松本幸祐,1400,稍,456,+12,0
ムーントラベラー,7,0.00,園田,スイートスプリング賞,12,7,11,田村直也,1400,不,444,-4,0
ムーントラベラー,7,0.00,金沢,B12,10,6,10,桑野等,1400,不,448,+1,0
ムーントラベラー,7,0.00,金沢,しらべてみよう!むか,10,5,9,葛山晃平,1500,重,447,-2,0
ムーントラベラー,7,0.00,金沢,加賀国こまつ松竹大歌,12,5,9,藤田弘治,1500,不,449,-6,0
ムーントラベラー,7,0.00,金沢,いどり祭特別,10,5,9,中島龍也,1700,不,455,-4,0
ムーントラベラー,7,0.00,園田,B2,12,12,10,寺地誠一,1400,不,459,-2,0
ムーントラベラー,7,0.00,園田,第6回小牧太カップB,12,12,12,広瀬航,1400,稍,461,+6,0
ムーントラベラー,7,0.00,園田,第26回GJCチャン,12,11,11,川原正一,1700,重,455,+5,0
ムーントラベラー,7,0.00,園田,たかさご万灯祭特別B,12,12,10,寺地誠一,1400,良,450,0,0
ムーントラベラー,7,0.00,園田,B1,8,3,8,寺地誠一,1400,良,450,-4,0
ムーントラベラー,7,0.00,園田,B1二,6,6,4,寺地誠一,1400,良,454,+5,1
ムーントラベラー,7,0.00,園田,西脇市日本のへそ特別,12,11,12,寺地誠一,1400,不,449,-3,0
ムーントラベラー,7,0.00,園田,第4回ナイター競馬女,12,5,9,寺地誠一,1400,稍,452,+9,0
ムーントラベラー,7,0.00,園田,B1,9,6,9,寺地誠一,1400,稍,443,-3,0
ムーントラベラー,7,0.00,園田,B1,11,12,10,寺地誠一,1230,良,446,+6,0
ムーントラベラー,7,0.00,園田,スカパー!地方競馬ナ,12,3,12,田村直也,1400,良,440,-8,0
ムーントラベラー,7,0.00,園田,B1,9,6,8,松本剛志,1870,不,448,+2,0
ムーントラベラー,7,0.00,園田,B1,11,9,11,松本剛志,1230,良,446,+4,0
ムーントラベラー,7,0.00,園田,おかやまハレいろ旅杯,11,9,11,松本剛志,1400,良,442,-3,0
ムーントラベラー,7,0.00,園田,B1,8,4,6,松本剛志,1870,良,445,-9,0
ムーントラベラー,7,0.00,園田,早春特別B1,11,2,10,松本剛志,1400,良,454,+10,0
ムーントラベラー,7,0.00,名古屋,ヤブコウジ特別,9,3,7,村上弘樹,1600,稍,444,-1,0
ムーントラベラー,7,0.00,名古屋,初夢特別,10,5,5,村上弘樹,1800,良,445,+4,0
ムーントラベラー,7,0.00,名古屋,サラA4組,7,6,3,岡部誠,1400,良,441,+5,0
ムーントラベラー,7,0.00,名古屋,バンテージ賞,8,6,5,村上弘樹,1400,重,436,-6,0
ムーントラベラー,7,0.00,名古屋,ポインセチア特別,9,6,4,村上弘樹,1400,稍,442,-6,0
ムーントラベラー,7,0.00,名古屋,カイヅカイブキ賞,9,4,3,村上弘樹,1400,稍,448,-5,1
ムーントラベラー,7,0.00,名古屋,あけび賞,9,2,4,村上弘樹,1400,重,453,-2,0
ムーントラベラー,7,0.00,名古屋,いわし雲賞,9,5,2,村上弘樹,1400,稍,455,-4,1
ムーントラベラー,7,0.00,名古屋,サラA4組,9,6,3,村上弘樹,1400,不,459,+6,0
ムーントラベラー,7,0.00,名古屋,シオカラトンボ賞,9,2,2,岡部誠,1400,重,453,+3,1
ムーントラベラー,7,0.00,名古屋,おとめ座特別,10,4,3,村上弘樹,1400,良,450,-1,1
ムーントラベラー,7,0.00,名古屋,かんむり座特別,9,8,4,村上弘樹,1600,良,451,-2,1
ムーントラベラー,7,0.00,名古屋,サラB5組,9,2,2,村上弘樹,1400,良,453,+2,1
ムーントラベラー,7,0.00,名古屋,第4戦シルバーホイッ,12,10,2,真島大輔,1900,良,451,-3,0
ムーントラベラー,7,0.00,名古屋,サラB5組,9,3,1,村上弘樹,1400,重,454,+1,1
ムーントラベラー,7,0.00,名古屋,ヘラクレス座特別,9,9,3,村上弘樹,1400,良,453,+9,1
ムーントラベラー,7,0.00,名古屋,飛島大橋賞,8,7,2,村上弘樹,1600,良,444,-4,1
ムーントラベラー,7,0.00,名古屋,海ほおずき賞,8,7,1,村上弘樹,1600,良,448,-3,1
ムーントラベラー,7,0.00,名古屋,サラB9組,8,2,1,丸野勝虎,1400,重,451,+2,1
ムーントラベラー,7,0.00,名古屋,卯の花特別,10,9,1,丸野勝虎,1800,重,449,+1,1
ムーントラベラー,7,0.00,名古屋,サラC5組,9,8,1,丸野勝虎,1400,良,448,+2,1
ムーントラベラー,7,0.00,名古屋,『人生を危険にさらせ,9,6,2,丸野勝虎,1400,良,446,+10,1
ムーントラベラー,7,0.00,1小倉5,日田特別(500万下),16,1,16,高倉稜,1800,稍,436,-22,0
ムーントラベラー,7,0.00,5京都6,3歳上500万下,16,1,12,池添謙一,1400,良,458,+22,0
ムーントラベラー,7,0.00,1新潟3,4歳上500万下,10,1,9,高倉稜,1800,良,436,-10,0
ムーントラベラー,7,0.00,2阪神8,4歳上500万下,16,6,4,高倉稜,1400,良,446,-10,0
ムーントラベラー,7,0.00,1阪神3,4歳上500万下,14,8,10,池添謙一,1400,稍,456,+4,0
ムーントラベラー,7,0.00,1小倉3,4歳上500万下,14,8,7,高倉稜,1700,良,452,+22,0
ムーントラベラー,7,0.00,4阪神7,3歳未勝利,16,13,6,池添謙一,1400,良,430,-8,1
ムーントラベラー,7,0.00,2札幌5,3歳未勝利,13,5,5,池添謙一,1700,良,438,-2,1
ムーントラベラー,7,0.00,2札幌4,3歳未勝利,13,5,5,池添謙一,1700,良,440,+4,1
ムーントラベラー,7,0.00,1札幌8,3歳未勝利,14,4,9,池添謙一,1500,良,436,+4,0
ムーントラベラー,7,0.00,1函館4,3歳未勝利,16,4,9,荻野琢真,1200,良,432,+2,0
ムーントラベラー,7,0.00,1新潟2,3歳未勝利,15,14,10,高倉稜,1800,良,430,-10,0
ムーントラベラー,7,0.00,2阪神5,3歳未勝利,16,4,9,義英真,1800,良,440,0,0
ムーントラベラー,7,0.00,2阪神1,3歳未勝利,16,5,9,バルジュ,1400,稍,440,0,0
ムーントラベラー,7,0.00,1小倉8,3歳未勝利,18,2,8,菱田裕二,1200,良,440,-6,0
ムーントラベラー,7,0.00,5京都5,2歳新馬,16,3,6,Ｍ．デム,1400,稍,446,0,0
ムーンドロップ,7,0.00,1中京3,障害4歳上未勝利,14,4,11,浜野谷憲,3000,良,458,+8,0
ムーンドロップ,7,0.00,3福島3,3歳上500万下,13,5,12,横山武史,2600,良,450,0,0
ムーンドロップ,7,0.00,3福島1,3歳上500万下,16,13,10,横山武史,1200,良,450,+2,0
ムーンドロップ,7,0.00,2札幌6,3歳上500万下,16,3,16,横山和生,1200,良,448,-6,0
ムーンドロップ,7,0.00,2函館5,3歳上500万下,16,6,14,横山和生,1200,稍,454,+4,0
ムーンドロップ,7,0.00,1函館5,3歳上500万下,12,11,8,横山和生,1200,良,450,+2,0
ムーンドロップ,7,0.00,1函館4,3歳上500万下,12,5,9,横山和生,1200,良,448,-8,0
ムーンドロップ,7,0.00,1新潟4,4歳上500万下,15,5,12,横山和生,1800,稍,456,+2,0
ムーンドロップ,7,0.00,1福島3,4歳上500万下,16,9,7,横山武史,1200,良,454,+2,0
ムーンドロップ,7,0.00,1小倉3,4歳上500万下,16,12,9,中井裕二,1700,良,452,-4,0
ムーンドロップ,7,0.00,1小倉2,4歳上500万下,16,1,4,中井裕二,1700,重,456,-4,0
ムーンドロップ,7,0.00,1中京3,4歳上500万下,16,8,7,中井裕二,1800,良,460,+6,1
ムーンドロップ,7,0.00,4中京5,3歳上500万下,16,2,5,木幡初也,1800,稍,454,0,0
ムーンドロップ,7,0.00,4中京1,3歳上500万下,16,7,7,横山和生,1800,良,454,-10,0
ムーンドロップ,7,0.00,5東京8,3歳上500万下,15,2,12,横山和生,1400,稍,464,+14,0
ムーンドロップ,7,0.00,4中山6,3歳上500万下,16,11,13,横山和生,1600,良,450,-2,0
ムーンドロップ,7,0.00,2札幌3,千歳特別(500万下),14,12,8,横山和生,1500,良,452,+4,0
ムーンドロップ,7,0.00,2新潟4,月岡温泉特別(500万下),15,4,9,横山典弘,1800,良,448,0,0
ムーンドロップ,7,0.00,2福島5,3歳上500万下,16,16,7,横山典弘,1800,良,448,0,0
ムーンドロップ,7,0.00,3東京7,3歳上500万下,15,10,7,横山典弘,1400,良,448,-2,0
ムーンドロップ,7,0.00,3東京1,3歳上500万下,18,14,9,横山和生,1400,良,450,0,1
ムーンドロップ,7,0.00,1新潟6,4歳上500万下,16,12,7,横山和生,1400,良,450,0,0
ムーンドロップ,7,0.00,1福島5,伏拝特別(500万下),16,12,8,横山和生,1200,良,450,+6,0
ムーンドロップ,7,0.00,1福島3,医王寺特別(500万下),16,9,13,横山和生,1200,良,444,-14,1
ムーンドロップ,7,0.00,1小倉5,合馬特別(500万下),18,8,8,城戸義政,1200,稍,458,+6,0
ムーンドロップ,7,0.00,1小倉1,4歳上500万下,18,14,12,城戸義政,1200,稍,452,+4,0
ムーンドロップ,7,0.00,5東京7,3歳上500万下,18,17,17,木幡初也,1400,良,448,+6,0
ムーンドロップ,7,0.00,4中山7,3歳上500万下,16,10,10,井上敏樹,1200,稍,442,0,0
ムーンドロップ,7,0.00,2札幌6,3歳上500万下,16,7,12,井上敏樹,1200,良,442,-10,1
ムーンドロップ,7,0.00,2函館5,3歳上500万下,16,14,14,井上敏樹,1200,重,452,+4,0
ムーンドロップ,7,0.00,1函館2,3歳上500万下,14,12,10,井上敏樹,1200,良,448,+4,0
ムーンドロップ,7,0.00,2東京8,4歳上500万下,13,4,13,嘉藤貴行,1600,良,444,+2,0
ムーンドロップ,7,0.00,1福島4,4歳上500万下,16,1,6,木幡初也,1200,良,442,-14,0
ムーンドロップ,7,0.00,1小倉7,八代特別(500万下),18,8,17,長岡禎仁,1200,良,456,+2,0
ムーンドロップ,7,0.00,1中山9,4歳上500万下,16,6,16,嘉藤貴行,1200,稍,454,+6,0
ムーンドロップ,7,0.00,4中京3,3歳上500万下,16,11,16,嘉藤貴行,1400,良,448,-2,0
ムーンドロップ,7,0.00,4福島2,3歳上500万下,15,7,8,花田大昂,1700,良,450,+4,0
ムーンドロップ,7,0.00,4東京8,3歳上500万下,14,12,14,嘉藤貴行,1800,稍,446,0,0
ムーンドロップ,7,0.00,2札幌4,帯広特別(500万下),14,2,12,横山和生,2000,良,446,+8,0
ムーンドロップ,7,0.00,2福島8,栗子特別(500万下),16,12,12,横山和生,1800,良,438,-18,0
ムーンドロップ,7,0.00,盛岡,サファイア賞,9,7,2,菅原俊吏,2400,良,456,-6,1
ムーンドロップ,7,0.00,盛岡,サフィニアレース3歳,10,1,1,菅原俊吏,1400,良,462,-1,1
ムーンドロップ,7,0.00,水沢,3歳C1三組,10,5,2,菅原俊吏,1400,良,463,-2,1
ムーンドロップ,7,0.00,水沢,3歳C2二組,9,1,1,菅原俊吏,1300,不,465,+11,1
ムーンドロップ,7,0.00,1東京5,3歳未勝利,15,13,13,江田照男,1600,稍,454,+10,0
ムーンドロップ,7,0.00,5中山1,2歳新馬,15,3,11,江田照男,1200,良,444,0,0
ムーンパスイエロー,3,0.00,佐賀,飛燕賞(OP),12,5,11,川島拓,1800,稍,460,+7,0
ムーンパスイエロー,3,0.00,佐賀,背振山賞(OP),10,5,7,川島拓,1750,良,453,0,0
ムーンパスイエロー,3,0.00,佐賀,花吹雪賞(OP),12,2,9,川島拓,1800,重,453,-2,0
ムーンパスイエロー,3,0.00,佐賀,佐賀若駒賞(OP),10,1,5,長田進仁,1800,良,455,0,1
ムーンパスイエロー,3,0.00,佐賀,季冬賞,7,8,3,川島拓,1400,良,455,-6,0
ムーンパスイエロー,3,0.00,佐賀,リゲル特別,9,9,7,長田進仁,1750,良,461,0,0
ムーンパスイエロー,3,0.00,佐賀,JRA認定天山賞(OP),12,10,9,長田進仁,1400,良,461,+3,0
ムーンパスイエロー,3,0.00,佐賀,JRA認定カペラ賞(OP),9,5,5,川島拓,1750,良,458,+1,0
ムーンパスイエロー,3,0.00,佐賀,JRA認定競走九州ジ(OP),11,12,4,川島拓,1750,稍,457,0,0
ムーンパスイエロー,3,0.00,佐賀,シリウス特別,11,4,2,川島拓,1750,良,457,+5,1
ムーンパスイエロー,3,0.00,佐賀,JRA認定2歳ー1組,7,4,4,児島真二,1400,良,452,-4,1
ムーンパスイエロー,3,0.00,佐賀,2歳ー1組,6,1,1,川島拓,1400,良,456,+4,1
ムーンパスイエロー,3,0.00,佐賀,JRA認定2歳ー1組,7,3,6,児島真二,1400,良,452,+2,0
ムーンパスイエロー,3,0.00,佐賀,2歳ー1組,6,6,4,児島真二,1300,稍,450,+4,1
ムーンパスイエロー,3,0.00,佐賀,2歳ー1組,7,1,5,児島真二,1300,良,446,-5,0
ムーンパスイエロー,3,0.00,佐賀,2歳ー2組,4,4,1,川島拓,1300,良,451,+1,1
ムーンパスイエロー,3,0.00,佐賀,2歳ー1組新馬,7,5,4,川島拓,900,不,450,0,0
ムーンパスクイン,4,0.00,佐賀,コブシ賞,10,8,1,竹吉徹,1400,不,478,-2,1
ムーンパスクイン,4,0.00,佐賀,セントポーリア賞,9,1,1,竹吉徹,1400,良,480,-2,1
ムーンパスクイン,4,0.00,佐賀,葉牡丹賞,10,7,1,竹吉徹,1400,重,482,+8,1
ムーンパスクイン,4,0.00,佐賀,小寒賞,10,7,1,田中純,1400,良,474,-4,1
ムーンパスクイン,4,0.00,佐賀,クリスマスイブ賞,10,10,2,竹吉徹,1400,良,478,+8,1
ムーンパスクイン,4,0.00,佐賀,C2ー6組,12,3,2,竹吉徹,1400,良,470,-6,1
ムーンパスクイン,4,0.00,佐賀,C2ー7組,11,8,3,竹吉徹,1400,良,476,-7,1
ムーンパスクイン,4,0.00,佐賀,C2ー8組,12,1,4,竹吉徹,1400,良,483,-4,1
ムーンパスクイン,4,0.00,佐賀,C2ー9組,9,5,3,竹吉徹,1400,良,487,-3,1
ムーンパスクイン,4,0.00,佐賀,C2ー8組,11,4,3,竹吉徹,1400,良,490,+14,1
ムーンパスクイン,4,0.00,2新潟5,3歳未勝利,18,6,17,武士沢友,1000,稍,476,0,0
ムーンパスクイン,4,0.00,2中山2,3歳未勝利,16,9,13,嘉藤貴行,1200,良,476,0,0
ムーンパスクイン,4,0.00,1東京3,3歳新馬,15,14,13,嘉藤貴行,1400,良,476,0,0
ムーンパスココロ,3,0.00,佐賀,ブライトスター特選,8,1,7,川島拓,1400,稍,382,-3,0
ムーンパスココロ,3,0.00,佐賀,スターレット特選,10,8,6,川島拓,1750,稍,385,-5,0
ムーンパスココロ,3,0.00,佐賀,3歳ー3組,8,5,3,川島拓,1400,稍,390,+1,1
ムーンパスココロ,3,0.00,佐賀,ウィンタースター特選,12,10,9,川島拓,1400,良,389,-2,0
ムーンパスココロ,3,0.00,佐賀,筑紫野賞(OP),10,3,10,川島拓,1750,重,391,-5,0
ムーンパスココロ,3,0.00,佐賀,佐賀若駒賞(OP),10,4,10,倉富隆一,1800,良,396,+5,0
ムーンパスココロ,3,0.00,佐賀,2歳ー3組,10,8,7,川島拓,1400,良,391,-6,1
ムーンパスココロ,3,0.00,佐賀,2歳ー2組,10,6,9,竹吉徹,1400,良,397,0,0
ムーンパスココロ,3,0.00,佐賀,2歳ー2組,12,8,12,竹吉徹,1400,良,397,-1,0
ムーンパスココロ,3,0.00,佐賀,2歳ー2組,9,3,7,川島拓,1400,良,398,-5,0
ムーンパスココロ,3,0.00,佐賀,JRA認定アルタイル,9,8,7,川島拓,1750,良,403,+3,0
ムーンパスココロ,3,0.00,佐賀,JRA認定競走九州ジ(OP),11,7,11,竹吉徹,1750,稍,400,-2,0
ムーンパスココロ,3,0.00,佐賀,シリウス特別,11,8,11,竹吉徹,1750,良,402,+4,0
ムーンパスココロ,3,0.00,佐賀,JRA認定2歳ー1組,7,1,7,竹吉徹,1400,良,398,+7,0
ムーンパスココロ,3,0.00,佐賀,2歳ー1組,6,3,6,児島真二,1400,良,391,+5,0
ムーンパスココロ,3,0.00,佐賀,JRA認定2歳ー1組,7,5,5,坂井瑠星,1400,良,386,+2,0
ムーンパスココロ,3,0.00,佐賀,2歳ー1組,6,4,6,竹吉徹,1300,稍,384,-13,0
ムーンパスココロ,3,0.00,佐賀,2歳ー1組,7,5,3,竹吉徹,1300,良,397,+7,0
ムーンパスココロ,3,0.00,佐賀,2歳ー1組,3,5,3,川島拓,1300,良,390,+3,1
ムーンパスココロ,3,0.00,佐賀,2歳ー1組新馬,7,6,5,竹吉徹,900,不,387,0,0
ムーンパスラブ,7,0.00,佐賀,コーラル特選,12,7,8,竹吉徹,1400,不,459,+3,0
ムーンパスラブ,7,0.00,佐賀,レディスヴィクトリー,10,6,5,木之前葵,1400,良,456,+1,1
ムーンパスラブ,7,0.00,佐賀,アメジスト特選,10,4,10,竹吉徹,1800,重,455,-6,0
ムーンパスラブ,7,0.00,佐賀,ガーネット特選,12,1,7,竹吉徹,1400,稍,461,-1,0
ムーンパスラブ,7,0.00,佐賀,ジャニュアリー特選,10,3,7,竹吉徹,1800,重,462,+1,0
ムーンパスラブ,7,0.00,佐賀,小春日和賞,11,5,8,竹吉徹,1400,良,461,+2,1
ムーンパスラブ,7,0.00,佐賀,柚子賞,9,4,8,竹吉徹,1400,良,459,+3,1
ムーンパスラブ,7,0.00,佐賀,小雪賞,8,7,6,竹吉徹,1400,良,456,0,0
ムーンパスラブ,7,0.00,佐賀,晩秋賞,9,4,7,竹吉徹,1400,良,456,-3,0
ムーンパスラブ,7,0.00,佐賀,霜降賞,9,2,7,竹吉徹,1400,良,459,-3,0
ムーンパスラブ,7,0.00,佐賀,秋涼賞,8,5,8,竹吉徹,1400,重,462,+2,0
ムーンパスラブ,7,0.00,佐賀,札幌馬主協会来場記念,12,7,3,竹吉徹,1400,良,460,+1,0
ムーンパスラブ,7,0.00,佐賀,長崎街道轟木宿特選,9,8,2,竹吉徹,1750,良,459,-8,1
ムーンパスラブ,7,0.00,佐賀,ジュライ特選,10,6,4,竹吉徹,1750,重,467,+3,0
ムーンパスラブ,7,0.00,佐賀,里帰りジョッキーズカ,10,2,2,丸野勝虎,1800,不,464,-1,1
ムーンパスラブ,7,0.00,佐賀,ムーンストーン特選,9,7,5,竹吉徹,1800,不,465,0,1
ムーンパスラブ,7,0.00,佐賀,長崎街道内野宿特選,12,8,4,竹吉徹,1800,良,465,+2,0
ムーンパスラブ,7,0.00,佐賀,ジェイド特選,10,6,6,竹吉徹,1800,良,463,+1,0
ムーンパスラブ,7,0.00,佐賀,長崎街道木屋瀬宿特選,8,6,4,竹吉徹,1800,不,462,+7,1
ムーンパスラブ,7,0.00,佐賀,エイプリル特選,10,10,8,吉田順治,1800,良,455,-1,0
ムーンパスラブ,7,0.00,佐賀,長崎街道常盤橋特選,11,2,6,川島拓,1750,稍,456,-8,0
ムーンパスラブ,7,0.00,佐賀,夢見月賞,11,10,2,竹吉徹,1400,稍,464,+3,1
ムーンパスラブ,7,0.00,佐賀,C1ー4組,10,2,1,竹吉徹,1400,不,461,+3,1
ムーンパスラブ,7,0.00,佐賀,初花月賞,9,2,4,竹吉徹,1400,不,458,-4,1
ムーンパスラブ,7,0.00,佐賀,銀嶺賞,10,6,4,竹吉徹,1400,重,462,+1,1
ムーンパスラブ,7,0.00,佐賀,頌春賞,9,1,5,竹吉徹,1400,不,461,-3,0
ムーンパスラブ,7,0.00,佐賀,ポインセチア賞,11,2,5,竹吉徹,1400,稍,464,-2,1
ムーンパスラブ,7,0.00,佐賀,神楽酒造協賛ひむかの,10,2,2,竹吉徹,1400,重,466,+1,1
ムーンパスラブ,7,0.00,佐賀,C1ー5組,8,1,3,竹吉徹,1400,稍,465,+5,1
ムーンパスラブ,7,0.00,佐賀,アンドロメダ座特選,11,7,5,竹吉徹,1400,重,460,+2,1
ムーンパスラブ,7,0.00,佐賀,C1ー3組,10,7,2,竹吉徹,1400,稍,458,-4,0
ムーンパスラブ,7,0.00,佐賀,C1ー3組,8,5,2,竹吉徹,1400,稍,462,0,1
ムーンパスラブ,7,0.00,佐賀,サガン鳥栖サマーカー,7,5,1,竹吉徹,1400,重,462,+10,1
ムーンパスラブ,7,0.00,佐賀,熊本地震復興支援がん,10,2,1,竹吉徹,1400,重,452,-4,1
ムーンパスラブ,7,0.00,佐賀,七夕賞,10,4,3,田中直人,1400,重,456,+4,1
ムーンパスラブ,7,0.00,佐賀,C1ー5組,8,1,3,竹吉徹,1400,稍,452,-5,1
ムーンパスラブ,7,0.00,佐賀,入梅特選,11,11,6,竹吉徹,1400,良,457,+4,1
ムーンパスラブ,7,0.00,佐賀,ケンタウルス座特選,12,8,12,竹吉徹,1400,不,453,+5,0
ムーンパスラブ,7,0.00,佐賀,ブロンズサドル賞,12,9,8,村上忍,1400,良,448,-9,0
ムーンパスラブ,7,0.00,佐賀,端午特選,12,4,10,竹吉徹,1800,良,457,-1,0
ムーンパスラブ,7,0.00,佐賀,おおぐま座特選,10,2,5,竹吉徹,1750,不,458,-1,0
ムーンパスラブ,7,0.00,佐賀,C2ー3組,8,6,2,倉富隆一,1400,良,459,+11,1
ムーンパスラブ,7,0.00,佐賀,こいぬ座特選,11,6,6,倉富隆一,1400,良,448,+5,0
ムーンパスラブ,7,0.00,佐賀,SAGAジョッキーズ,8,6,3,長田進仁,1400,不,443,-10,1
ムーンパスラブ,7,0.00,佐賀,C2ー7組,11,11,5,倉富隆一,1400,不,453,+10,1
ムーンパスラブ,7,0.00,佐賀,C2ー6組,9,7,4,倉富隆一,1400,良,443,-1,0
ムーンパスラブ,7,0.00,佐賀,夕日に愛されたまち玄,10,10,3,倉富隆一,1400,不,444,-4,0
ムーンパスラブ,7,0.00,佐賀,C2ー7組,9,5,2,倉富隆一,1400,不,448,-2,1
ムーンパスラブ,7,0.00,佐賀,C2ー7組,8,2,3,竹吉徹,1400,稍,450,0,1
ムーンパスラブ,7,0.00,佐賀,C2ー11組,8,8,2,倉富隆一,1400,良,450,+2,1
ムーンパスラブ,7,0.00,佐賀,C2ー10組,7,6,4,倉富隆一,1400,良,448,-2,0
ムーンパスラブ,7,0.00,佐賀,C2ー13組,7,4,2,倉富隆一,1300,重,450,+3,1
ムーンパスラブ,7,0.00,佐賀,彼岸特選,11,10,7,竹吉徹,1750,良,447,-4,0
ムーンパスラブ,7,0.00,佐賀,SAGAジョッキーズ,10,7,4,鮫島克也,1800,不,451,+9,0
ムーンパスラブ,7,0.00,佐賀,C2ー4組,8,3,3,倉富隆一,1400,良,442,-9,1
ムーンパスラブ,7,0.00,佐賀,C2ー4組,10,1,2,倉富隆一,1400,良,451,0,0
ムーンパスラブ,7,0.00,佐賀,C2ー4組,10,3,6,倉富隆一,1400,不,451,+10,1
ムーンパスラブ,7,0.00,佐賀,C2ー8組,8,3,5,竹吉徹,1400,不,441,-5,1
ムーンパスラブ,7,0.00,佐賀,C2ー7組,9,5,5,倉富隆一,1400,重,446,+3,0
ムーンパスラブ,7,0.00,佐賀,C2ー7組,9,7,1,倉富隆一,1400,良,443,0,0
ムーンパスラブ,7,0.00,佐賀,C2ー7組,10,2,4,竹吉徹,1400,不,443,-3,1
ムーンパスラブ,7,0.00,佐賀,C2ー7組,8,1,7,竹吉徹,1400,良,446,+9,0
ムーンパスラブ,7,0.00,佐賀,C2ー9組,7,7,4,倉富隆一,1400,稍,437,-5,1
ムーンパスラブ,7,0.00,佐賀,C2ー8組,7,6,4,倉富隆一,1400,良,442,-4,1
ムーンパスラブ,7,0.00,佐賀,C2ー8組,7,4,4,倉富隆一,1400,稍,446,+2,0
ムーンパスラブ,7,0.00,佐賀,C2ー8組,7,4,3,倉富隆一,1400,良,444,0,0
ムーンパスラブ,7,0.00,佐賀,C2ー10組,8,3,1,倉富隆一,1400,不,444,+1,1
ムーンパスラブ,7,0.00,佐賀,C2ー8組,8,5,2,倉富隆一,1400,稍,443,-5,1
ムーンパスラブ,7,0.00,佐賀,C2ー10組,7,5,2,吉田順治,1400,稍,448,-1,1
ムーンパスラブ,7,0.00,佐賀,C2ー11組,7,6,3,竹吉徹,1400,不,449,+4,1
ムーンパスラブ,7,0.00,佐賀,C2ー11組,8,2,2,倉富隆一,1400,良,445,+6,1
ムーンパスラブ,7,0.00,佐賀,C2ー11組,7,6,2,倉富隆一,1400,不,439,-9,1
ムーンパスラブ,7,0.00,佐賀,C2ー11組,11,9,5,吉田順治,1400,良,448,+2,1
ムーンパスラブ,7,0.00,佐賀,C2ー14組,9,6,4,竹吉徹,1300,良,446,-4,1
ムーンパスラブ,7,0.00,佐賀,3歳ー8組,7,3,1,倉富隆一,1300,不,450,-6,1
ムーンパスラブ,7,0.00,佐賀,3歳ー10組,7,4,2,倉富隆一,1300,稍,456,+3,1
ムーンパスラブ,7,0.00,佐賀,3歳ー11組,8,8,3,倉富隆一,1300,不,453,-4,1
ムーンパスラブ,7,0.00,佐賀,3歳ー13組,7,4,2,倉富隆一,1300,良,457,+23,1
ムーンパスラブ,7,0.00,2福島1,3歳未勝利,15,7,14,西田雄一,1150,重,434,-12,0
ムーンパスラブ,7,0.00,3東京1,3歳未勝利,16,6,13,井上敏樹,1400,不,446,+16,0
ムーンパスラブ,7,0.00,1新潟6,3歳未勝利,15,9,15,伴啓太,1200,良,430,0,0
ムーンパスラブ,7,0.00,3中山7,3歳未勝利,16,13,16,石神深一,1200,良,430,-4,0
ムーンパスラブ,7,0.00,3中山3,3歳未勝利,15,12,15,大庭和弥,1800,重,434,+1,0
ムーンパスラブ,7,0.00,川崎,アクアマリンフラワー,14,9,12,小野寺祐,1500,不,433,+5,0
ムーンパスラブ,7,0.00,1中京1,3歳未勝利,15,11,11,柴山雄一,1200,良,428,-12,0
ムーンパスラブ,7,0.00,5中山2,2歳新馬,13,4,6,柴山雄一,1200,良,440,0,0
ムーンパスレディ,3,0.00,佐賀,3歳ー7組,8,3,5,山口以和,1300,不,440,0,1
ムーンパスレディ,3,0.00,佐賀,3歳ー5組,8,1,3,川島拓,1300,良,440,-2,0
ムーンパスレディ,3,0.00,佐賀,3歳ー6組,10,4,4,川島拓,1300,重,442,-4,0
ムーンパスレディ,3,0.00,佐賀,3歳ー5組,8,6,3,川島拓,1300,良,446,-5,0
ムーンパスレディ,3,0.00,佐賀,2歳ー6組,11,9,4,川島拓,1300,良,451,+1,1
ムーンパスレディ,3,0.00,佐賀,2歳ー7組,12,4,2,川島拓,1300,良,450,+2,0
ムーンパスレディ,3,0.00,佐賀,2歳ー4組,11,6,11,長田進仁,1300,良,448,-3,0
ムーンパスレディ,3,0.00,佐賀,2歳ー4組,9,5,9,長田進仁,1300,良,451,-2,0
ムーンパスレディ,3,0.00,佐賀,2歳ー4組,12,2,10,山口以和,1300,良,453,+7,0
ムーンパスレディ,3,0.00,佐賀,2歳ー4組,10,1,4,川島拓,1300,重,446,+3,0
ムーンパスレディ,3,0.00,佐賀,2歳ー3組,10,9,9,山口以和,1300,良,443,+6,0
ムーンパスレディ,3,0.00,佐賀,2歳ー3組,9,2,6,竹吉徹,1300,良,437,-5,0
ムーンパスレディ,3,0.00,佐賀,2歳ー3組,8,8,6,竹吉徹,1300,良,442,+10,0
ムーンパスレディ,3,0.00,佐賀,2歳ー3組,6,6,6,竹吉徹,1300,良,432,+7,0
ムーンパスレディ,3,0.00,佐賀,2歳ー4組新馬,10,1,9,竹吉徹,900,重,425,0,0
ムーンパスローズ,3,0.00,佐賀,3歳ー7組,8,7,2,川島拓,1300,不,436,-6,0
ムーンパスローズ,3,0.00,佐賀,ドリームシリーズ,10,3,2,川島拓,900,良,442,-3,1
ムーンパスローズ,3,0.00,佐賀,ドリームシリーズ,12,4,7,川島拓,900,良,445,0,1
ムーンビューティ,6,0.00,水沢,ユキコマチ賞,8,3,4,鈴木祐,1600,不,477,+6,0
ムーンビューティ,6,0.00,水沢,オッズパーク・エクシ,7,2,7,陶文峰,1600,不,471,-2,0
ムーンビューティ,6,0.00,水沢,ストリアータ賞,10,1,6,陶文峰,1600,不,473,-1,0
ムーンビューティ,6,0.00,水沢,B2六組,12,1,7,陶文峰,1600,不,474,+3,0
ムーンビューティ,6,0.00,水沢,B2七組,10,5,8,陶文峰,1600,良,471,-6,0
ムーンビューティ,6,0.00,盛岡,カザハナニシキ賞,8,3,3,陶文峰,1600,良,477,-1,1
ムーンビューティ,6,0.00,盛岡,セイグレン賞,10,10,8,陶文峰,1600,稍,478,-3,0
ムーンビューティ,6,0.00,盛岡,オペレッタドレス賞,6,4,4,陶文峰,1000,重,481,+5,1
ムーンビューティ,6,0.00,盛岡,もみじ賞ターフチャレ,8,2,1,陶文峰,1000,良,476,+3,0
ムーンビューティ,6,0.00,水沢,小鳥谷まつり賞,10,1,1,陶文峰,1600,良,473,+5,1
ムーンビューティ,6,0.00,水沢,ルネッサンスブルー賞,8,7,5,陶文峰,1600,不,468,-5,1
ムーンビューティ,6,0.00,盛岡,新食感!岩手・盛岡純,9,9,9,陶文峰,1400,稍,473,0,1
ムーンビューティ,6,0.00,盛岡,C2四組,8,5,3,山本政聡,1400,良,1
ムーンビューティ,6,0.00,盛岡,C2四組,9,9,9,山本政聡,1400,良,472,-1,0
ムーンビューティ,6,0.00,盛岡,C2三組,8,1,5,鈴木祐,1400,重,473,+2,0
ムーンビューティ,6,0.00,盛岡,楽天競馬10周年記念,8,1,8,陶文峰,1400,重,471,+3,0
ムーンビューティ,6,0.00,盛岡,C2二組,7,3,4,山本政聡,1400,良,468,-2,0
ムーンビューティ,6,0.00,水沢,C2二組,8,7,8,陶文峰,1400,不,470,0,0
ムーンビューティ,6,0.00,水沢,C2一組,8,1,7,山本政聡,1400,良,470,+6,0
ムーンビューティ,6,0.00,水沢,ロリポップ賞,11,4,8,陶文峰,1400,良,464,-12,0
ムーンビューティ,6,0.00,盛岡,C2,8,8,5,山本政聡,1600,良,476,-1,0
ムーンビューティ,6,0.00,盛岡,C2四組,9,8,4,山本政聡,1400,良,477,+4,1
ムーンビューティ,6,0.00,盛岡,C2,10,4,7,陶文峰,1600,重,473,-2,0
ムーンビューティ,6,0.00,盛岡,C2三組,9,3,7,陶文峰,1400,良,475,-1,0
ムーンビューティ,6,0.00,盛岡,C2二組,8,1,4,山本政聡,1400,良,476,+4,0
ムーンビューティ,6,0.00,水沢,C2二組,10,2,5,山本政聡,1400,良,472,+6,0
ムーンビューティ,6,0.00,水沢,C2二組,8,4,5,山本政聡,1400,良,466,+1,1
ムーンビューティ,6,0.00,水沢,C2一組,9,5,8,山本政聡,1400,良,465,-3,0
ムーンビューティ,6,0.00,水沢,トキメキの春賞,10,5,10,鈴木祐,1400,稍,468,+6,0
ムーンビューティ,6,0.00,水沢,平庭高原スキー場まつ,9,2,9,陶文峰,1400,不,462,-3,0
ムーンビューティ,6,0.00,水沢,森山運動公園賞,11,10,11,千田洋,1600,重,465,+3,0
ムーンビューティ,6,0.00,水沢,JA岩手ふるさと奥州,9,8,8,高橋悠里,1600,不,462,+10,0
ムーンビューティ,6,0.00,盛岡,C1四組,10,8,8,山本聡哉,1600,稍,452,-2,0
ムーンビューティ,6,0.00,盛岡,五葉山賞,12,5,8,山本聡哉,1000,良,454,+3,0
ムーンビューティ,6,0.00,盛岡,五葉山賞ターフチャレ,12,9,2,山本聡哉,1000,稍,451,+5,0
ムーンビューティ,6,0.00,盛岡,希望郷いわて国体開催,10,7,3,山本聡哉,1000,良,446,-8,0
ムーンビューティ,6,0.00,水沢,C1,10,9,2,山本聡哉,850,稍,454,+12,0
ムーンビューティ,6,0.00,盛岡,C2,7,5,1,山本聡哉,1000,良,442,-1,1
ムーンビューティ,6,0.00,盛岡,秋田竿灯まつり賞C2,8,1,2,山本聡哉,1400,良,443,+2,1
ムーンビューティ,6,0.00,盛岡,C2,7,3,4,山本聡哉,1000,良,441,-13,1
ムーンビューティ,6,0.00,川崎,風神賞,12,8,10,秋元耕成,900,稍,454,+1,0
ムーンビューティ,6,0.00,船橋,C3二　三　イ,10,1,9,秋元耕成,1500,重,453,-2,0
ムーンビューティ,6,0.00,浦和,C3　選抜馬,11,5,9,秋元耕成,800,重,455,0,0
ムーンビューティ,6,0.00,川崎,C3四　五,9,7,9,秋元耕成,1500,良,455,-4,0
ムーンビューティ,6,0.00,浦和,C3四　五六　七,9,3,9,秋元耕成,1500,重,459,0,0
ムーンビューティ,6,0.00,浦和,C3　4歳イ,12,9,8,秋元耕成,1400,稍,459,+1,0
ムーンビューティ,6,0.00,船橋,C3四　五,9,4,9,秋元耕成,1200,不,458,-8,0
ムーンビューティ,6,0.00,浦和,C3　4歳イ,10,6,9,秋元耕成,1400,稍,466,+9,0
ムーンビューティ,6,0.00,浦和,C3　4歳イ,11,11,7,瀧川寿希,1400,良,457,+7,0
ムーンビューティ,6,0.00,水沢,C2四組,9,7,7,菅原俊吏,1400,不,450,+2,0
ムーンビューティ,6,0.00,水沢,優秀戦C2一組,11,1,6,菅原俊吏,1400,不,448,+1,0
ムーンビューティ,6,0.00,水沢,C2二組,10,6,6,菅原俊吏,1400,重,447,-3,1
ムーンビューティ,6,0.00,水沢,選抜戦C2一組,10,4,5,陶文峰,1400,重,450,0,0
ムーンビューティ,6,0.00,水沢,希望郷いわて国体開催,10,8,8,菅原俊吏,1400,不,450,0,0
ムーンビューティ,6,0.00,盛岡,C1十一組,8,7,4,陶文峰,1400,不,450,-7,0
ムーンビューティ,6,0.00,盛岡,C2,11,7,5,陶文峰,1600,良,457,+12,0
ムーンビューティ,6,0.00,盛岡,一関・平泉バルーン賞,10,2,4,陶文峰,1600,不,445,-7,0
ムーンビューティ,6,0.00,盛岡,C2,9,9,6,陶文峰,1600,稍,452,-17,1
ムーンビューティ,6,0.00,浦和,3歳四,12,1,7,笹川翼,1400,不,469,+4,0
ムーンビューティ,6,0.00,浦和,3歳四,9,7,7,瀧川寿希,1400,良,465,+8,1
ムーンビューティ,6,0.00,川崎,3歳5　イ,12,8,11,須藤優,1400,稍,457,-3,0
ムーンビューティ,6,0.00,浦和,3歳四,12,11,11,秋元耕成,1400,良,460,+3,0
ムーンビューティ,6,0.00,川崎,3歳7　イ,11,6,10,須藤優,1400,重,457,-3,0
ムーンビューティ,6,0.00,川崎,3歳8　イ,9,5,7,須藤優,1400,良,460,-2,0
ムーンビューティ,6,0.00,浦和,3歳五,11,3,4,須藤優,1400,良,462,+7,0
ムーンビューティ,6,0.00,川崎,3歳7　イ,11,3,4,瀧川寿希,1400,良,455,-9,1
ムーンビューティ,6,0.00,浦和,3歳八,11,6,2,瀧川寿希,1400,良,464,+16,0
ムーンビューティ,6,0.00,1東京8,3歳未勝利,16,13,16,嘉藤貴行,1600,良,448,-8,0
ムーンビューティ,6,0.00,4中山3,2歳未勝利,15,5,10,柴田大知,1800,稍,456,+6,0
ムーンビューティ,6,0.00,4福島4,2歳未勝利,14,8,11,和田竜二,1800,良,450,+18,0
ムーンビューティ,6,0.00,1札幌1,2歳未勝利,14,8,10,丹内祐次,1500,良,432,-6,0
ムーンビューティ,6,0.00,2福島1,2歳未勝利,11,5,2,大野拓弥,1800,稍,438,-8,0
ムーンビューティ,6,0.00,3東京5,2歳新馬,14,10,9,吉田豊,1600,良,446,0,0
ムーンファースト,4,0.00,川崎,大師オープン【地方交(OP),13,13,8,吉原寛人,1600,良,497,-7,0
ムーンファースト,4,0.00,金沢,中日杯,12,3,3,丸野勝虎,2000,不,504,+11,0
ムーンファースト,4,0.00,水沢,ダービーグランプリ,12,12,8,吉原寛人,2000,稍,493,+2,0
ムーンファースト,4,0.00,佐賀,西日本ダービー,9,9,3,吉原寛人,2000,良,491,+3,1
ムーンファースト,4,0.00,金沢,サンケイスポーツ杯石,8,4,2,栗原大河,1700,良,488,-2,1
ムーンファースト,4,0.00,金沢,サラブレッド大賞典,12,11,3,栗原大河,2000,良,490,+4,0
ムーンファースト,4,0.00,金沢,C12,9,1,1,栗原大河,1400,良,486,+3,1
ムーンファースト,4,0.00,金沢,MRO金賞[G1ステ,12,1,9,栗原大河,1900,良,483,-3,1
ムーンファースト,4,0.00,金沢,どいやさ祭特別,9,9,2,栗原大河,1400,良,486,+1,1
ムーンファースト,4,0.00,金沢,3歳A　2,9,1,1,栗原大河,1500,重,485,-2,1
ムーンファースト,4,0.00,金沢,3歳A　2,5,4,1,栗原大河,1400,良,487,+2,1
ムーンファースト,4,0.00,金沢,3歳B　二走2,6,2,1,栗原大河,1400,良,485,+5,1
ムーンファースト,4,0.00,金沢,3歳A　3,9,1,2,栗原大河,1500,良,480,+8,1
ムーンファースト,4,0.00,金沢,3歳B　2,10,6,1,栗原大河,1500,良,472,+3,1
ムーンファースト,4,0.00,金沢,3歳B　1,10,7,1,栗原大河,1500,良,469,-1,1
ムーンファースト,4,0.00,金沢,3歳B　二走3,6,2,1,栗原大河,1400,良,470,+10,1
ムーンファースト,4,0.00,金沢,3歳B　6,9,1,3,栗原大河,1400,良,460,0,1
ムーンフォース,3,0.00,2中山6,3歳未勝利,16,10,12,江田照男,1800,稍,502,0,0
ムーンフォース,3,0.00,2中山2,3歳新馬,16,6,11,江田照男,1200,良,502,0,0
ムーンマジェスティ,6,0.00,4東京3,3歳上500万下,18,17,15,木幡初也,1400,良,430,0,0
ムーンマジェスティ,6,0.00,2新潟8,3歳上500万下,13,2,9,木幡育也,1800,良,430,0,0
ムーンマジェスティ,6,0.00,3東京3,3歳上500万下,18,9,14,横山武史,1400,良,430,-2,0
ムーンマジェスティ,6,0.00,2東京11,4歳上500万下,15,6,9,野中悠太,1600,良,432,+2,0
ムーンマジェスティ,6,0.00,2東京7,4歳上500万下,18,16,10,野中悠太,1400,重,430,-4,1
ムーンマジェスティ,6,0.00,3中山6,4歳上500万下,14,9,9,吉田豊,1600,重,434,+2,0
ムーンマジェスティ,6,0.00,2中山8,4歳上500万下,15,16,11,内田博幸,1600,良,432,-6,0
ムーンマジェスティ,6,0.00,1東京7,4歳上500万下,16,15,8,井上敏樹,1800,良,438,+8,0
ムーンマジェスティ,6,0.00,5東京3,3歳上500万下,17,5,13,野中悠太,1600,稍,430,+8,0
ムーンマジェスティ,6,0.00,4東京7,3歳上500万下,16,4,12,井上敏樹,1600,良,422,+4,0
ムーンマジェスティ,6,0.00,4東京3,3歳上500万下,18,11,8,井上敏樹,1600,良,418,-4,0
ムーンマジェスティ,6,0.00,2福島5,郡山特別(500万下),13,9,5,吉田豊,1200,良,422,0,0
ムーンマジェスティ,6,0.00,3東京6,3歳上500万下,16,16,2,木幡巧也,1600,良,422,0,0
ムーンマジェスティ,6,0.00,2東京11,4歳上500万下,18,6,6,井上敏樹,1600,良,422,+4,1
ムーンマジェスティ,6,0.00,2東京8,4歳上500万下,18,13,1,吉田豊,1400,良,418,0,0
ムーンマジェスティ,6,0.00,2東京3,4歳上500万下,13,8,4,吉田豊,1600,良,418,-10,0
ムーンマジェスティ,6,0.00,4中京4,3歳上500万下,16,11,1,丸田恭介,1600,稍,428,+4,0
ムーンマジェスティ,6,0.00,5東京8,3歳上500万下,18,12,5,浜中俊,1600,良,424,+10,1
ムーンマジェスティ,6,0.00,3福島1,二本松特別(500万下),16,16,6,丸田恭介,1800,良,414,-2,0
ムーンマジェスティ,6,0.00,4東京4,3歳上500万下,18,5,5,吉田豊,1600,稍,416,0,1
ムーンマジェスティ,6,0.00,4中山5,3歳上500万下,15,5,5,吉田豊,1800,良,416,+4,0
ムーンマジェスティ,6,0.00,2新潟7,村上特別(500万下),15,4,5,内田博幸,1600,良,412,-4,0
ムーンマジェスティ,6,0.00,2東京6,3歳500万下,10,7,5,勝浦正樹,1600,良,416,+6,0
ムーンマジェスティ,6,0.00,2東京2,3歳500万下,9,9,3,吉田豊,1600,良,410,-8,1
ムーンマジェスティ,6,0.00,3中山4,3歳500万下,12,9,3,勝浦正樹,1600,良,418,-6,1
ムーンマジェスティ,6,0.00,2中山5,3歳500万下,12,4,10,石橋脩,2000,良,424,-4,0
ムーンマジェスティ,6,0.00,1東京7,3歳500万下,16,5,4,石橋脩,1600,良,428,0,0
ムーンマジェスティ,6,0.00,1中山8,若竹賞(500万下),11,7,9,石橋脩,1800,良,428,+8,0
ムーンマジェスティ,6,0.00,3福島5,2歳未勝利,16,2,2,勝浦正樹,1800,良,420,-2,1
ムーンマジェスティ,6,0.00,4東京3,2歳未勝利,18,7,5,勝浦正樹,1600,良,422,0,1
ムーンマジェスティ,6,0.00,3新潟1,2歳未勝利,18,18,3,戸崎圭太,2000,良,422,+4,0
ムーンマジェスティ,6,0.00,2新潟5,2歳新馬,18,18,6,内田博幸,1400,重,418,0,0
ムーンライズ,13,0.00,大井,C3一　二,14,5,12,赤嶺亮,1500,不,451,+4,0
ムーンライズ,13,0.00,船橋,C3一,11,7,11,赤嶺亮,1500,不,447,-5,0
ムーンライズ,13,0.00,大井,C3一　二,14,1,13,赤嶺亮,1400,良,452,-1,0
ムーンライズ,13,0.00,大井,C3一　二,10,9,10,赤嶺亮,1600,良,453,-1,0
ムーンライズ,13,0.00,大井,C3一　二,14,10,14,赤嶺亮,1500,不,454,0,0
ムーンライズ,13,0.00,大井,C3一　二,11,8,11,赤嶺亮,1600,良,454,-2,0
ムーンライズ,13,0.00,大井,C2　C3　選抜牝馬,14,5,11,赤嶺亮,1200,良,456,+3,0
ムーンライズ,13,0.00,大井,C3一　二,14,8,13,赤嶺亮,1400,良,453,0,0
ムーンライズ,13,0.00,大井,C3三　四,14,4,11,赤嶺亮,1400,不,453,0,0
ムーンライズ,13,0.00,大井,C3三　四,14,10,14,今野忠成,1200,良,453,-1,0
ムーンライズ,13,0.00,大井,C2九　十,13,10,11,今野忠成,1400,不,454,+1,0
ムーンライズ,13,0.00,大井,C212　13,9,5,9,矢野貴之,1600,良,453,+2,0
ムーンライズ,13,0.00,大井,C213　14,12,9,9,矢野貴之,1500,良,451,+1,0
ムーンライズ,13,0.00,大井,C211　12,8,3,8,矢野貴之,1600,重,450,0,0
ムーンライズ,13,0.00,大井,C212　13,12,8,9,矢野貴之,1200,良,450,-6,0
ムーンライズ,13,0.00,大井,C2十　1112,14,2,8,桑島孝春,1600,良,456,+1,0
ムーンライズ,13,0.00,大井,C2十　11,14,11,7,桑島孝春,1400,良,455,+2,0
ムーンライズ,13,0.00,大井,C2八　九,11,9,11,柏木健宏,1500,稍,453,-5,0
ムーンライズ,13,0.00,大井,C2十　11,13,12,9,柏木健宏,1500,良,458,+6,0
ムーンライズ,13,0.00,大井,C212　13,10,4,8,柏木健宏,1600,良,452,+2,1
ムーンライズ,13,0.00,大井,C212　13,11,3,8,柏木健宏,1500,不,450,+3,0
ムーンライズ,13,0.00,大井,3歳,9,7,7,繁田健一,1600,稍,447,-4,0
ムーンライズ,13,0.00,大井,3歳,12,10,10,柏木健宏,1400,重,451,+1,0
ムーンライズ,13,0.00,大井,3歳,14,5,9,柏木健宏,1600,良,450,-2,0
ムーンライズ,13,0.00,大井,3歳,11,11,7,柏木健宏,1500,良,452,+1,1
ムーンライズ,13,0.00,大井,3歳,14,1,4,戸崎圭太,1400,不,451,-9,0
ムーンライズ,13,0.00,大井,3歳,11,10,2,戸崎圭太,1400,重,460,+2,0
ムーンライズ,13,0.00,大井,3歳,14,5,5,戸崎圭太,1400,不,458,-1,1
ムーンライズ,13,0.00,大井,3歳　選抜牝馬,11,5,8,山田信大,1200,不,459,-2,0
ムーンライズ,13,0.00,大井,3歳　選抜牝馬,9,5,3,戸崎圭太,1200,良,461,+9,0
ムーンライズ,13,0.00,大井,3歳,11,2,7,高野毅,1400,重,452,-10,0
ムーンライズ,13,0.00,大井,3歳,12,9,12,高野毅,1400,不,462,+4,1
ムーンライズ,13,0.00,大井,3歳,13,9,10,高野毅,1400,良,458,-12,0
ムーンライズ,13,0.00,大井,2歳　選抜牝馬,13,7,8,高野毅,1200,良,470,+10,0
ムーンライズ,13,0.00,大井,2歳　新馬(新馬),11,4,8,高野毅,1200,良,460,0,0
ムーンライトクーラ,3,0.00,1小倉4,3歳未勝利,18,12,13,松若風馬,1200,良,402,+2,0
ムーンライトクーラ,3,0.00,4京都8,2歳未勝利,12,1,9,松若風馬,1400,稍,400,+2,0
ムーンライトクーラ,3,0.00,4京都3,2歳新馬,16,10,9,幸英明,1600,良,398,0,0
ムーンライトナイト,3,3.00,1中山4,3歳未勝利,16,10,4,森泰斗,2000,良,438,+8,1
ムーンライトナイト,3,3.00,4東京9,2歳未勝利,13,1,4,福永祐一,1600,不,430,-10,0
ムーンライトナイト,3,3.00,4中山8,2歳新馬,15,7,2,吉田隼人,1600,良,440,0,0
ムーンライトハニー,5,0.00,川崎,木の実賞,12,10,1,今野忠成,1500,稍,473,+2,1
ムーンライトハニー,5,0.00,川崎,「かわさき餃子みそ」,12,8,1,今野忠成,1400,稍,471,+2,1
ムーンライトハニー,5,0.00,川崎,県営電気ユーシンブル,9,5,4,今野忠成,1500,良,469,+2,1
ムーンライトハニー,5,0.00,川崎,C1四,9,7,3,今野忠成,1500,稍,467,+10,0
ムーンライトハニー,5,0.00,川崎,湘南江の島海の女王杯,14,2,4,今野忠成,1600,良,457,+3,1
ムーンライトハニー,5,0.00,川崎,C1八,12,4,4,今野忠成,1400,稍,454,-2,1
ムーンライトハニー,5,0.00,浦和,ダイヤモンド特別,10,4,5,今野忠成,1600,稍,456,-2,0
ムーンライトハニー,5,0.00,川崎,チューリップ賞,11,6,4,今野忠成,1400,良,458,-7,0
ムーンライトハニー,5,0.00,川崎,陽春特別,11,8,3,今野忠成,1500,稍,465,-3,0
ムーンライトハニー,5,0.00,川崎,サルビアC,12,11,6,今野忠成,2000,稍,468,-4,0
ムーンライトハニー,5,0.00,川崎,3歳2　イ,9,9,2,今野忠成,1500,稍,472,-6,1
ムーンライトハニー,5,0.00,川崎,3歳3,11,6,2,今野忠成,1500,不,478,-4,1
ムーンライトハニー,5,0.00,川崎,3歳4　イ,10,7,1,今野忠成,1500,良,482,+1,1
ムーンライトハニー,5,0.00,川崎,キャンパスチャレンジ,10,4,2,今野忠成,1400,良,481,-3,1
ムーンライトハニー,5,0.00,川崎,3歳9,8,5,6,今野忠成,1400,重,484,+2,1
ムーンライトハニー,5,0.00,川崎,3歳10,8,2,2,今野忠成,1400,不,482,0,0
ムーンライトレディ,30,0.00,2札幌4,4歳上500万下,8,8,8,田所清広,1000,良,420,0,1
ムーンライトレディ,30,0.00,2札幌1,礼文特別(500万下),13,2,10,田所清広,1200,良,420,0,0
ムーンライトレディ,30,0.00,1札幌6,小樽特別(500万下),8,3,8,田所清広,1200,良,420,0,0
ムーンライトレディ,30,0.00,1札幌1,4歳上500万下,11,10,6,田所清広,1000,良,420,+4,0
ムーンライトレディ,30,0.00,2京都1,寒桜賞(500万下),11,11,4,田所清広,1200,稍,416,-6,1
ムーンライトレディ,30,0.00,1京都4,4歳未勝利,14,2,6,田所清広,1200,良,422,-8,1
ムーンライトレディ,30,0.00,3京都3,3歳新馬,12,2,7,田所清広,1200,稍,430,0,0
ムーンレイカー,3,3.00,1阪神8,3歳未勝利,11,6,1,池添謙一,1800,良,472,0,1
ムーンレイカー,3,3.00,2京都8,3歳未勝利,13,13,1,池添謙一,2000,良,472,+2,1
ムーンレイカー,3,3.00,1中京6,3歳未勝利,18,15,1,丸山元気,2000,良,470,+6,1
ムーンレイカー,3,3.00,1京都3,3歳未勝利,16,15,1,池添謙一,2000,稍,464,-6,1
ムーンレイカー,3,3.00,5阪神5,2歳未勝利,13,3,1,池添謙一,1800,良,470,-2,1
ムーンレイカー,3,3.00,4京都4,2歳未勝利,10,9,1,池添謙一,2000,良,472,-2,1
ムーンレイカー,3,3.00,4阪神6,2歳未勝利,10,2,2,池添謙一,1800,良,474,+2,1
ムーンレイカー,3,3.00,4阪神2,2歳新馬,8,3,2,池添謙一,2000,良,472,0,1
ムーンロック,4,0.00,笠松,サラ系C28組,9,3,9,森島貴之,1400,良,451,-3,0
ムーンロック,4,0.00,笠松,サラ系C24組,9,5,7,大原浩司,1400,重,454,+3,0
ムーンロック,4,0.00,笠松,サラ系C28組,8,1,6,渡辺竜也,1400,良,451,-6,0
ムーンロック,4,0.00,笠松,サラ系3歳10組,10,5,9,渡辺竜也,1400,重,457,+1,0
ムーンロック,4,0.00,笠松,サラ系3歳12組,9,8,9,渡辺竜也,1400,良,456,+4,0
ムーンロック,4,0.00,笠松,サラ系3歳13組,8,2,8,渡辺竜也,1400,重,452,+8,0
ムーンロック,4,0.00,名古屋,サラ3歳13組,8,4,8,加藤利征,1400,重,444,-4,0
ムーンロック,4,0.00,名古屋,サラ3歳12組,8,1,7,加藤利征,1400,良,448,+4,0
ムーンロック,4,0.00,名古屋,サラ3歳12組,7,2,7,加藤利征,1400,稍,444,+5,0
ムーンロック,4,0.00,名古屋,サラ3歳12組,9,8,9,加藤利征,1400,稍,439,+1,0
ムーンロック,4,0.00,名古屋,サラ3歳11組,8,6,8,加藤利征,800,良,438,-3,0
ムーンロック,4,0.00,名古屋,サラ3歳11組,8,5,7,加藤利征,1400,稍,441,-8,0
ムーンロック,4,0.00,名古屋,サラ3歳11組,9,3,8,加藤利征,1400,稍,449,-3,0
ムーンロック,4,0.00,名古屋,サラ3歳10組,9,2,9,加藤利征,1400,稍,452,+1,0
ムーンロック,4,0.00,名古屋,サラ3歳10組,8,2,8,加藤利征,1400,重,451,-6,0
ムーンロック,4,0.00,名古屋,サラ3歳9組,9,2,7,加藤利征,1400,良,457,0,0
ムーンロック,4,0.00,名古屋,故グレン・ドーマン博,8,1,8,加藤利征,1400,良,457,+1,0
ムーンロック,4,0.00,名古屋,サラ3歳7組,8,8,6,村上弘樹,1400,稍,456,-4,0
ムーンロック,4,0.00,名古屋,サラ3歳9組,8,4,8,加藤利征,1400,稍,460,-4,0
ムーンロック,4,0.00,名古屋,サラ3歳8組,8,7,8,加藤利征,1400,重,464,+1,0
ムーンロック,4,0.00,名古屋,ぽぽぽぽーんぽんず生,8,2,5,加藤利征,800,良,463,-1,0
ムーンロック,4,0.00,名古屋,サラ3歳8組,9,1,5,加藤利征,1400,稍,464,0,0
ムーンロック,4,0.00,佐賀,3歳ー7組,9,8,7,川島拓,1300,不,464,+5,0
ムーンロック,4,0.00,佐賀,3歳ー6組,8,2,7,川島拓,1300,重,459,-2,0
ムーンロック,4,0.00,佐賀,3歳ー6組,8,1,3,川島拓,1300,不,461,+1,0
ムーンロック,4,0.00,佐賀,2歳ー5組,7,5,4,南谷圭哉,1300,不,460,+12,0
ムーンロック,4,0.00,3福島2,2歳未勝利,15,9,7,津村明秀,1150,良,448,0,0
ムーンロック,4,0.00,4中山1,2歳未勝利,16,6,12,丹内祐次,1600,良,448,-2,0
ムーンロック,4,0.00,2新潟6,2歳新馬,17,13,8,柴田大知,1600,良,450,0,0
